WorkId,WorkTransType,WorkStatus,WorkCreatedDateTime,LineNum,WorkType,LineStatus,Location,Item,Color,Size_,SKU,WorkQty,ForecastSlotTier,PutawayPickZone,CubiscanToActive,ForecastModifiedDateTime
WK0039149440,7,4,2026-06-10 19:01:14,1.0,1,4,CubeOUT,85056,73J,85,85056-73J-85,50.0,,,,
WK0039149439,7,4,2026-06-10 19:00:28,1.0,1,4,CubeOUT,85042,74K,85,85042-74K-85,37.0,BAPXB,0.0,0.0,2026-06-01 21:18:03
WK0039149436,7,4,2026-06-10 18:59:41,1.0,1,4,CubeOUT,85042,74K,75,85042-74K-75,37.0,BAPIA,0.0,0.0,2026-06-01 21:18:03
WK0039149434,7,4,2026-06-10 18:58:54,1.0,1,4,CubeOUT,85056,73J,70,85056-73J-70,60.0,,,,
WK0039149431,7,4,2026-06-10 18:58:07,1.0,1,4,CubeOUT,85056,73J,80,85056-73J-80,21.0,,,,
WK0039149426,7,4,2026-06-10 18:57:12,1.0,1,4,CubeOUT,85056,73J,50,85056-73J-50,38.0,,,,
WK0039149415,7,4,2026-06-10 18:56:03,1.0,1,4,CubeOUT,85056,73J,75,85056-73J-75,48.0,,,,
WK0039149412,7,4,2026-06-10 18:55:34,1.0,1,4,CubeOUT,85056,73J,90,85056-73J-90,38.0,,,,
WK0039149406,7,4,2026-06-10 18:54:40,1.0,1,4,CubeOUT,85042,74K,80,85042-74K-80,40.0,BAPXA,0.0,0.0,2026-06-01 21:18:03
WK0039149400,7,4,2026-06-10 18:54:06,1.0,1,4,CubeOUT,85056,73J,60,85056-73J-60,32.0,,,,
WK0039149398,7,4,2026-06-10 18:53:21,1.0,1,4,CubeOUT,85042,74K,60,85042-74K-60,50.0,BAPIB,0.0,0.0,2026-06-01 21:18:03
WK0039149392,7,4,2026-06-10 18:52:34,1.0,1,4,CubeOUT,85048,6KR,75,85048-6KR-75,29.0,BAPIB,0.0,0.0,2026-06-01 21:18:03
WK0039149385,7,4,2026-06-10 18:51:41,1.0,1,4,CubeOUT,85042,74K,50,85042-74K-50,29.0,BAPIC,0.0,0.0,2026-06-01 21:18:02
WK0039149378,7,4,2026-06-10 18:51:05,1.0,1,4,CubeOUT,85048,6PD,110,85048-6PD-110,24.0,BAPSC,0.0,0.0,2026-05-28 17:46:19
WK0039149376,7,4,2026-06-10 18:50:37,1.0,1,4,CubeOUT,85042,74K,90,85042-74K-90,32.0,BAPXB,0.0,0.0,2026-06-01 21:18:03
WK0039149374,7,4,2026-06-10 18:50:04,1.0,1,4,CubeOUT,85048,6KR,85,85048-6KR-85,34.0,BAPXB,0.0,0.0,2026-06-01 21:18:03
WK0039149371,7,4,2026-06-10 18:49:35,1.0,1,4,CubeOUT,85048,6KR,90,85048-6KR-90,30.0,BAPXB,0.0,0.0,2026-06-01 21:18:03
WK0039149368,7,4,2026-06-10 18:48:52,1.0,1,4,CubeOUT,85048,6KR,100,85048-6KR-100,24.0,BAPSC,0.0,0.0,2026-05-28 17:46:19
WK0039149363,7,4,2026-06-10 18:48:02,1.0,1,4,CubeOUT,85048,6KR,80,85048-6KR-80,36.0,BAPXB,0.0,0.0,2026-06-01 21:18:03
WK0039149357,7,4,2026-06-10 18:46:58,1.0,1,4,CubeOUT,85042,74K,70,85042-74K-70,44.0,BAPIA,0.0,0.0,2026-06-01 21:18:03
WK0039138477,7,4,2026-06-09 19:31:11,1.0,1,4,CubeOUT,84712,6IE,150,84712-6IE-150,61.0,CSLLA,0.0,0.0,2026-06-01 21:17:13
WK0039138476,7,4,2026-06-09 19:30:24,1.0,1,4,CubeOUT,85082,6ID,140,85082-6ID-140,165.0,COLLC,0.0,0.0,2026-06-01 21:18:07
WK0039138475,7,4,2026-06-09 19:29:52,1.0,1,4,CubeOUT,85082,6IE,130,85082-6IE-130,167.0,COLMB,0.0,0.0,2026-06-01 21:18:07
WK0039138474,7,4,2026-06-09 19:29:36,1.0,1,4,CubeOUT,84721,6IE,140,84721-6IE-140,110.0,COLLB,0.0,0.0,2026-06-01 21:17:15
WK0039138473,7,4,2026-06-09 19:28:13,1.0,1,4,CubeOUT,84669,6IE,120,84669-6IE-120,10.0,COLMAA,0.0,0.0,2026-06-01 21:17:10
WK0039138472,7,4,2026-06-09 19:28:01,1.0,1,4,CubeOUT,84669,6IE,85,84669-6IE-85,26.0,COLXA,0.0,0.0,2026-06-01 21:17:10
WK0039138471,7,4,2026-06-09 19:27:46,1.0,1,4,CubeOUT,84721,6IE,130,84721-6IE-130,38.0,COLMA,0.0,0.0,2026-06-01 21:17:15
WK0039138470,7,4,2026-06-09 19:27:33,1.0,1,4,CubeOUT,84669,6ID,140,84669-6ID-140,13.0,COLLB,0.0,0.0,2026-06-01 21:17:10
WK0039138468,7,4,2026-06-09 19:27:19,1.0,1,4,CubeOUT,84669,6IE,110,84669-6IE-110,11.0,COLSAA,0.0,0.0,2026-06-01 21:17:10
WK0039138467,7,4,2026-06-09 19:27:06,1.0,1,4,CubeOUT,84721,6ID,120,84721-6ID-120,50.0,COLMAA,0.0,0.0,2026-06-01 21:17:15
WK0039138466,7,4,2026-06-09 19:26:55,1.0,1,4,CubeOUT,84712,6IE,90,84712-6IE-90,5.0,CSLXB,0.0,0.0,2026-06-01 21:17:13
WK0039138465,7,4,2026-06-09 19:26:46,1.0,1,4,CubeOUT,84669,6IE,150,84669-6IE-150,9.0,COLLA,0.0,0.0,2026-06-01 21:17:10
WK0039138464,7,4,2026-06-09 19:26:23,1.0,1,4,CubeOUT,84721,6ID,85,84721-6ID-85,90.0,COLXB,0.0,0.0,2026-06-01 21:17:15
WK0039138463,7,4,2026-06-09 19:26:12,1.0,1,4,CubeOUT,84669,6ID,130,84669-6ID-130,28.0,COLMA,0.0,0.0,2026-06-01 21:17:10
WK0039138462,7,4,2026-06-09 19:25:51,1.0,1,4,CubeOUT,84712,6IE,100,84712-6IE-100,31.0,CSLSA,0.0,0.0,2026-06-01 21:17:13
WK0039138461,7,4,2026-06-09 19:25:42,1.0,1,4,CubeOUT,84712,6ID,130,84712-6ID-130,22.0,CSLMA,0.0,0.0,2026-06-01 21:17:13
WK0039138460,7,4,2026-06-09 19:25:24,1.0,1,4,CubeOUT,84721,6ID,110,84721-6ID-110,78.0,COLSAA,0.0,0.0,2026-06-01 21:17:14
WK0039138459,7,4,2026-06-09 19:25:10,1.0,1,4,CubeOUT,84721,6IE,90,84721-6IE-90,54.0,COLXB,0.0,0.0,2026-06-01 21:17:15
WK0039138458,7,4,2026-06-09 19:24:54,1.0,1,4,CubeOUT,84712,6IE,140,84712-6IE-140,22.0,CSLLA,0.0,0.0,2026-06-01 21:17:13
WK0039138457,7,4,2026-06-09 19:24:33,1.0,1,4,CubeOUT,85082,6IE,90,85082-6IE-90,84.0,COLXB,0.0,0.0,2026-06-01 21:18:07
WK0039138456,7,4,2026-06-09 19:24:20,1.0,1,4,CubeOUT,85082,6ID,85,85082-6ID-85,49.0,COLXC,0.0,0.0,2026-06-01 21:18:07
WK0039138455,7,4,2026-06-09 19:24:07,1.0,1,4,CubeOUT,84669,6IE,90,84669-6IE-90,53.0,COLXA,0.0,0.0,2026-06-01 21:17:10
WK0039138454,7,4,2026-06-09 19:23:50,1.0,1,4,CubeOUT,84712,6IE,120,84712-6IE-120,41.0,CSLMA,0.0,0.0,2026-06-01 21:17:13
WK0039138452,7,4,2026-06-09 19:23:33,1.0,1,4,CubeOUT,84721,6ID,150,84721-6ID-150,54.0,COLLC,0.0,0.0,2026-06-01 21:17:15
WK0039138451,7,4,2026-06-09 19:23:23,1.0,1,4,CubeOUT,84669,6IE,100,84669-6IE-100,22.0,COLSAA,0.0,0.0,2026-06-01 21:17:10
WK0039138450,7,4,2026-06-09 19:22:54,1.0,1,4,CubeOUT,84721,6IE,100,84721-6IE-100,93.0,COLSA,0.0,0.0,2026-06-01 21:17:14
WK0039138449,7,4,2026-06-09 19:22:44,1.0,1,4,CubeOUT,85082,6IE,120,85082-6IE-120,94.0,COLMA,0.0,0.0,2026-06-01 21:18:07
WK0039138448,7,4,2026-06-09 19:22:13,1.0,1,4,CubeOUT,85082,6IE,150,85082-6IE-150,25.0,COLLC,0.0,0.0,2026-06-01 21:18:07
WK0039138447,7,4,2026-06-09 19:21:57,1.0,1,4,CubeOUT,85082,6IE,100,85082-6IE-100,63.0,COLSA,0.0,0.0,2026-06-01 21:18:07
WK0039138446,7,4,2026-06-09 19:21:39,1.0,1,4,CubeOUT,85082,6IE,110,85082-6IE-110,127.0,COLSA,0.0,0.0,2026-06-01 21:18:07
WK0039138445,7,4,2026-06-09 19:21:27,1.0,1,4,CubeOUT,84712,6IE,110,84712-6IE-110,30.0,CSLSA,0.0,0.0,2026-06-01 21:17:13
WK0039138444,7,4,2026-06-09 19:21:10,1.0,1,4,CubeOUT,84712,6IE,85,84712-6IE-85,9.0,CSLXC,0.0,0.0,2026-06-01 21:17:13
WK0039137974,7,4,2026-06-09 17:20:34,1.0,1,4,CubeOUT,84728,7TC,M/L,84728-7TC-M/L,38.0,,,,
WK0039137973,7,4,2026-06-09 17:19:16,1.0,1,4,CubeOUT,84728,7TC,XS/S,84728-7TC-XS/S,38.0,,,,
WK0039137881,1,4,2026-06-09 16:36:33,2.0,2,4,CubeIN,84728,7TC,M/L,84728-7TC-M/L,38.0,,,,
WK0039137881,1,4,2026-06-09 16:36:33,3.0,1,4,CubeIN,84728,7TC,M/L,84728-7TC-M/L,38.0,,,,
WK0039137881,1,4,2026-06-09 16:36:33,5.0,2,4,CubeOUT,84728,7TC,M/L,84728-7TC-M/L,38.0,,,,
WK0039137312,1,4,2026-06-09 16:32:32,2.0,2,4,CubeIN,84728,7TC,XS/S,84728-7TC-XS/S,38.0,,,,
WK0039137312,1,4,2026-06-09 16:32:32,3.0,1,4,CubeIN,84728,7TC,XS/S,84728-7TC-XS/S,38.0,,,,
WK0039137312,1,4,2026-06-09 16:32:32,5.0,2,4,CubeOUT,84728,7TC,XS/S,84728-7TC-XS/S,38.0,,,,
WK0039137238,1,4,2026-06-09 15:23:59,2.0,2,4,CubeIN,85048,6KR,90,85048-6KR-90,30.0,BAPXB,0.0,0.0,2026-06-01 21:18:03
WK0039137238,1,4,2026-06-09 15:23:59,3.0,1,4,CubeIN,85048,6KR,90,85048-6KR-90,30.0,BAPXB,0.0,0.0,2026-06-01 21:18:03
WK0039137238,1,4,2026-06-09 15:23:59,5.0,2,4,CubeOUT,85048,6KR,90,85048-6KR-90,30.0,BAPXB,0.0,0.0,2026-06-01 21:18:03
WK0039137237,1,4,2026-06-09 15:23:55,2.0,2,4,CubeIN,85048,6KR,85,85048-6KR-85,34.0,BAPXB,0.0,0.0,2026-06-01 21:18:03
WK0039137237,1,4,2026-06-09 15:23:55,3.0,1,4,CubeIN,85048,6KR,85,85048-6KR-85,34.0,BAPXB,0.0,0.0,2026-06-01 21:18:03
WK0039137237,1,4,2026-06-09 15:23:55,5.0,2,4,CubeOUT,85048,6KR,85,85048-6KR-85,34.0,BAPXB,0.0,0.0,2026-06-01 21:18:03
WK0039137234,1,4,2026-06-09 15:23:44,2.0,2,4,CubeIN,85048,6KR,75,85048-6KR-75,29.0,BAPIB,0.0,0.0,2026-06-01 21:18:03
WK0039137234,1,4,2026-06-09 15:23:44,3.0,1,4,CubeIN,85048,6KR,75,85048-6KR-75,29.0,BAPIB,0.0,0.0,2026-06-01 21:18:03
WK0039137234,1,4,2026-06-09 15:23:44,5.0,2,4,CubeOUT,85048,6KR,75,85048-6KR-75,29.0,BAPIB,0.0,0.0,2026-06-01 21:18:03
WK0039137223,1,4,2026-06-09 15:19:32,2.0,2,4,CubeIN,85048,6PD,110,85048-6PD-110,24.0,BAPSC,0.0,0.0,2026-05-28 17:46:19
WK0039137223,1,4,2026-06-09 15:19:32,3.0,1,4,CubeIN,85048,6PD,110,85048-6PD-110,24.0,BAPSC,0.0,0.0,2026-05-28 17:46:19
WK0039137223,1,4,2026-06-09 15:19:32,5.0,2,4,CubeOUT,85048,6PD,110,85048-6PD-110,24.0,BAPSC,0.0,0.0,2026-05-28 17:46:19
WK0039137221,1,4,2026-06-09 15:19:17,2.0,2,4,CubeIN,85048,6KR,100,85048-6KR-100,24.0,BAPSC,0.0,0.0,2026-05-28 17:46:19
WK0039137221,1,4,2026-06-09 15:19:17,3.0,1,4,CubeIN,85048,6KR,100,85048-6KR-100,24.0,BAPSC,0.0,0.0,2026-05-28 17:46:19
WK0039137221,1,4,2026-06-09 15:19:17,5.0,2,4,CubeOUT,85048,6KR,100,85048-6KR-100,24.0,BAPSC,0.0,0.0,2026-05-28 17:46:19
WK0039137216,1,4,2026-06-09 15:18:56,2.0,2,4,CubeIN,85048,6KR,80,85048-6KR-80,36.0,BAPXB,0.0,0.0,2026-06-01 21:18:03
WK0039137216,1,4,2026-06-09 15:18:56,3.0,1,4,CubeIN,85048,6KR,80,85048-6KR-80,36.0,BAPXB,0.0,0.0,2026-06-01 21:18:03
WK0039137216,1,4,2026-06-09 15:18:56,5.0,2,4,CubeOUT,85048,6KR,80,85048-6KR-80,36.0,BAPXB,0.0,0.0,2026-06-01 21:18:03
WK0039136956,1,4,2026-06-09 15:05:39,2.0,2,4,CubeIN,85042,74K,60,85042-74K-60,50.0,BAPIB,0.0,0.0,2026-06-01 21:18:03
WK0039136956,1,4,2026-06-09 15:05:39,3.0,1,4,CubeIN,85042,74K,60,85042-74K-60,50.0,BAPIB,0.0,0.0,2026-06-01 21:18:03
WK0039136956,1,4,2026-06-09 15:05:39,5.0,2,4,CubeOUT,85042,74K,60,85042-74K-60,50.0,BAPIB,0.0,0.0,2026-06-01 21:18:03
WK0039136947,1,4,2026-06-09 15:01:56,2.0,2,4,CubeIN,85042,74K,75,85042-74K-75,37.0,BAPIA,0.0,0.0,2026-06-01 21:18:03
WK0039136947,1,4,2026-06-09 15:01:56,3.0,1,4,CubeIN,85042,74K,75,85042-74K-75,37.0,BAPIA,0.0,0.0,2026-06-01 21:18:03
WK0039136947,1,4,2026-06-09 15:01:56,5.0,2,4,CubeOUT,85042,74K,75,85042-74K-75,37.0,BAPIA,0.0,0.0,2026-06-01 21:18:03
WK0039136945,1,4,2026-06-09 15:01:47,2.0,2,4,CubeIN,85042,74K,50,85042-74K-50,29.0,BAPIC,0.0,0.0,2026-06-01 21:18:02
WK0039136945,1,4,2026-06-09 15:01:47,3.0,1,4,CubeIN,85042,74K,50,85042-74K-50,29.0,BAPIC,0.0,0.0,2026-06-01 21:18:02
WK0039136945,1,4,2026-06-09 15:01:47,5.0,2,4,CubeOUT,85042,74K,50,85042-74K-50,29.0,BAPIC,0.0,0.0,2026-06-01 21:18:02
WK0039136944,1,4,2026-06-09 15:01:39,2.0,2,4,CubeIN,85042,74K,85,85042-74K-85,37.0,BAPXB,0.0,0.0,2026-06-01 21:18:03
WK0039136944,1,4,2026-06-09 15:01:39,3.0,1,4,CubeIN,85042,74K,85,85042-74K-85,37.0,BAPXB,0.0,0.0,2026-06-01 21:18:03
WK0039136944,1,4,2026-06-09 15:01:39,5.0,2,4,CubeOUT,85042,74K,85,85042-74K-85,37.0,BAPXB,0.0,0.0,2026-06-01 21:18:03
WK0039136941,1,4,2026-06-09 15:01:24,2.0,2,4,CubeIN,85042,74K,70,85042-74K-70,44.0,BAPIA,0.0,0.0,2026-06-01 21:18:03
WK0039136941,1,4,2026-06-09 15:01:24,3.0,1,4,CubeIN,85042,74K,70,85042-74K-70,44.0,BAPIA,0.0,0.0,2026-06-01 21:18:03
WK0039136941,1,4,2026-06-09 15:01:24,5.0,2,4,CubeOUT,85042,74K,70,85042-74K-70,44.0,BAPIA,0.0,0.0,2026-06-01 21:18:03
WK0039136938,1,4,2026-06-09 15:01:08,2.0,2,4,CubeIN,85042,74K,90,85042-74K-90,32.0,BAPXB,0.0,0.0,2026-06-01 21:18:03
WK0039136938,1,4,2026-06-09 15:01:08,3.0,1,4,CubeIN,85042,74K,90,85042-74K-90,32.0,BAPXB,0.0,0.0,2026-06-01 21:18:03
WK0039136938,1,4,2026-06-09 15:01:08,5.0,2,4,CubeOUT,85042,74K,90,85042-74K-90,32.0,BAPXB,0.0,0.0,2026-06-01 21:18:03
WK0039136937,1,4,2026-06-09 15:01:05,2.0,2,4,CubeIN,85042,74K,80,85042-74K-80,40.0,BAPXA,0.0,0.0,2026-06-01 21:18:03
WK0039136937,1,4,2026-06-09 15:01:05,3.0,1,4,CubeIN,85042,74K,80,85042-74K-80,40.0,BAPXA,0.0,0.0,2026-06-01 21:18:03
WK0039136937,1,4,2026-06-09 15:01:05,5.0,2,4,CubeOUT,85042,74K,80,85042-74K-80,40.0,BAPXA,0.0,0.0,2026-06-01 21:18:03
WK0039136932,1,4,2026-06-09 14:54:17,2.0,2,4,CubeIN,85056,73J,90,85056-73J-90,38.0,,,,
WK0039136932,1,4,2026-06-09 14:54:17,3.0,1,4,CubeIN,85056,73J,90,85056-73J-90,38.0,,,,
WK0039136932,1,4,2026-06-09 14:54:17,5.0,2,4,CubeOUT,85056,73J,90,85056-73J-90,38.0,,,,
WK0039136930,1,4,2026-06-09 14:54:03,2.0,2,4,CubeIN,85056,73J,70,85056-73J-70,60.0,,,,
WK0039136930,1,4,2026-06-09 14:54:03,3.0,1,4,CubeIN,85056,73J,70,85056-73J-70,60.0,,,,
WK0039136930,1,4,2026-06-09 14:54:03,5.0,2,4,CubeOUT,85056,73J,70,85056-73J-70,60.0,,,,
WK0039136927,1,4,2026-06-09 14:53:35,2.0,2,4,CubeIN,85056,73J,85,85056-73J-85,50.0,,,,
WK0039136927,1,4,2026-06-09 14:53:35,3.0,1,4,CubeIN,85056,73J,85,85056-73J-85,50.0,,,,
WK0039136927,1,4,2026-06-09 14:53:35,5.0,2,4,CubeOUT,85056,73J,85,85056-73J-85,50.0,,,,
WK0039136924,1,4,2026-06-09 14:51:56,2.0,2,4,CubeIN,85056,73J,50,85056-73J-50,38.0,,,,
WK0039136924,1,4,2026-06-09 14:51:56,3.0,1,4,CubeIN,85056,73J,50,85056-73J-50,38.0,,,,
WK0039136924,1,4,2026-06-09 14:51:56,5.0,2,4,CubeOUT,85056,73J,50,85056-73J-50,38.0,,,,
WK0039136923,1,4,2026-06-09 14:51:49,2.0,2,4,CubeIN,85056,73J,75,85056-73J-75,48.0,,,,
WK0039136923,1,4,2026-06-09 14:51:49,3.0,1,4,CubeIN,85056,73J,75,85056-73J-75,48.0,,,,
WK0039136923,1,4,2026-06-09 14:51:49,5.0,2,4,CubeOUT,85056,73J,75,85056-73J-75,48.0,,,,
WK0039136922,1,4,2026-06-09 14:51:43,2.0,2,4,CubeIN,85056,73J,60,85056-73J-60,32.0,,,,
WK0039136922,1,4,2026-06-09 14:51:43,3.0,1,4,CubeIN,85056,73J,60,85056-73J-60,32.0,,,,
WK0039136922,1,4,2026-06-09 14:51:43,5.0,2,4,CubeOUT,85056,73J,60,85056-73J-60,32.0,,,,
WK0039136921,1,4,2026-06-09 14:51:33,2.0,2,4,CubeIN,85056,73J,80,85056-73J-80,21.0,,,,
WK0039136921,1,4,2026-06-09 14:51:33,3.0,1,4,CubeIN,85056,73J,80,85056-73J-80,21.0,,,,
WK0039136921,1,4,2026-06-09 14:51:33,5.0,2,4,CubeOUT,85056,73J,80,85056-73J-80,21.0,,,,
WK0039129386,1,4,2026-06-08 17:42:37,2.0,2,4,CubeIN,84712,6IE,150,84712-6IE-150,61.0,CSLLA,0.0,0.0,2026-06-01 21:17:13
WK0039129386,1,4,2026-06-08 17:42:37,3.0,1,4,CubeIN,84712,6IE,150,84712-6IE-150,61.0,CSLLA,0.0,0.0,2026-06-01 21:17:13
WK0039129386,1,4,2026-06-08 17:42:37,5.0,2,4,CubeOUT,84712,6IE,150,84712-6IE-150,61.0,CSLLA,0.0,0.0,2026-06-01 21:17:13
WK0039128784,1,4,2026-06-08 17:00:37,2.0,2,4,CubeIN,85082,6IE,130,85082-6IE-130,167.0,COLMB,0.0,0.0,2026-06-01 21:18:07
WK0039128784,1,4,2026-06-08 17:00:37,3.0,1,4,CubeIN,85082,6IE,130,85082-6IE-130,167.0,COLMB,0.0,0.0,2026-06-01 21:18:07
WK0039128784,1,4,2026-06-08 17:00:37,5.0,2,4,CubeOUT,85082,6IE,130,85082-6IE-130,167.0,COLMB,0.0,0.0,2026-06-01 21:18:07
WK0039128602,1,4,2026-06-08 16:49:27,2.0,2,4,CubeIN,84721,6IE,140,84721-6IE-140,110.0,COLLB,0.0,0.0,2026-06-01 21:17:15
WK0039128602,1,4,2026-06-08 16:49:27,3.0,1,4,CubeIN,84721,6IE,140,84721-6IE-140,110.0,COLLB,0.0,0.0,2026-06-01 21:17:15
WK0039128602,1,4,2026-06-08 16:49:27,5.0,2,4,CubeOUT,84721,6IE,140,84721-6IE-140,110.0,COLLB,0.0,0.0,2026-06-01 21:17:15
WK0039128527,1,4,2026-06-08 16:40:15,2.0,2,4,CubeIN,84669,6IE,120,84669-6IE-120,10.0,COLMAA,0.0,0.0,2026-06-01 21:17:10
WK0039128527,1,4,2026-06-08 16:40:15,3.0,1,4,CubeIN,84669,6IE,120,84669-6IE-120,10.0,COLMAA,0.0,0.0,2026-06-01 21:17:10
WK0039128527,1,4,2026-06-08 16:40:15,5.0,2,4,CubeOUT,84669,6IE,120,84669-6IE-120,10.0,COLMAA,0.0,0.0,2026-06-01 21:17:10
WK0039128500,1,4,2026-06-08 16:37:25,2.0,2,4,CubeIN,84669,6IE,150,84669-6IE-150,9.0,COLLA,0.0,0.0,2026-06-01 21:17:10
WK0039128500,1,4,2026-06-08 16:37:25,3.0,1,4,CubeIN,84669,6IE,150,84669-6IE-150,9.0,COLLA,0.0,0.0,2026-06-01 21:17:10
WK0039128500,1,4,2026-06-08 16:37:25,5.0,2,4,CubeOUT,84669,6IE,150,84669-6IE-150,9.0,COLLA,0.0,0.0,2026-06-01 21:17:10
WK0039128497,1,4,2026-06-08 16:37:13,2.0,2,4,CubeIN,84712,6IE,90,84712-6IE-90,5.0,CSLXB,0.0,0.0,2026-06-01 21:17:13
WK0039128497,1,4,2026-06-08 16:37:13,3.0,1,4,CubeIN,84712,6IE,90,84712-6IE-90,5.0,CSLXB,0.0,0.0,2026-06-01 21:17:13
WK0039128497,1,4,2026-06-08 16:37:13,5.0,2,4,CubeOUT,84712,6IE,90,84712-6IE-90,5.0,CSLXB,0.0,0.0,2026-06-01 21:17:13
WK0039128464,1,4,2026-06-08 16:36:54,2.0,2,4,CubeIN,84669,6IE,110,84669-6IE-110,11.0,COLSAA,0.0,0.0,2026-06-01 21:17:10
WK0039128464,1,4,2026-06-08 16:36:54,3.0,1,4,CubeIN,84669,6IE,110,84669-6IE-110,11.0,COLSAA,0.0,0.0,2026-06-01 21:17:10
WK0039128464,1,4,2026-06-08 16:36:54,5.0,2,4,CubeOUT,84669,6IE,110,84669-6IE-110,11.0,COLSAA,0.0,0.0,2026-06-01 21:17:10
WK0039128455,1,4,2026-06-08 16:36:10,2.0,2,4,CubeIN,85082,6ID,140,85082-6ID-140,165.0,COLLC,0.0,0.0,2026-06-01 21:18:07
WK0039128455,1,4,2026-06-08 16:36:10,3.0,1,4,CubeIN,85082,6ID,140,85082-6ID-140,165.0,COLLC,0.0,0.0,2026-06-01 21:18:07
WK0039128455,1,4,2026-06-08 16:36:10,5.0,2,4,CubeOUT,85082,6ID,140,85082-6ID-140,165.0,COLLC,0.0,0.0,2026-06-01 21:18:07
WK0039128449,1,4,2026-06-08 16:35:11,2.0,2,4,CubeIN,84669,6IE,85,84669-6IE-85,26.0,COLXA,0.0,0.0,2026-06-01 21:17:10
WK0039128449,1,4,2026-06-08 16:35:11,3.0,1,4,CubeIN,84669,6IE,85,84669-6IE-85,26.0,COLXA,0.0,0.0,2026-06-01 21:17:10
WK0039128449,1,4,2026-06-08 16:35:11,5.0,2,4,CubeOUT,84669,6IE,85,84669-6IE-85,26.0,COLXA,0.0,0.0,2026-06-01 21:17:10
WK0039128432,1,4,2026-06-08 16:34:50,2.0,2,4,CubeIN,84721,6IE,130,84721-6IE-130,38.0,COLMA,0.0,0.0,2026-06-01 21:17:15
WK0039128432,1,4,2026-06-08 16:34:50,3.0,1,4,CubeIN,84721,6IE,130,84721-6IE-130,38.0,COLMA,0.0,0.0,2026-06-01 21:17:15
WK0039128432,1,4,2026-06-08 16:34:50,5.0,2,4,CubeOUT,84721,6IE,130,84721-6IE-130,38.0,COLMA,0.0,0.0,2026-06-01 21:17:15
WK0039128280,1,4,2026-06-08 16:34:24,2.0,2,4,CubeIN,84669,6ID,130,84669-6ID-130,28.0,COLMA,0.0,0.0,2026-06-01 21:17:10
WK0039128280,1,4,2026-06-08 16:34:24,3.0,1,4,CubeIN,84669,6ID,130,84669-6ID-130,28.0,COLMA,0.0,0.0,2026-06-01 21:17:10
WK0039128280,1,4,2026-06-08 16:34:24,5.0,2,4,CubeOUT,84669,6ID,130,84669-6ID-130,28.0,COLMA,0.0,0.0,2026-06-01 21:17:10
WK0039128278,1,4,2026-06-08 16:34:02,2.0,2,4,CubeIN,84712,6IE,140,84712-6IE-140,22.0,CSLLA,0.0,0.0,2026-06-01 21:17:13
WK0039128278,1,4,2026-06-08 16:34:02,3.0,1,4,CubeIN,84712,6IE,140,84712-6IE-140,22.0,CSLLA,0.0,0.0,2026-06-01 21:17:13
WK0039128278,1,4,2026-06-08 16:34:02,5.0,2,4,CubeOUT,84712,6IE,140,84712-6IE-140,22.0,CSLLA,0.0,0.0,2026-06-01 21:17:13
WK0039128208,1,4,2026-06-08 16:33:50,2.0,2,4,CubeIN,84669,6ID,140,84669-6ID-140,13.0,COLLB,0.0,0.0,2026-06-01 21:17:10
WK0039128208,1,4,2026-06-08 16:33:50,3.0,1,4,CubeIN,84669,6ID,140,84669-6ID-140,13.0,COLLB,0.0,0.0,2026-06-01 21:17:10
WK0039128208,1,4,2026-06-08 16:33:50,5.0,2,4,CubeOUT,84669,6ID,140,84669-6ID-140,13.0,COLLB,0.0,0.0,2026-06-01 21:17:10
WK0039125831,1,4,2026-06-08 15:57:35,2.0,2,4,CubeIN,84721,6ID,120,84721-6ID-120,50.0,COLMAA,0.0,0.0,2026-06-01 21:17:15
WK0039125831,1,4,2026-06-08 15:57:35,3.0,1,4,CubeIN,84721,6ID,120,84721-6ID-120,50.0,COLMAA,0.0,0.0,2026-06-01 21:17:15
WK0039125831,1,4,2026-06-08 15:57:35,5.0,2,4,CubeOUT,84721,6ID,120,84721-6ID-120,50.0,COLMAA,0.0,0.0,2026-06-01 21:17:15
WK0039125829,1,4,2026-06-08 15:57:16,2.0,2,4,CubeIN,85082,6IE,120,85082-6IE-120,94.0,COLMA,0.0,0.0,2026-06-01 21:18:07
WK0039125829,1,4,2026-06-08 15:57:16,3.0,1,4,CubeIN,85082,6IE,120,85082-6IE-120,94.0,COLMA,0.0,0.0,2026-06-01 21:18:07
WK0039125829,1,4,2026-06-08 15:57:16,5.0,2,4,CubeOUT,85082,6IE,120,85082-6IE-120,94.0,COLMA,0.0,0.0,2026-06-01 21:18:07
WK0039125827,1,4,2026-06-08 15:56:57,2.0,2,4,CubeIN,84721,6IE,100,84721-6IE-100,93.0,COLSA,0.0,0.0,2026-06-01 21:17:14
WK0039125827,1,4,2026-06-08 15:56:57,3.0,1,4,CubeIN,84721,6IE,100,84721-6IE-100,93.0,COLSA,0.0,0.0,2026-06-01 21:17:14
WK0039125827,1,4,2026-06-08 15:56:57,5.0,2,4,CubeOUT,84721,6IE,100,84721-6IE-100,93.0,COLSA,0.0,0.0,2026-06-01 21:17:14
WK0039125824,1,4,2026-06-08 15:56:30,2.0,2,4,CubeIN,84721,6ID,110,84721-6ID-110,78.0,COLSAA,0.0,0.0,2026-06-01 21:17:14
WK0039125824,1,4,2026-06-08 15:56:30,3.0,1,4,CubeIN,84721,6ID,110,84721-6ID-110,78.0,COLSAA,0.0,0.0,2026-06-01 21:17:14
WK0039125824,1,4,2026-06-08 15:56:30,5.0,2,4,CubeOUT,84721,6ID,110,84721-6ID-110,78.0,COLSAA,0.0,0.0,2026-06-01 21:17:14
WK0039125822,1,4,2026-06-08 15:56:11,2.0,2,4,CubeIN,85082,6ID,85,85082-6ID-85,49.0,COLXC,0.0,0.0,2026-06-01 21:18:07
WK0039125822,1,4,2026-06-08 15:56:11,3.0,1,4,CubeIN,85082,6ID,85,85082-6ID-85,49.0,COLXC,0.0,0.0,2026-06-01 21:18:07
WK0039125822,1,4,2026-06-08 15:56:11,5.0,2,4,CubeOUT,85082,6ID,85,85082-6ID-85,49.0,COLXC,0.0,0.0,2026-06-01 21:18:07
WK0039125818,1,4,2026-06-08 15:55:33,2.0,2,4,CubeIN,85082,6IE,90,85082-6IE-90,84.0,COLXB,0.0,0.0,2026-06-01 21:18:07
WK0039125818,1,4,2026-06-08 15:55:33,3.0,1,4,CubeIN,85082,6IE,90,85082-6IE-90,84.0,COLXB,0.0,0.0,2026-06-01 21:18:07
WK0039125818,1,4,2026-06-08 15:55:33,5.0,2,4,CubeOUT,85082,6IE,90,85082-6IE-90,84.0,COLXB,0.0,0.0,2026-06-01 21:18:07
WK0039125812,1,4,2026-06-08 15:55:17,2.0,2,4,CubeIN,84721,6ID,85,84721-6ID-85,90.0,COLXB,0.0,0.0,2026-06-01 21:17:15
WK0039125812,1,4,2026-06-08 15:55:17,3.0,1,4,CubeIN,84721,6ID,85,84721-6ID-85,90.0,COLXB,0.0,0.0,2026-06-01 21:17:15
WK0039125812,1,4,2026-06-08 15:55:17,5.0,2,4,CubeOUT,84721,6ID,85,84721-6ID-85,90.0,COLXB,0.0,0.0,2026-06-01 21:17:15
WK0039125811,1,4,2026-06-08 15:55:10,2.0,2,4,CubeIN,84721,6ID,150,84721-6ID-150,54.0,COLLC,0.0,0.0,2026-06-01 21:17:15
WK0039125811,1,4,2026-06-08 15:55:10,3.0,1,4,CubeIN,84721,6ID,150,84721-6ID-150,54.0,COLLC,0.0,0.0,2026-06-01 21:17:15
WK0039125811,1,4,2026-06-08 15:55:10,5.0,2,4,CubeOUT,84721,6ID,150,84721-6ID-150,54.0,COLLC,0.0,0.0,2026-06-01 21:17:15
WK0039125810,1,4,2026-06-08 15:55:02,2.0,2,4,CubeIN,85082,6IE,110,85082-6IE-110,127.0,COLSA,0.0,0.0,2026-06-01 21:18:07
WK0039125810,1,4,2026-06-08 15:55:02,3.0,1,4,CubeIN,85082,6IE,110,85082-6IE-110,127.0,COLSA,0.0,0.0,2026-06-01 21:18:07
WK0039125810,1,4,2026-06-08 15:55:02,5.0,2,4,CubeOUT,85082,6IE,110,85082-6IE-110,127.0,COLSA,0.0,0.0,2026-06-01 21:18:07
WK0039125809,1,4,2026-06-08 15:54:52,2.0,2,4,CubeIN,84721,6IE,90,84721-6IE-90,54.0,COLXB,0.0,0.0,2026-06-01 21:17:15
WK0039125809,1,4,2026-06-08 15:54:52,3.0,1,4,CubeIN,84721,6IE,90,84721-6IE-90,54.0,COLXB,0.0,0.0,2026-06-01 21:17:15
WK0039125809,1,4,2026-06-08 15:54:52,5.0,2,4,CubeOUT,84721,6IE,90,84721-6IE-90,54.0,COLXB,0.0,0.0,2026-06-01 21:17:15
WK0039125804,1,4,2026-06-08 15:54:45,2.0,2,4,CubeIN,84669,6IE,90,84669-6IE-90,53.0,COLXA,0.0,0.0,2026-06-01 21:17:10
WK0039125804,1,4,2026-06-08 15:54:45,3.0,1,4,CubeIN,84669,6IE,90,84669-6IE-90,53.0,COLXA,0.0,0.0,2026-06-01 21:17:10
WK0039125804,1,4,2026-06-08 15:54:45,5.0,2,4,CubeOUT,84669,6IE,90,84669-6IE-90,53.0,COLXA,0.0,0.0,2026-06-01 21:17:10
WK0039125803,1,4,2026-06-08 15:54:37,2.0,2,4,CubeIN,84712,6IE,120,84712-6IE-120,41.0,CSLMA,0.0,0.0,2026-06-01 21:17:13
WK0039125803,1,4,2026-06-08 15:54:37,3.0,1,4,CubeIN,84712,6IE,120,84712-6IE-120,41.0,CSLMA,0.0,0.0,2026-06-01 21:17:13
WK0039125803,1,4,2026-06-08 15:54:37,5.0,2,4,CubeOUT,84712,6IE,120,84712-6IE-120,41.0,CSLMA,0.0,0.0,2026-06-01 21:17:13
WK0039125802,1,4,2026-06-08 15:54:28,2.0,2,4,CubeIN,85082,6IE,150,85082-6IE-150,25.0,COLLC,0.0,0.0,2026-06-01 21:18:07
WK0039125802,1,4,2026-06-08 15:54:28,3.0,1,4,CubeIN,85082,6IE,150,85082-6IE-150,25.0,COLLC,0.0,0.0,2026-06-01 21:18:07
WK0039125802,1,4,2026-06-08 15:54:28,5.0,2,4,CubeOUT,85082,6IE,150,85082-6IE-150,25.0,COLLC,0.0,0.0,2026-06-01 21:18:07
WK0039125801,1,4,2026-06-08 15:54:16,2.0,2,4,CubeIN,84712,6IE,100,84712-6IE-100,31.0,CSLSA,0.0,0.0,2026-06-01 21:17:13
WK0039125801,1,4,2026-06-08 15:54:16,3.0,1,4,CubeIN,84712,6IE,100,84712-6IE-100,31.0,CSLSA,0.0,0.0,2026-06-01 21:17:13
WK0039125801,1,4,2026-06-08 15:54:16,5.0,2,4,CubeOUT,84712,6IE,100,84712-6IE-100,31.0,CSLSA,0.0,0.0,2026-06-01 21:17:13
WK0039125799,1,4,2026-06-08 15:51:40,2.0,2,4,CubeIN,84712,6IE,85,84712-6IE-85,9.0,CSLXC,0.0,0.0,2026-06-01 21:17:13
WK0039125799,1,4,2026-06-08 15:51:40,3.0,1,4,CubeIN,84712,6IE,85,84712-6IE-85,9.0,CSLXC,0.0,0.0,2026-06-01 21:17:13
WK0039125799,1,4,2026-06-08 15:51:40,5.0,2,4,CubeOUT,84712,6IE,85,84712-6IE-85,9.0,CSLXC,0.0,0.0,2026-06-01 21:17:13
WK0039125798,1,4,2026-06-08 15:51:31,2.0,2,4,CubeIN,84669,6IE,100,84669-6IE-100,22.0,COLSAA,0.0,0.0,2026-06-01 21:17:10
WK0039125798,1,4,2026-06-08 15:51:31,3.0,1,4,CubeIN,84669,6IE,100,84669-6IE-100,22.0,COLSAA,0.0,0.0,2026-06-01 21:17:10
WK0039125798,1,4,2026-06-08 15:51:31,5.0,2,4,CubeOUT,84669,6IE,100,84669-6IE-100,22.0,COLSAA,0.0,0.0,2026-06-01 21:17:10
WK0039125797,1,4,2026-06-08 15:51:20,2.0,2,4,CubeIN,84712,6IE,110,84712-6IE-110,30.0,CSLSA,0.0,0.0,2026-06-01 21:17:13
WK0039125797,1,4,2026-06-08 15:51:20,3.0,1,4,CubeIN,84712,6IE,110,84712-6IE-110,30.0,CSLSA,0.0,0.0,2026-06-01 21:17:13
WK0039125797,1,4,2026-06-08 15:51:20,5.0,2,4,CubeOUT,84712,6IE,110,84712-6IE-110,30.0,CSLSA,0.0,0.0,2026-06-01 21:17:13
WK0039125780,1,4,2026-06-08 15:51:11,2.0,2,4,CubeIN,85082,6IE,100,85082-6IE-100,63.0,COLSA,0.0,0.0,2026-06-01 21:18:07
WK0039125780,1,4,2026-06-08 15:51:11,3.0,1,4,CubeIN,85082,6IE,100,85082-6IE-100,63.0,COLSA,0.0,0.0,2026-06-01 21:18:07
WK0039125780,1,4,2026-06-08 15:51:11,5.0,2,4,CubeOUT,85082,6IE,100,85082-6IE-100,63.0,COLSA,0.0,0.0,2026-06-01 21:18:07
WK0039125779,1,4,2026-06-08 15:49:51,2.0,2,4,CubeIN,84712,6ID,130,84712-6ID-130,22.0,CSLMA,0.0,0.0,2026-06-01 21:17:13
WK0039125779,1,4,2026-06-08 15:49:51,3.0,1,4,CubeIN,84712,6ID,130,84712-6ID-130,22.0,CSLMA,0.0,0.0,2026-06-01 21:17:13
WK0039125779,1,4,2026-06-08 15:49:51,5.0,2,4,CubeOUT,84712,6ID,130,84712-6ID-130,22.0,CSLMA,0.0,0.0,2026-06-01 21:17:13
WK0039117127,7,4,2026-06-07 19:26:30,1.0,1,4,CubeOUT,81951,6RU,90,81951-6RU-90,33.0,GIRXA,0.0,0.0,2026-06-01 21:13:10
WK0039117126,7,4,2026-06-07 19:26:13,1.0,1,4,CubeOUT,85043,3KK,75,85043-3KK-75,45.0,,,,
WK0039117125,7,4,2026-06-07 19:26:00,1.0,1,4,CubeOUT,81951,6RU,150,81951-6RU-150,18.0,GIRLA,0.0,0.0,2026-06-01 21:13:10
WK0039117123,7,4,2026-06-07 19:25:38,1.0,1,4,CubeOUT,81951,6RU,85,81951-6RU-85,39.0,GIRXB,0.0,0.0,2026-06-01 21:13:10
WK0039117122,7,4,2026-06-07 19:25:23,1.0,1,4,CubeOUT,81951,6RU,120,81951-6RU-120,26.0,GIRMAA,0.0,0.0,2026-06-01 21:13:10
WK0039117121,7,4,2026-06-07 19:25:09,1.0,1,4,CubeOUT,85043,3KK,85,85043-3KK-85,30.0,,,,
WK0039117118,7,4,2026-06-07 19:24:56,1.0,1,4,CubeOUT,85043,3KK,50,85043-3KK-50,53.0,,,,
WK0039117116,7,4,2026-06-07 19:24:40,1.0,1,4,CubeOUT,81951,6RU,100,81951-6RU-100,33.0,GIRSA,0.0,0.0,2026-06-01 21:13:10
WK0039117115,7,4,2026-06-07 19:24:23,1.0,1,4,CubeOUT,81951,6RU,130,81951-6RU-130,24.0,GIRMAA,0.0,0.0,2026-06-01 21:13:10
WK0039117114,7,4,2026-06-07 19:24:09,1.0,1,4,CubeOUT,85043,3KK,60,85043-3KK-60,45.0,,,,
WK0039117113,7,4,2026-06-07 19:23:52,1.0,1,4,CubeOUT,85043,3KK,80,85043-3KK-80,45.0,,,,
WK0039117112,7,4,2026-06-07 19:23:38,1.0,1,4,CubeOUT,85043,3KK,90,85043-3KK-90,12.0,,,,
WK0039117110,7,4,2026-06-07 19:23:28,1.0,1,4,CubeOUT,85043,3KK,90,85043-3KK-90,12.0,,,,
WK0039117110,7,4,2026-06-07 19:23:28,2.0,2,4,CubeOUT,85043,3KK,90,85043-3KK-90,12.0,,,,
WK0039117109,7,4,2026-06-07 19:23:13,1.0,1,4,CubeOUT,85043,3KK,70,85043-3KK-70,13.0,,,,
WK0039108759,1,4,2026-06-06 14:09:18,2.0,2,4,CubeIN,85043,3KK,60,85043-3KK-60,45.0,,,,
WK0039108759,1,4,2026-06-06 14:09:18,3.0,1,4,CubeIN,85043,3KK,60,85043-3KK-60,45.0,,,,
WK0039108759,1,4,2026-06-06 14:09:18,5.0,2,4,CubeOUT,85043,3KK,60,85043-3KK-60,45.0,,,,
WK0039108755,1,4,2026-06-06 14:06:45,2.0,2,4,CubeIN,85043,3KK,85,85043-3KK-85,30.0,,,,
WK0039108755,1,4,2026-06-06 14:06:45,3.0,1,4,CubeIN,85043,3KK,85,85043-3KK-85,30.0,,,,
WK0039108755,1,4,2026-06-06 14:06:45,5.0,2,4,CubeOUT,85043,3KK,85,85043-3KK-85,30.0,,,,
WK0039108727,1,4,2026-06-06 14:06:09,2.0,2,4,CubeIN,85043,3KK,50,85043-3KK-50,53.0,,,,
WK0039108727,1,4,2026-06-06 14:06:09,3.0,1,4,CubeIN,85043,3KK,50,85043-3KK-50,53.0,,,,
WK0039108727,1,4,2026-06-06 14:06:09,5.0,2,4,CubeOUT,85043,3KK,50,85043-3KK-50,53.0,,,,
WK0039108726,1,4,2026-06-06 14:05:58,2.0,2,4,CubeIN,85043,3KK,75,85043-3KK-75,45.0,,,,
WK0039108726,1,4,2026-06-06 14:05:58,3.0,1,4,CubeIN,85043,3KK,75,85043-3KK-75,45.0,,,,
WK0039108726,1,4,2026-06-06 14:05:58,5.0,2,4,CubeOUT,85043,3KK,75,85043-3KK-75,45.0,,,,
WK0039108719,1,4,2026-06-06 14:04:44,2.0,2,4,CubeIN,85043,3KK,80,85043-3KK-80,45.0,,,,
WK0039108719,1,4,2026-06-06 14:04:44,3.0,1,4,CubeIN,85043,3KK,80,85043-3KK-80,45.0,,,,
WK0039108719,1,4,2026-06-06 14:04:44,5.0,2,4,CubeOUT,85043,3KK,80,85043-3KK-80,45.0,,,,
WK0039108718,1,4,2026-06-06 14:04:32,2.0,2,4,CubeIN,85043,3KK,90,85043-3KK-90,12.0,,,,
WK0039108718,1,4,2026-06-06 14:04:32,3.0,1,4,CubeIN,85043,3KK,90,85043-3KK-90,12.0,,,,
WK0039108718,1,4,2026-06-06 14:04:32,5.0,2,4,CubeOUT,85043,3KK,90,85043-3KK-90,12.0,,,,
WK0039108717,1,4,2026-06-06 14:04:23,2.0,2,4,CubeIN,85043,3KK,70,85043-3KK-70,13.0,,,,
WK0039108717,1,4,2026-06-06 14:04:23,3.0,1,4,CubeIN,85043,3KK,70,85043-3KK-70,13.0,,,,
WK0039108717,1,4,2026-06-06 14:04:23,5.0,2,4,CubeOUT,85043,3KK,70,85043-3KK-70,13.0,,,,
WK0039103434,1,4,2026-06-05 13:21:47,2.0,2,4,CubeIN,81951,6RU,90,81951-6RU-90,33.0,GIRXA,0.0,0.0,2026-06-01 21:13:10
WK0039103434,1,4,2026-06-05 13:21:47,3.0,1,4,CubeIN,81951,6RU,90,81951-6RU-90,33.0,GIRXA,0.0,0.0,2026-06-01 21:13:10
WK0039103434,1,4,2026-06-05 13:21:47,5.0,2,4,CubeOUT,81951,6RU,90,81951-6RU-90,33.0,GIRXA,0.0,0.0,2026-06-01 21:13:10
WK0039103427,1,4,2026-06-05 13:20:56,2.0,2,4,CubeIN,81951,6RU,150,81951-6RU-150,18.0,GIRLA,0.0,0.0,2026-06-01 21:13:10
WK0039103427,1,4,2026-06-05 13:20:56,3.0,1,4,CubeIN,81951,6RU,150,81951-6RU-150,18.0,GIRLA,0.0,0.0,2026-06-01 21:13:10
WK0039103427,1,4,2026-06-05 13:20:56,5.0,2,4,CubeOUT,81951,6RU,150,81951-6RU-150,18.0,GIRLA,0.0,0.0,2026-06-01 21:13:10
WK0039103422,1,4,2026-06-05 13:20:27,2.0,2,4,CubeIN,81951,6RU,120,81951-6RU-120,26.0,GIRMAA,0.0,0.0,2026-06-01 21:13:10
WK0039103422,1,4,2026-06-05 13:20:27,3.0,1,4,CubeIN,81951,6RU,120,81951-6RU-120,26.0,GIRMAA,0.0,0.0,2026-06-01 21:13:10
WK0039103422,1,4,2026-06-05 13:20:27,5.0,2,4,CubeOUT,81951,6RU,120,81951-6RU-120,26.0,GIRMAA,0.0,0.0,2026-06-01 21:13:10
WK0039103413,1,4,2026-06-05 13:15:19,2.0,2,4,CubeIN,81951,6RU,85,81951-6RU-85,39.0,GIRXB,0.0,0.0,2026-06-01 21:13:10
WK0039103413,1,4,2026-06-05 13:15:19,3.0,1,4,CubeIN,81951,6RU,85,81951-6RU-85,39.0,GIRXB,0.0,0.0,2026-06-01 21:13:10
WK0039103413,1,4,2026-06-05 13:15:19,5.0,2,4,CubeOUT,81951,6RU,85,81951-6RU-85,39.0,GIRXB,0.0,0.0,2026-06-01 21:13:10
WK0039103408,1,4,2026-06-05 13:14:44,2.0,2,4,CubeIN,81951,6RU,130,81951-6RU-130,24.0,GIRMAA,0.0,0.0,2026-06-01 21:13:10
WK0039103408,1,4,2026-06-05 13:14:44,3.0,1,4,CubeIN,81951,6RU,130,81951-6RU-130,24.0,GIRMAA,0.0,0.0,2026-06-01 21:13:10
WK0039103408,1,4,2026-06-05 13:14:44,5.0,2,4,CubeOUT,81951,6RU,130,81951-6RU-130,24.0,GIRMAA,0.0,0.0,2026-06-01 21:13:10
WK0039103396,1,4,2026-06-05 13:13:28,2.0,2,4,CubeIN,81951,6RU,100,81951-6RU-100,33.0,GIRSA,0.0,0.0,2026-06-01 21:13:10
WK0039103396,1,4,2026-06-05 13:13:28,3.0,1,4,CubeIN,81951,6RU,100,81951-6RU-100,33.0,GIRSA,0.0,0.0,2026-06-01 21:13:10
WK0039103396,1,4,2026-06-05 13:13:28,5.0,2,4,CubeOUT,81951,6RU,100,81951-6RU-100,33.0,GIRSA,0.0,0.0,2026-06-01 21:13:10
WK0039097949,7,4,2026-06-04 18:27:51,1.0,1,4,CubeOUT,84907,6KU,150,84907-6KU-150,27.0,GIRLC,0.0,0.0,2026-06-01 21:17:47
WK0039097943,7,4,2026-06-04 18:27:24,1.0,1,4,CubeOUT,84907,6KU,120,84907-6KU-120,34.0,GIRMB,0.0,0.0,2026-06-01 21:17:47
WK0039097941,7,4,2026-06-04 18:26:50,1.0,1,4,CubeOUT,84907,6KU,85,84907-6KU-85,19.0,GIRXC,0.0,0.0,2026-06-01 21:17:47
WK0039097876,7,4,2026-06-04 18:26:23,1.0,1,4,CubeOUT,84907,6KU,110,84907-6KU-110,35.0,GIRSB,0.0,0.0,2026-06-01 21:17:47
WK0039097875,7,4,2026-06-04 18:26:00,1.0,1,4,CubeOUT,84907,6KU,100,84907-6KU-100,36.0,GIRSB,0.0,0.0,2026-06-01 21:17:47
WK0039097874,7,4,2026-06-04 18:25:37,1.0,1,4,CubeOUT,84907,6KU,90,84907-6KU-90,36.0,GIRXB,0.0,0.0,2026-06-01 21:17:47
WK0039097873,7,4,2026-06-04 18:25:08,1.0,1,4,CubeOUT,84907,6KU,130,84907-6KU-130,19.0,GIRMB,0.0,0.0,2026-06-01 21:17:47
WK0039097871,7,4,2026-06-04 18:24:32,1.0,1,4,CubeOUT,84907,6KU,140,84907-6KU-140,17.0,GIRLB,0.0,0.0,2026-06-01 21:17:47
WK0039096876,1,4,2026-06-04 16:15:59,2.0,2,4,CubeIN,84907,6KU,150,84907-6KU-150,27.0,GIRLC,0.0,0.0,2026-06-01 21:17:47
WK0039096876,1,4,2026-06-04 16:15:59,3.0,1,4,CubeIN,84907,6KU,150,84907-6KU-150,27.0,GIRLC,0.0,0.0,2026-06-01 21:17:47
WK0039096876,1,4,2026-06-04 16:15:59,5.0,2,4,CubeOUT,84907,6KU,150,84907-6KU-150,27.0,GIRLC,0.0,0.0,2026-06-01 21:17:47
WK0039096873,1,4,2026-06-04 16:15:15,2.0,2,4,CubeIN,84907,6KU,130,84907-6KU-130,19.0,GIRMB,0.0,0.0,2026-06-01 21:17:47
WK0039096873,1,4,2026-06-04 16:15:15,3.0,1,4,CubeIN,84907,6KU,130,84907-6KU-130,19.0,GIRMB,0.0,0.0,2026-06-01 21:17:47
WK0039096873,1,4,2026-06-04 16:15:15,5.0,2,4,CubeOUT,84907,6KU,130,84907-6KU-130,19.0,GIRMB,0.0,0.0,2026-06-01 21:17:47
WK0039096869,1,4,2026-06-04 16:14:41,2.0,2,4,CubeIN,84907,6KU,120,84907-6KU-120,34.0,GIRMB,0.0,0.0,2026-06-01 21:17:47
WK0039096869,1,4,2026-06-04 16:14:41,3.0,1,4,CubeIN,84907,6KU,120,84907-6KU-120,34.0,GIRMB,0.0,0.0,2026-06-01 21:17:47
WK0039096869,1,4,2026-06-04 16:14:41,5.0,2,4,CubeOUT,84907,6KU,120,84907-6KU-120,34.0,GIRMB,0.0,0.0,2026-06-01 21:17:47
WK0039096865,1,4,2026-06-04 16:12:35,2.0,2,4,CubeIN,84907,6KU,140,84907-6KU-140,17.0,GIRLB,0.0,0.0,2026-06-01 21:17:47
WK0039096865,1,4,2026-06-04 16:12:35,3.0,1,4,CubeIN,84907,6KU,140,84907-6KU-140,17.0,GIRLB,0.0,0.0,2026-06-01 21:17:47
WK0039096865,1,4,2026-06-04 16:12:35,5.0,2,4,CubeOUT,84907,6KU,140,84907-6KU-140,17.0,GIRLB,0.0,0.0,2026-06-01 21:17:47
WK0039096864,1,4,2026-06-04 16:12:27,2.0,2,4,CubeIN,84907,6KU,85,84907-6KU-85,19.0,GIRXC,0.0,0.0,2026-06-01 21:17:47
WK0039096864,1,4,2026-06-04 16:12:27,3.0,1,4,CubeIN,84907,6KU,85,84907-6KU-85,19.0,GIRXC,0.0,0.0,2026-06-01 21:17:47
WK0039096864,1,4,2026-06-04 16:12:27,5.0,2,4,CubeOUT,84907,6KU,85,84907-6KU-85,19.0,GIRXC,0.0,0.0,2026-06-01 21:17:47
WK0039096863,1,4,2026-06-04 16:12:10,2.0,2,4,CubeIN,84907,6KU,110,84907-6KU-110,35.0,GIRSB,0.0,0.0,2026-06-01 21:17:47
WK0039096863,1,4,2026-06-04 16:12:10,3.0,1,4,CubeIN,84907,6KU,110,84907-6KU-110,35.0,GIRSB,0.0,0.0,2026-06-01 21:17:47
WK0039096863,1,4,2026-06-04 16:12:10,5.0,2,4,CubeOUT,84907,6KU,110,84907-6KU-110,35.0,GIRSB,0.0,0.0,2026-06-01 21:17:47
WK0039096861,1,4,2026-06-04 16:11:51,2.0,2,4,CubeIN,84907,6KU,90,84907-6KU-90,36.0,GIRXB,0.0,0.0,2026-06-01 21:17:47
WK0039096861,1,4,2026-06-04 16:11:51,3.0,1,4,CubeIN,84907,6KU,90,84907-6KU-90,36.0,GIRXB,0.0,0.0,2026-06-01 21:17:47
WK0039096861,1,4,2026-06-04 16:11:51,5.0,2,4,CubeOUT,84907,6KU,90,84907-6KU-90,36.0,GIRXB,0.0,0.0,2026-06-01 21:17:47
WK0039096859,1,4,2026-06-04 16:11:33,2.0,2,4,CubeIN,84907,6KU,100,84907-6KU-100,36.0,GIRSB,0.0,0.0,2026-06-01 21:17:47
WK0039096859,1,4,2026-06-04 16:11:33,3.0,1,4,CubeIN,84907,6KU,100,84907-6KU-100,36.0,GIRSB,0.0,0.0,2026-06-01 21:17:47
WK0039096859,1,4,2026-06-04 16:11:33,5.0,2,4,CubeOUT,84907,6KU,100,84907-6KU-100,36.0,GIRSB,0.0,0.0,2026-06-01 21:17:47
