SKU,FD1ToFD14Units,ML14DayForecastUnits,Recent14DayUnits,SelectedByMLThreshold,RecentFallbackWeight
84433-68I-120,554,553.5725608217185,258.31324298271,True,0.0
84433-68I-130,492,491.9639504240739,228.74877870340853,True,0.0
81644-1SA-90,386,386.415261130811,166.6132944553852,True,0.0
84433-68I-140,356,355.7255327016253,193.17120304526614,True,0.0
81644-1SA-110,325,325.02355797311867,185.15372120681153,True,0.0
81644-1SA-120,325,325.02355797311867,191.6679252005559,True,0.0
58660-4ON-S,322,322.0684688314076,169.8703964522574,True,0.0
84433-68I-110,296,295.8117449850631,189.66355474094223,True,0.0
84433-68I-100,270,270.1150478114787,137.04883017608375,True,0.0
81718-1SA-120,257,256.50090560532465,91.19885591242138,True,0.0
58660-4ON-M,253,252.5789668525414,149.32559924121742,True,0.0
81644-1SA-130,243,242.79911828556402,135.54555233137353,True,0.0
81644-1SA-100,239,238.63349129576824,168.11657230009547,True,0.0
84433-6GT-120,233,232.54031368034373,84.68465191867699,True,0.0
84428-1WC-120,219,219.44401614119462,250.79685375915878,True,0.0
81718-1SA-100,216,216.09440059490794,70.15296608647797,True,0.0
81644-1SA-140,212,212.32088366831528,81.17700361435308,True,0.0
84433-66J-120,208,207.95412476476176,203.94469426568958,True,0.0
81718-1SA-110,207,207.15801433069586,73.15952177589847,True,0.0
58661-4NA-S,205,204.87719590283018,104.22726389991014,True,0.0
84433-68I-90,202,202.3996320643643,108.98764374149258,True,0.0
81798-1VM-120,200,199.89302672234754,0.0,True,0.0
58660-4ON-XS,196,195.81816034794392,96.71087467635894,True,0.0
58661-4PX-L,196,195.6382341742663,126.52588526311206,True,0.0
84433-66J-130,195,194.91340424718587,173.628591064033,True,0.0
84620-6GV-120,195,194.7817652104569,188.41082320368372,True,0.0
47684-5LW-150,193,193.45438658494962,0.0,True,0.0
84433-6GT-100,189,188.80160737336928,50.61035410524483,True,0.0
84433-6GT-150,188,188.3288398697361,48.60598364563117,True,0.0
58665-4TF-XS,187,186.79875823036042,130.78517248979108,True,0.0
81718-1SA-130,185,185.14093633996328,64.89149362999213,True,0.0
58663-4SX-S,184,184.07828854744474,135.0444597164701,True,0.0
82912-2RO-120,179,179.10402324991307,316.439986311506,True,0.0
58662-4O4-S,177,176.88279487412933,204.69633318804466,True,0.0
58660-4ON-L,176,175.64012893593713,79.42317946219114,True,0.0
58661-4NA-M,171,171.4039358885222,161.35182199889937,True,0.0
84433-66J-110,171,170.6007651577141,165.36056291812667,True,0.0
58663-011-L,169,168.71127501740284,105.47999543716868,True,0.0
58663-85H-M,169,169.31657145745135,0.0,True,0.0
84433-66J-140,166,166.41071651912864,141.0575710953111,True,0.0
81718-1SA-140,164,164.21628470760908,36.579760887949234,True,0.0
81766-1QH-110,157,157.25849357459825,115.00075512033354,True,0.0
82719-65Z-120,157,157.4888082352507,105.47999543716868,True,0.0
58660-3GD-L,155,155.12792255712796,0.0,True,0.0
84433-6GT-110,155,154.8784721359745,68.90023454921945,True,0.0
84428-1WC-140,153,153.38540189995217,179.39115613542228,True,0.0
82008-4KQ-110,152,151.73479926898807,0.0,True,0.0
58661-4ON-M,151,151.00982731824354,114.75020881288185,True,0.0
81718-1SA-90,149,149.11863983248006,45.59942795621069,True,0.0
84505-5ZU-110,149,149.43963095665325,225.24113039908462,True,0.0
45346-5HB-120,148,148.0098397375527,269.3372805105851,True,0.0
58661-4ON-L,147,146.94073923909215,69.40132716412285,True,0.0
82912-2RO-100,146,146.2869920495699,239.77281623128368,True,0.0
84628-6GV-120,146,145.75369504634045,133.04008925685648,True,0.0
84433-6GT-130,145,144.56895876532002,68.90023454921945,True,0.0
84505-6H6-120,145,144.64964413054622,213.71600025630613,True,0.0
81766-1QH-100,142,142.35873972786737,105.22944912971697,True,0.0
58661-4NA-L,140,139.76851717002225,93.20322637203503,True,0.0
81766-1QH-120,140,139.8954668675548,128.0291631078223,True,0.0
84084-2MH-130,138,137.64106404868218,0.0,True,0.0
84428-1WC-130,138,138.17833726729137,227.99713978105345,True,0.0
81718-68I-110,137,136.8441794715294,208.70507410727197,True,0.0
83403-5MM-75,136,135.64953149973917,100.46906928813453,True,0.0
84551-66I-80,136,135.7941453412917,52.36417825740678,True,0.0
43205-5HC-120,133,132.61182120714813,209.20616672217542,True,0.0
58662-4SQ-M,133,133.19462974930494,99.46688405832771,True,0.0
84433-66J-100,133,133.39882165540288,112.9963846607199,True,0.0
58661-4ON-S,132,131.62943450714926,72.65842916099506,True,0.0
81666-3HZ-90,132,131.88571339902154,0.0,True,0.0
84608-6CN-120,132,131.5095507545898,206.19961103275492,True,0.0
81718-1SA-85,130,129.94493097667842,29.063371664398023,True,0.0
58662-4SM-M,126,125.52920689016,71.65624393118821,True,0.0
81718-6GT-100,126,126.49782129746033,84.43410561122529,True,0.0
82778-5HR-120,125,124.52500079481318,141.8092100176662,True,0.0
84084-2MH-140,124,124.3041356450647,0.0,True,0.0
84428-1WC-150,124,124.30843672642179,148.3234140114106,True,0.0
84460-5ZO-120,124,124.39267156160386,305.9170413985343,True,0.0
67515-4NA-M,123,123.31585759525555,63.13766947783019,True,0.0
84433-6GT-140,122,122.39900363422063,51.11144672014824,True,0.0
58662-4SQ-S,121,121.17958433500725,97.71305990616577,True,0.0
84460-6GS-100,121,120.77319421067796,231.00369547047393,True,0.0
81766-1QH-90,120,120.37926925521225,96.20978206145551,True,0.0
84460-5ZO-100,120,120.31992264838576,240.0233625387354,True,0.0
84460-61J-120,120,119.63759810765032,234.26079746734615,True,0.0
84460-6GS-110,120,120.31992264838576,321.45091246054017,True,0.0
47761-2NP-90,119,119.38280094070666,0.0,True,0.0
81700-5ZA-120,117,117.21381793559654,141.5586637102145,True,0.0
58663-4SX-M,116,116.4630137174352,105.9810880520721,True,0.0
84428-6AQ-120,116,115.52246181694265,142.3103026325696,True,0.0
84620-6GV-140,116,115.56433117281229,89.19448545280771,True,0.0
58661-4PX-XL,115,115.09924280872625,75.41443854296384,True,0.0
81766-1QH-130,115,114.71895831264112,77.16826269512578,True,0.0
84428-1WC-100,115,115.47546234563744,125.77424634075695,True,0.0
84448-61J-120,114,114.07674569983483,211.71162979669248,True,0.0
58660-4NA-M,113,112.53125920864613,170.62203537461252,True,0.0
84505-5ZU-100,113,113.19714268963884,161.35182199889937,True,0.0
84434-65Z-120,112,111.67312349215973,165.11001661067496,True,0.0
84460-5ZO-110,112,112.45314713565675,285.8733368023978,True,0.0
84620-6GV-100,112,112.0473618184331,116.00294035014036,True,0.0
84620-6GV-130,112,112.26435363519457,147.57177508905545,True,0.0
81718-6GT-90,111,111.46550340494207,74.1617070057053,True,0.0
82721-6CY-120,111,110.6521122620776,56.6234654840858,True,0.0
84646-6FN-60,111,111.39552571626619,31.318288431463387,True,0.0
82719-5ZU-120,110,109.71011662250551,67.1464103970575,True,0.0
82778-M07-120,110,110.41556481700466,67.89804931941262,True,0.0
81569-1FO-120,109,108.85186054259117,0.0,True,0.0
81763-1RJ-90,109,108.87034852135189,0.0,True,0.0
82768-5YM-120,109,108.7773486203859,76.66717008022236,True,0.0
58661-4SK-M,108,108.40848651289943,52.614724564858484,True,0.0
84348-5VS-100,108,108.15315030760077,20.29425090358827,True,0.0
84428-1WC-110,108,108.28942444782537,171.37367429696764,True,0.0
84428-6AQ-130,107,106.80173034364383,149.0750529337657,True,0.0
84505-6H6-100,107,107.06907650975573,131.2862651046945,True,0.0
82719-5XD-120,106,106.47060118384748,89.94612437516284,True,0.0
83077-3F3-130,106,106.1064430500657,0.0,True,0.0
84349-5VS-100,106,106.43583025330706,14.531685832199011,True,0.0
84433-67K-130,106,106.31864014459632,96.96142098381063,True,0.0
84460-5ZU-120,106,106.04216865272996,254.3045020634827,True,0.0
65642-5LG-120,105,105.38872264392329,239.27172361638023,True,0.0
82891-1SA-110,105,104.54360021036823,36.07866827304582,True,0.0
84514-6DS-120,105,104.55552255503646,50.61035410524483,True,0.0
82778-M07-110,104,103.92073210663158,59.37947486605457,True,0.0
84338-5VS-100,104,104.01014799866121,15.53387106200584,True,0.0
84552-973-75,104,103.62816306835646,90.19667068261455,True,0.0
82778-5HR-110,103,103.14064631072088,112.24474573836477,True,0.0
84433-6GT-90,103,102.59614184556999,43.093964881693616,True,0.0
84505-6H6-110,103,102.97281910975703,194.17338827507297,True,0.0
84547-5LB-75,103,103.21690442992218,55.370733946827265,True,0.0
43205-GK3-130,102,101.64689245715724,101.72180082539307,True,0.0
58660-4SK-M,102,101.53895823923162,153.08379385299304,True,0.0
67377-015-120,102,102.39498791195061,151.83106231573447,True,0.0
81766-67K-130,102,102.18266480417003,46.1005205711141,True,0.0
81563-1UN-85,101,101.17624582917608,0.0,True,0.0
81644-1SA-150,101,101.38480775023882,54.36854871702044,True,0.0
81718-6GT-110,101,101.36598743843555,87.94175391554919,True,0.0
84090-5KM-130,101,101.13436645189101,190.41519366329737,True,0.0
84433-68I-85,101,101.35999538728416,67.64750301196091,True,0.0
82778-5SQ-120,100,99.83460822088767,100.97016190303795,True,0.0
84434-65Z-130,100,100.31879766291817,125.52370003330523,True,0.0
84460-6GW-110,100,99.81150651570053,179.89224875032568,True,0.0
84608-6CN-100,100,100.44796446953147,105.9810880520721,True,0.0
82719-65Z-90,99,98.71619143108579,57.375104406440926,True,0.0
83403-5MM-80,99,98.55090691877965,59.88056748095799,True,0.0
84329-5MZ-120,99,98.84112018081206,63.13766947783019,True,0.0
84329-5MZ-140,99,99.07250755690367,46.85215949346922,True,0.0
84512-5UT-130,99,98.82188031098633,40.33795549972484,True,0.0
58665-4TD-S,98,97.60521821884879,99.46688405832771,True,0.0
84090-5KM-120,98,98.11831115730004,193.17120304526614,True,0.0
84433-67K-120,98,98.46858420368906,101.47125451794136,True,0.0
84434-6BL-120,97,96.69029199871017,93.95486529439015,True,0.0
84448-61J-110,97,96.75322722026252,148.3234140114106,True,0.0
58660-4NA-S,96,96.11024892338116,208.95562041472368,True,0.0
67616-WE1-140,96,96.11024892338116,0.0,True,0.0
82778-5HR-130,96,96.1298074809671,111.24256050855794,True,0.0
82778-5SQ-110,96,95.73256446067418,89.19448545280771,True,0.0
84348-5VS-110,96,96.23841337339897,20.043704596136568,True,0.0
84428-1WC-90,96,96.28925881332734,91.69994852732478,True,0.0
84528-1SA-120,94,94.32924693158444,58.377289636247745,True,0.0
84638-68I-120,94,93.5503797247704,81.4275499218048,True,0.0
65642-5P5-120,93,93.25758183331124,168.11657230009547,True,0.0
82719-5ZU-100,93,93.49271601187321,45.348881648758976,True,0.0
82719-5ZU-110,93,93.26291547351707,47.85434472327605,True,0.0
84460-65Z-100,93,92.90171158734321,163.1056461510613,True,0.0
84448-61J-100,92,91.57687706152998,103.47562497755501,True,0.0
84561-48B-75,92,92.23119332833795,79.67372576964286,True,0.0
50763-4SJ-S,91,91.03673623912555,107.98545851168575,True,0.0
58663-4SX-XS,91,90.6973597640949,53.86745610211702,True,0.0
80441-A91-120,91,91.04694526725055,118.50840342465744,True,0.0
82719-5XW-110,91,90.92255162192228,65.39258624489554,True,0.0
82719-5ZU-90,91,91.4109000829355,34.82593673578728,True,0.0
84603-5KS-100,91,90.56838856613999,35.5775756581424,True,0.0
84620-6GV-110,91,91.4886702149154,140.05538586550426,True,0.0
84641-60J-130,91,91.23808113527139,58.126743328796046,True,0.0
58663-4SX-L,90,89.9272738197645,43.595057496597036,True,0.0
65642-5LG-100,90,89.59691468844913,202.691962728431,True,0.0
84329-5MZ-130,90,90.44111016390069,68.90023454921945,True,0.0
84561-48B-70,90,90.41261461878311,49.8587151828897,True,0.0
84603-5KS-130,90,89.85981396478734,45.098335341307276,True,0.0
58662-4SM-S,89,89.27328035128127,49.8587151828897,True,0.0
68119-23G-150,89,88.94163489717673,0.0,True,0.0
82719-5XW-120,89,89.08338604015813,66.14422516725067,True,0.0
84428-6GE-100,89,89.27858765938798,88.19230022300088,True,0.0
66973-2CX-150,88,88.2950828255047,0.0,True,0.0
81700-5ZE-120,88,88.38487408859176,95.95923575400381,True,0.0
82576-2PQ-85,88,87.94961156410625,0.0,True,0.0
82778-5HR-140,88,87.66514267923361,87.94175391554919,True,0.0
84091-5UF-130,88,87.67741094574455,0.0,True,0.0
84338-5VT-110,88,87.54352237709196,18.540426751426324,True,0.0
84460-61J-110,88,88.19121334360588,200.93813857626907,True,0.0
84492-5WH-90,88,88.0795821167494,70.9046050088331,True,0.0
52309-4SL-M,87,87.12992434371625,75.41443854296384,True,0.0
80617-5ZU-80,87,86.75508027756163,97.71305990616577,True,0.0
82788-5XF-120,87,87.12992434371625,70.65405870138139,True,0.0
84204-5OV-S,87,87.12992434371625,93.95486529439015,True,0.0
84428-6GE-120,87,86.75508027756163,80.17481838454627,True,0.0
58660-4ON-XL,86,86.00592563648004,37.331399810304355,True,0.0
81718-6GT-120,86,86.00032799027103,88.6933928379043,True,0.0
84460-61J-130,86,86.18947392719188,132.53899664195305,True,0.0
84525-6AW-M,86,86.44464940729179,40.839048114628255,True,0.0
81700-5ZA-110,85,84.54033119264348,125.02260741840183,True,0.0
83403-4NE-75,85,84.60732360091487,0.0,True,0.0
84460-6GS-130,85,84.54417049743631,113.4974772756233,True,0.0
84306-66I-75,84,83.98740179398445,94.70650421674527,True,0.0
84628-6GV-100,84,84.12234503647304,77.9199016174809,True,0.0
43205-5HC-100,83,83.24791587766073,149.82669185612085,True,0.0
58660-4PQ-S,83,83.34081798024874,177.6373319832603,True,0.0
58661-4NA-XS,83,83.4017503589165,37.83249242520777,True,0.0
82912-2RO-90,83,83.43685648117548,154.58707169770327,True,0.0
80467-5M5-140,82,82.4232407969544,9.019667068261455,True,0.0
82719-5ZU-130,82,82.3377451329743,49.8587151828897,True,0.0
83146-3IW-XXL,82,82.31102570767028,0.0,True,0.0
84349-5VS-110,82,82.22818513202787,14.030593217295596,True,0.0
84426-6GT-70,82,82.48502332611119,49.3576225679863,True,0.0
84434-65K-120,82,82.12427554205172,95.20759683164869,True,0.0
84460-6GS-90,82,82.03789897488548,146.56958985924865,True,0.0
84638-68I-130,82,82.48189139825558,50.359807797793124,True,0.0
43205-5HC-110,81,80.67268595985922,179.39115613542228,True,0.0
43205-5HC-130,81,80.93614978845306,127.27752418546719,True,0.0
59852-VK6-150,81,81.28047696902185,0.0,True,0.0
67522-5SC-130,81,80.68653307258914,109.9898289712994,True,0.0
84338-5VT-120,81,80.76015597168455,21.2964361333951,True,0.0
84376-5UR-50,81,81.09547829139952,0.0,True,0.0
84460-6GW-120,81,81.15886452695706,191.4173788931042,True,0.0
84606-5ZU-130,81,80.61287653084048,58.377289636247745,True,0.0
45346-5HB-110,80,80.32099339949656,205.1974258029481,True,0.0
58663-4T4-L,80,79.96783906515222,72.65842916099506,True,0.0
82285-3RE-80,80,80.11380562359555,0.0,True,0.0
82778-5HR-100,80,80.09439910452693,103.72617128500673,True,0.0
82778-5HR-150,80,80.09439910452693,63.13766947783019,True,0.0
82788-5XH-100,80,79.81540905249908,74.41225331315701,True,0.0
82788-5XH-140,80,79.52635961700994,53.61690979466532,True,0.0
84505-5ZU-130,80,79.80274605309121,173.87913737148472,True,0.0
81700-5ZA-130,79,79.07770083803256,87.44066130064576,True,0.0
82912-2RO-130,79,78.57585844788302,142.05975632511792,True,0.0
84434-66I-100,79,78.58610270217707,106.73272697442721,True,0.0
84434-66I-120,79,78.87224621112783,138.8026543282457,True,0.0
84460-6GW-100,79,79.49907232124141,149.32559924121742,True,0.0
84505-5ZU-140,79,79.3230477460339,91.19885591242138,True,0.0
84605-SR4-110,79,78.68398030779936,48.856529953082884,True,0.0
84628-6GV-140,79,79.31188188584751,61.884937940571646,True,0.0
84645-6OW-90,79,79.05221285116421,6.764750301196091,True,0.0
43205-GK3-120,78,77.82693673167864,137.2993764835355,True,0.0
47761-2NS-90,78,77.7926569160483,0.0,True,0.0
58660-4PX-L,78,77.9803724193307,71.90679023863993,True,0.0
58662-4SP-XS,78,78.45555232435609,84.68465191867699,True,0.0
67377-015-130,78,78.3491336769448,125.27315372585355,True,0.0
67515-4NA-S,78,77.53602112244599,63.63876209273359,True,0.0
80617-6EA-75,78,77.9803724193307,126.27533895566037,True,0.0
82718-5XA-120,78,77.90815708381206,62.88712317037847,True,0.0
82719-5XD-110,78,77.52601955176345,65.39258624489554,True,0.0
82778-M07-140,78,78.25651343565468,35.327029350690694,True,0.0
82891-1SA-120,78,77.948547432632,53.366363487213604,True,0.0
83403-4KH-50,78,78.46266809646734,0.0,True,0.0
84433-67K-140,78,78.27296426077807,88.6933928379043,True,0.0
84460-5ZO-130,78,78.01828168277844,168.11657230009547,True,0.0
84460-64A-90,78,78.43540021356006,83.68246668887016,True,0.0
84460-6GS-120,78,78.01828168277844,271.34165097019877,True,0.0
58665-011-S,77,76.88420780368568,43.595057496597036,True,0.0
66973-32H-150,77,77.04906078974206,0.0,True,0.0
67404-1HA-100,77,77.36136757689408,0.0,True,0.0
82718-65Z-100,77,76.65805945711973,32.0699273538185,True,0.0
83077-3F3-120,77,76.59284323780372,0.0,True,0.0
83403-5MK-75,77,77.45643863093298,59.88056748095799,True,0.0
84460-6GW-90,77,76.85636260553403,128.279709415274,True,0.0
84082-6AN-130,76,75.67136186033568,100.97016190303795,True,0.0
84349-5VS-130,76,75.50368904268889,8.268028145906333,True,0.0
84428-6GQ-120,76,75.86285574913363,104.97890282226527,True,0.0
84460-5ZO-90,76,75.62700956306452,191.6679252005559,True,0.0
58660-4NA-XS,75,75.07711884979034,119.76113496191599,True,0.0
82718-65Z-120,75,75.1894180456136,43.34451118914532,True,0.0
82718-6GW-130,75,75.2594279311557,24.804084437719,True,0.0
82788-5XH-110,75,75.03714575442959,84.9351982261287,True,0.0
83077-3F3-110,75,75.06330775481894,0.0,True,0.0
83992-5DD-60,75,75.48498780835487,0.0,True,0.0
84434-65K-130,75,75.05594422810563,96.20978206145551,True,0.0
84553-5ZO-70,75,75.18006104920232,99.96797667323112,True,0.0
84561-48B-85,75,74.88266267657094,71.65624393118821,True,0.0
84603-5KS-120,75,74.50918969580903,45.098335341307276,True,0.0
82453-2KD-85,74,73.88566830849753,0.0,True,0.0
82719-5XD-90,74,74.17878939085756,34.07429781343216,True,0.0
82778-5HB-120,74,74.0848060526809,65.89367885979895,True,0.0
82788-5XF-110,74,73.78993747124576,65.64313255234725,True,0.0
82788-6GT-110,74,73.69165373177927,46.1005205711141,True,0.0
82808-1CP-150,74,73.89137192003224,0.0,True,0.0
83117-1SE-120,74,74.49510410783516,0.0,True,0.0
84460-5ZU-110,74,73.8312649742626,237.5178994642183,True,0.0
84528-1SA-130,74,74.17425934231214,50.10926149034142,True,0.0
84553-64J-70,74,74.28000297739773,87.19011499319407,True,0.0
84641-60J-100,74,74.08809659425708,45.348881648758976,True,0.0
67848-5ZE-130,73,73.35651804575525,82.17918884415991,True,0.0
82449-247-110,73,73.18479532663154,0.0,True,0.0
82717-5XW-75,73,72.5021495922633,48.856529953082884,True,0.0
82777-5HB-120,73,72.54869622362531,71.90679023863993,True,0.0
82788-6DC-110,73,72.74785743908942,58.126743328796046,True,0.0
84505-5ZY-130,73,73.14275588176608,47.35325210837264,True,0.0
58663-011-M,72,72.40959575885877,84.18355930377358,True,0.0
67563-A91-120,72,71.93809493947106,63.3882157852819,True,0.0
80617-5ZU-75,72,71.824068471813,109.23819004894429,True,0.0
82718-5XD-130,72,72.28970130289787,36.32921458049753,True,0.0
82721-5ZU-120,72,72.13491866803088,44.34669641895215,True,0.0
82788-6EX-120,72,72.08931346418463,56.6234654840858,True,0.0
82897-1SA-110,72,71.69746291123768,61.13329901821652,True,0.0
83000-1SA-70,72,71.8720821519683,67.1464103970575,True,0.0
84460-65Z-120,72,71.58783311305075,208.20398149236857,True,0.0
84525-6AW-S,72,72.12050778183313,40.33795549972484,True,0.0
84538-6GW-80,72,71.66619772313956,51.36199302759995,True,0.0
84544-68I-80,72,72.09929028161977,44.34669641895215,True,0.0
84662-1NV-100,72,72.40959575885877,121.01386649917453,True,0.0
67522-5SB-120,71,71.02202937958852,80.42536469199797,True,0.0
82717-6GW-75,71,71.02202937958852,40.839048114628255,True,0.0
82721-6GW-130,71,71.28604554446393,38.58413134756289,True,0.0
82788-5XD-120,71,71.02202937958852,48.856529953082884,True,0.0
83110-44B-90,71,70.52838432422423,0.0,True,0.0
83519-4MT-85,71,71.41220224735768,0.0,True,0.0
84348-5VS-120,71,71.07048020479337,21.797528748298518,True,0.0
84426-68I-75,71,70.97193547639694,51.11144672014824,True,0.0
84432-6FN-75,71,71.358610843733,71.40569762373651,True,0.0
84434-6AT-140,71,71.40225636912899,67.39695670450921,True,0.0
84628-6GV-130,71,71.40154825037905,106.73272697442721,True,0.0
84662-1NV-110,71,70.713349479035,176.13405413855008,True,0.0
82731-5XA-70,70,70.19017684349508,62.88712317037847,True,0.0
82778-5HO-110,70,69.52457821503404,99.46688405832771,True,0.0
84087-5LW-60,70,69.94201140460918,0.0,True,0.0
84338-5VS-110,70,69.93060727801897,15.53387106200584,True,0.0
84460-64A-100,70,70.41546317354613,105.73054174462038,True,0.0
58660-4SK-S,69,69.4743619760346,170.8725816820642,True,0.0
80441-A91-110,69,69.3811388991608,88.4428465304526,True,0.0
82301-990-60,69,68.71070052958162,0.0,True,0.0
84159-5KC-80,69,69.47029553193859,6.514203993744384,True,0.0
84460-5ZU-100,69,69.14223205880022,184.90317489935984,True,0.0
84638-68I-100,69,68.83406044158266,58.62783594369946,True,0.0
43205-GK3-100,68,67.6589099714905,90.94830960496967,True,0.0
45346-5HB-130,68,68.08742568672943,162.10346092125448,True,0.0
45346-5HB-90,68,67.87976629254553,92.7021337571316,True,0.0
82603-6HK-150,68,67.6015480724901,36.83030719540094,True,0.0
82778-5SQ-130,68,67.54025764160309,79.17263315473944,True,0.0
83403-4KH-80,68,67.59306540361577,0.0,True,0.0
84082-6DC-130,68,68.34905854824427,127.02697787801549,True,0.0
84433-66J-90,68,68.34341846500689,87.44066130064576,True,0.0
84433-6GT-85,68,68.47357717745066,24.302991822815585,True,0.0
84460-61J-100,68,67.78869147606812,154.33652539025155,True,0.0
43205-011-120,67,66.79071736638274,86.68902237829064,True,0.0
65642-5LG-90,67,66.73554464815493,123.76987588114329,True,0.0
80581-177-XXL,67,66.98502594190674,0.0,True,0.0
82778-5HO-120,67,67.17668300081434,121.01386649917453,True,0.0
82778-5HO-90,67,66.74026931916052,75.91553115786724,True,0.0
83403-3RE-75,67,66.63449835064375,0.0,True,0.0
84082-6DC-120,67,67.21542033586422,139.80483955805255,True,0.0
84338-5VS-120,67,67.19255001670305,12.02622275768194,True,0.0
84434-65K-110,67,67.40671700550314,67.89804931941262,True,0.0
84434-65Z-140,67,66.73554464815493,88.6933928379043,True,0.0
84434-66I-110,67,67.26407008068054,103.72617128500673,True,0.0
84434-6BL-130,67,67.40497112733668,70.40351239392969,True,0.0
84528-1SA-140,67,66.99691893586743,35.82812196559411,True,0.0
84606-5ZU-120,67,66.99691893586743,70.65405870138139,True,0.0
45346-5HR-120,66,65.53089952983062,157.09253477222035,True,0.0
58661-4PX-M,66,66.43629356065024,113.4974772756233,True,0.0
58662-4O4-M,66,65.74151969822009,81.4275499218048,True,0.0
80617-65Z-75,66,65.51403919414588,163.35619245851302,True,0.0
82719-6GW-100,66,65.8157260023971,39.83686288482143,True,0.0
84275-5XP-75,66,65.89453759191069,0.0,True,0.0
84428-6GE-110,66,66.2304209187235,91.4494022198731,True,0.0
84428-6GQ-140,66,66.13257423500866,64.64094732254041,True,0.0
84434-6AT-120,66,65.92186807577536,95.20759683164869,True,0.0
84514-6DS-130,66,65.92022759762418,33.823751505980454,True,0.0
50764-4SV-XL,65,65.47999369412564,25.305177052622415,True,0.0
65642-5LK-90,65,65.23468637637876,126.02479264820866,True,0.0
67515-4NA-XS,65,64.92345928576776,25.55572336007412,True,0.0
67521-1QP-150,65,64.55710347288887,0.0,True,0.0
82717-5XF-75,65,65.28502390120047,69.15078085667116,True,0.0
82717-5XY-75,65,64.9474867986112,98.7152451359726,True,0.0
82776-5XV-120,65,65.24567640037111,107.48436589678234,True,0.0
83120-1SD-130,65,65.00317881932496,0.0,True,0.0
84329-5MZ-110,65,65.43350433400428,41.590687036983375,True,0.0
84337-5VR-100,65,65.38339800905896,6.263657686292677,True,0.0
84434-6BL-150,65,65.05193608290833,52.36417825740678,True,0.0
50764-4SV-M,64,64.02974872566979,39.0852239624663,True,0.0
58661-4SK-S,64,63.55257475147932,65.64313255234725,True,0.0
67526-1JA-100,64,64.17606817589224,0.0,True,0.0
80441-A91-130,64,64.39243276854822,89.94612437516284,True,0.0
80649-442-140,64,63.87058645002586,0.0,True,0.0
82718-65Z-110,64,64.29516768204849,39.33577026991801,True,0.0
82731-5XA-75,64,63.830126279275206,73.41006808335017,True,0.0
82788-6DC-140,64,64.26842736075214,32.0699273538185,True,0.0
82891-1SA-130,64,63.71886655517488,51.863085642503364,True,0.0
83404-2ZC-75,64,63.72368951874773,70.65405870138139,True,0.0
83490-4KV-75,64,63.75911602484634,0.0,True,0.0
83843-4VP-140,64,64.03878586212912,0.0,True,0.0
84082-6GS-120,64,63.91310142040961,119.76113496191599,True,0.0
84090-5KP-130,64,63.91310142040961,114.75020881288185,True,0.0
84428-6GE-130,64,64.38736965368216,44.34669641895215,True,0.0
84434-6BL-110,64,64.25786679106186,61.38384532566823,True,0.0
84495-5ZG-90,64,63.919961526514534,29.063371664398023,True,0.0
84635-5ZN-80,64,64.1386631202954,9.270213375713162,True,0.0
43205-SR4-100,63,62.91714779152498,84.18355930377358,True,0.0
43205-SR4-130,63,63.21911317366312,88.19230022300088,True,0.0
64336-GK3-1Y/3Y,63,62.609740355024435,52.36417825740678,True,0.0
80278-2XV-120,63,63.24980987627762,0.0,True,0.0
81380-4DT-120,63,63.02164232770643,31.06774212401168,True,0.0
81718-1SA-150,63,62.8614929940289,18.03933413652291,True,0.0
81718-6GT-85,63,62.989589911690885,38.58413134756289,True,0.0
81766-1QH-140,63,63.435403507367255,43.845603804048736,True,0.0
81862-2B2-90,63,63.220783740907514,0.0,True,0.0
82473-2ZS-90,63,62.85656572557843,0.0,True,0.0
82717-6DC-70,63,63.18605767491541,108.23600481913746,True,0.0
82719-5XD-140,63,63.41259470808527,41.84123334443508,True,0.0
82719-6GW-130,63,62.57709174139873,42.84341857424191,True,0.0
82723-6CY-110,63,62.96889902943404,27.560093819687776,True,0.0
82777-5HB-130,63,62.597134166037534,54.36854871702044,True,0.0
82778-5HO-130,63,62.61048007268958,90.94830960496967,True,0.0
83403-4KH-60,63,62.68220962097807,0.0,True,0.0
84082-6DC-110,63,62.789584643598666,104.97890282226527,True,0.0
84155-5KB-75,63,62.96160713892771,37.83249242520777,True,0.0
84426-6GT-50,63,63.263191424303926,23.80189920791217,True,0.0
84434-66I-130,63,63.11939887301103,105.22944912971697,True,0.0
84460-5ZU-90,63,62.66285498156407,149.82669185612085,True,0.0
84505-61O-120,63,62.74193923004984,103.97671759245844,True,0.0
84619-1WC-120,63,63.074855519397516,73.41006808335017,True,0.0
84619-1WC-130,63,63.074855519397516,67.1464103970575,True,0.0
84646-6FN-75,63,63.32723260847621,70.15296608647797,True,0.0
43205-SR4-150,62,61.71951772636453,44.84778903385557,True,0.0
58663-4T4-M,62,61.56910488598591,90.44721699006625,True,0.0
81616-1SL-140,62,62.367465508394844,0.0,True,0.0
82572-4AE-120,62,61.93498317651026,25.305177052622415,True,0.0
82662-5NH-70,62,61.86282040253757,9.019667068261455,True,0.0
82681-5KB-70,62,61.88502152009706,0.0,True,0.0
82719-5XD-100,62,61.92505086817994,42.84341857424191,True,0.0
84095-5KB-75,62,62.2893140498805,54.11800240956873,True,0.0
84433-67K-150,62,61.50916406201195,71.1551513162848,True,0.0
84434-65K-140,62,62.09135339280768,76.41662377277065,True,0.0
84549-5ZE-75,62,62.31354559395337,73.15952177589847,True,0.0
84619-68I-110,62,61.7253208528268,38.083038732659475,True,0.0
43205-011-100,61,61.00270750367919,59.37947486605457,True,0.0
43205-GK3-150,61,61.33928763442296,38.33358504011118,True,0.0
51218-2KQ-S,61,61.4043011709541,92.95268006458332,True,0.0
58662-4SU-S,61,61.445995313771554,87.94175391554919,True,0.0
58663-4SZ-M,61,61.4043011709541,82.93082776651504,True,0.0
58665-4TE-XS,61,60.67863498810344,115.50184773523696,True,0.0
67522-5SC-120,61,60.543467228948266,115.25130142778525,True,0.0
67901-1VS-90,61,60.85305446549263,0.0,True,0.0
80848-1SP-150,61,61.402565992434404,0.0,True,0.0
82644-32L-110,61,61.47065845050781,0.0,True,0.0
82717-6AB-75,61,60.68118005625453,52.11363194995507,True,0.0
82719-6GW-140,61,61.21783666624432,34.07429781343216,True,0.0
82723-5XE-130,61,61.14789695176996,60.88275271076482,True,0.0
82723-5XE-140,61,60.530376265962474,40.839048114628255,True,0.0
84281-5KU-100,61,60.7053754648555,4.25928722667902,True,0.0
84641-60J-140,61,61.34478647405657,29.564464279301433,True,0.0
50754-4SL-L,60,59.56467446563525,44.09615011150044,True,0.0
58662-4SU-M,60,60.27780183187225,91.19885591242138,True,0.0
82723-5XD-130,60,59.941713635106346,53.86745610211702,True,0.0
82776-5KS-120,60,60.100442104925456,57.12455809898921,True,0.0
82776-5XV-130,60,60.22219575864608,86.68902237829064,True,0.0
82778-5HB-150,60,60.155345334717566,20.043704596136568,True,0.0
82788-5XB-130,60,59.96836293964992,61.884937940571646,True,0.0
82788-5XH-150,60,59.577451122945035,38.33358504011118,True,0.0
84090-5KM-100,60,59.5951758213313,56.3729191766341,True,0.0
84204-5OV-M,60,60.44617458359304,85.68683714848382,True,0.0
84208-5GZ-140,60,59.621612887984334,27.059001204784366,True,0.0
84306-66I-70,60,59.97986665599775,117.00512557994719,True,0.0
84328-5MW-130,60,60.38055755810499,32.0699273538185,True,0.0
84426-6GT-60,60,59.883735377371934,35.07648304323899,True,0.0
84428-6GE-90,60,59.917424590506506,87.69120760809747,True,0.0
84552-973-80,60,59.97986665599775,76.66717008022236,True,0.0
84603-5LB-100,60,60.49153038742533,38.083038732659475,True,0.0
84605-5ZL-120,60,59.70004490392761,57.625650713892625,True,0.0
84612-5VS-70,60,59.63521597866851,9.520759683164869,True,0.0
50763-4SJ-M,59,58.57531687691092,56.87401179153751,True,0.0
58663-4T4-XL,59,58.51887831418815,51.61253933505166,True,0.0
81339-3IA-85,59,59.475529382828654,0.0,True,0.0
81346-5HP-140,59,58.95147996434905,47.60379841582434,True,0.0
82717-6AB-70,59,59.46661516484362,55.370733946827265,True,0.0
82775-M07-90,59,59.43660148289684,12.77786168003706,True,0.0
82776-5XV-85,59,59.46661516484362,49.3576225679863,True,0.0
82778-5HB-130,59,59.15065978449793,43.34451118914532,True,0.0
82778-5HB-90,59,58.81063382309309,31.06774212401168,True,0.0
82788-6DB-90,59,58.8604926185261,34.07429781343216,True,0.0
83403-4NE-70,59,58.9404034302187,0.0,True,0.0
84328-5MZ-130,59,59.04989716167984,36.32921458049753,True,0.0
84411-5OB-100,59,59.316508026335406,15.032778447102425,True,0.0
84432-61J-70,59,59.3468282255037,51.11144672014824,True,0.0
84432-6FN-80,59,58.75620407087219,55.62128025427897,True,0.0
84514-6DS-140,59,59.21133603259022,21.045889825943394,True,0.0
84577-5KS-80,59,59.35746523755324,4.25928722667902,True,0.0
84600-6AN-110,59,59.19430679584484,63.13766947783019,True,0.0
84612-5VS-75,59,59.12512054912615,8.769120760809747,True,0.0
84620-5ZU-120,59,58.61309685493222,62.38603055547506,True,0.0
65642-5LG-110,58,57.580950303537136,280.36131803846024,True,0.0
81339-3LS-130,58,57.633539568113044,15.53387106200584,True,0.0
81346-1FM-150,58,58.24005439154605,0.0,True,0.0
81568-015-100,58,58.00228590080131,0.0,True,0.0
82243-2EQ-130,58,57.50208013679847,0.0,True,0.0
82472-2YG-80,58,57.80540071177522,0.0,True,0.0
82717-6GW-85,58,58.07236706842336,31.318288431463387,True,0.0
82775-5HO-150,58,57.63534622312514,25.05463074517071,True,0.0
82775-M07-130,58,58.306250546129505,25.55572336007412,True,0.0
82775-M07-140,58,58.39468187741401,21.045889825943394,True,0.0
82788-6GT-120,58,57.83184137419544,50.359807797793124,True,0.0
82952-41R-130,58,57.744234514211946,0.0,True,0.0
83109-33V-75,58,57.62132753217696,0.0,True,0.0
84095-5UD-80,58,58.39468187741401,4.509833534130728,True,0.0
84306-65K-70,58,57.581645702211546,76.41662377277065,True,0.0
84429-5KT-130,58,57.97703607925337,34.324844120883874,True,0.0
84612-5VS-80,58,58.306250546129505,7.76693553100292,True,0.0
84624-29O-120,58,57.581645702211546,41.84123334443508,True,0.0
81700-5HN-130,57,57.04435860262813,30.06555689420485,True,0.0
81766-67K-100,57,56.664245673865615,79.42317946219114,True,0.0
82202-1BE-120,57,56.98910775082943,0.0,True,0.0
82572-6GS-130,57,57.26359500398423,38.33358504011118,True,0.0
83505-3UM-85,57,57.15222481266972,0.0,True,0.0
83896-4CP-70,57,56.933618094184595,0.0,True,0.0
84620-6GV-85,57,56.95209360352348,63.63876209273359,True,0.0
84634-48A-70,57,56.90159734749423,146.82013616670034,True,0.0
50754-4SL-XS,56,55.6978707597665,28.061186434591193,True,0.0
67452-299-90,56,56.39797742228721,0.0,True,0.0
80826-PM7-150,56,56.07761267705432,0.0,True,0.0
81315-1CH-90,56,55.9208352923511,0.0,True,0.0
81376-1IO-140,56,55.65877477142794,0.0,True,0.0
81868-1FM-85,56,55.5594536015013,0.0,True,0.0
82293-2JH-130,56,55.79630239689161,0.0,True,0.0
82719-65Z-150,56,56.455386732786046,17.7887878290712,True,0.0
82775-5H5-150,56,56.24389774007171,28.562279049494606,True,0.0
84097-26N-85,56,55.74439852722788,0.0,True,0.0
84248-5QJ-85,56,56.3664643978804,11.274583835326819,True,0.0
84505-5ZU-90,56,56.242613383627656,110.99201420110623,True,0.0
81570-461-1/2,55,54.722202868798355,0.0,True,0.0
84047-5IT-S,55,55.46595958041375,57.87619702134433,True,0.0
84348-5VS-130,55,54.87695736039039,14.531685832199011,True,0.0
84372-5R5-60,55,55.3159382107749,7.265842916099506,True,0.0
84460-64A-120,55,55.11579928268192,121.26441280662621,True,0.0
82719-65Z-130,54,54.20028062021569,60.381660095861406,True,0.0
82719-6GW-110,54,53.98022922450606,44.597242726403856,True,0.0
84528-1SA-110,54,53.77077912371539,53.86745610211702,True,0.0
84558-6GA-85,54,54.11373524872191,32.57101996872192,True,0.0
84620-6GV-150,54,54.22956706123959,60.1311137884097,True,0.0
84628-6GV-110,54,54.328739540247,99.216337750876,True,0.0
52399-M23-XXL,53,52.711562607933914,0.0,True,0.0
80617-6EA-85,53,52.508837933586705,91.69994852732478,True,0.0
82778-5HO-85,53,53.37819765796108,42.09177965188679,True,0.0
82778-GK3-140,53,53.29552885350552,38.083038732659475,True,0.0
84544-1SA-70,53,53.057505965285955,44.84778903385557,True,0.0
84544-1SA-75,53,53.252429544700846,42.5928722667902,True,0.0
84605-3EE-130,53,53.22074241122385,64.139854707637,True,0.0
84606-6GR-130,53,53.27034956279891,96.71087467635894,True,0.0
84608-6CN-90,53,52.51703078480148,83.43192038141845,True,0.0
84628-6GV-150,53,53.00236466656803,42.09177965188679,True,0.0
84636-67K-75,53,52.74651547393525,56.122372869182385,True,0.0
45346-SR4-130,52,52.0571019957646,99.7174303657794,True,0.0
67563-A91-130,52,51.84324954313052,44.84778903385557,True,0.0
67848-5ZE-90,52,52.3425521788742,44.34669641895215,True,0.0
80441-A91-140,52,51.88047454969217,67.39695670450921,True,0.0
81718-6GT-130,52,52.40633517225581,51.61253933505166,True,0.0
82603-6HK-120,52,52.13814783368309,57.12455809898921,True,0.0
82606-5NA-110,52,51.50222372855129,67.1464103970575,True,0.0
82718-5XW-100,52,51.54442836563491,41.089594422079955,True,0.0
82719-5XV-120,52,52.21463045456716,61.38384532566823,True,0.0
82775-5HR-150,52,51.63921210696587,30.06555689420485,True,0.0
82778-5HO-140,52,52.06942224066196,73.15952177589847,True,0.0
82788-5XF-90,52,51.67265832397904,47.10270580092093,True,0.0
83000-1SA-60,52,52.47904164852463,39.83686288482143,True,0.0
83031-3LM-L,52,52.189607199215736,0.0,True,0.0
83097-5ZA-130,52,51.51221157519667,51.61253933505166,True,0.0
83109-5OU-70,52,51.98570483624897,0.0,True,0.0
84082-6DC-140,52,52.07977538378891,102.22289344029647,True,0.0
84338-5VS-90,52,52.36070177554413,14.030593217295596,True,0.0
84428-6GQ-110,52,52.462363067925345,81.67809622925651,True,0.0
84429-5KU-130,52,51.67122528192637,38.834677655014595,True,0.0
84432-61J-75,52,51.58286906416017,50.10926149034142,True,0.0
84433-6HD-130,52,51.81905490417542,21.045889825943394,True,0.0
84433-6HD-140,52,51.822127232531614,16.28550998436096,True,0.0
84434-66A-100,52,51.84324954313052,62.63657686292677,True,0.0
84448-61J-140,52,52.2155946696499,62.63657686292677,True,0.0
84600-6G6-150,52,51.965575730737896,4.760379841582434,True,0.0
84619-1WC-140,52,51.6774938861672,48.856529953082884,True,0.0
84629-69K-120,52,52.287575799603,27.309547512236072,True,0.0
80617-6EA-80,51,50.63859595576902,99.216337750876,True,0.0
81346-5HP-90,51,51.227648332625385,76.66717008022236,True,0.0
81380-5H5-100,51,50.706614250977736,44.597242726403856,True,0.0
82029-2Y2-75,51,51.232222081255564,0.0,True,0.0
82614-4DK-130,51,50.84220108663639,47.60379841582434,True,0.0
82717-5XF-85,51,51.2496879525004,39.83686288482143,True,0.0
82719-5XV-100,51,50.64276240404262,48.60598364563117,True,0.0
82719-6GW-120,51,51.25352402413449,49.10707626053458,True,0.0
82731-5XA-85,51,50.543254905084424,47.10270580092093,True,0.0
82775-M07-150,51,50.74685743678698,17.7887878290712,True,0.0
82778-5HO-100,51,50.79466617890045,91.69994852732478,True,0.0
82787-5HB-140,51,51.05836863331079,44.597242726403856,True,0.0
82787-64I-130,51,51.19630145844165,75.16389223551212,True,0.0
82788-5XD-110,51,51.26254366538926,62.13548424802336,True,0.0
82788-5XH-130,51,51.12853584478371,78.1704479249326,True,0.0
84242-015-75,51,51.33815589406753,1.2527315372585355,True,0.0
84339-5VT-120,51,50.93015562583587,17.28769521416779,True,0.0
84429-5KU-120,51,51.12261926060447,33.072112583625334,True,0.0
84429-5KV-120,51,51.03239278576872,43.595057496597036,True,0.0
84433-66J-85,51,50.53665037850037,49.10707626053458,True,0.0
84433-67K-90,51,51.31137412011064,54.869641331923845,True,0.0
84455-6CT-130,51,50.68642925898929,3.507648304323899,True,0.0
84460-64A-110,51,51.47047404459461,112.24474573836477,True,0.0
84460-64A-130,51,50.65265531875626,61.38384532566823,True,0.0
84528-1SA-100,51,50.54440376406776,39.33577026991801,True,0.0
84600-6G6-90,51,50.95711587809216,27.059001204784366,True,0.0
84605-3EE-110,51,50.92787193775292,43.34451118914532,True,0.0
84606-6GR-120,51,50.82612188650312,75.16389223551212,True,0.0
84621-6HA-120,51,50.968899973303316,75.91553115786724,True,0.0
84646-6FN-70,51,51.30148405215108,63.63876209273359,True,0.0
84660-1KC-60,51,50.95918400713157,36.83030719540094,True,0.0
47684-5LZ-120,50,50.083861145945846,37.08085350285265,True,0.0
58665-4TF-S,50,49.553956916846474,78.42099423238432,True,0.0
65642-5K5-130,50,50.16930670399567,86.18792976338723,True,0.0
67522-5SC-140,50,49.63298920713089,84.43410561122529,True,0.0
80441-6WL-130,50,49.96420998631034,100.71961559558625,True,0.0
81718-6GT-140,50,49.65916579703469,22.549167670653638,True,0.0
82153-2XP-S,50,49.673689258668226,80.17481838454627,True,0.0
82387-30L-90,50,49.95749877617115,0.0,True,0.0
82472-2YG-60,50,49.59465100022027,0.0,True,0.0
82551-4CY-130,50,49.55932750451236,11.274583835326819,True,0.0
82645-5OR-140,50,50.31009843043802,33.32265889107704,True,0.0
82718-5XD-120,50,50.31300026053474,46.1005205711141,True,0.0
82719-6GW-90,50,50.48339375880073,39.0852239624663,True,0.0
82775-M07-120,50,50.190823080646005,41.84123334443508,True,0.0
82778-5HR-90,50,49.75330580132593,69.15078085667116,True,0.0
82787-64I-120,50,50.34464524329354,113.2469309681716,True,0.0
82788-5XB-100,50,50.443787566473816,54.11800240956873,True,0.0
82788-5XB-120,50,49.80018547630928,72.15733654609164,True,0.0
82788-5XC-110,50,49.71279059098586,32.82156627617363,True,0.0
82788-5XC-120,50,50.130147294274806,50.359807797793124,True,0.0
82788-6DC-120,50,49.945593579949126,63.3882157852819,True,0.0
83131-3IV-110,50,50.1713820789157,0.0,True,0.0
83404-2ZC-70,50,50.321410943009376,66.14422516725067,True,0.0
84082-5K5-120,50,49.69624140487852,64.64094732254041,True,0.0
84082-5KQ-130,50,49.971997764388874,58.377289636247745,True,0.0
84082-6AB-100,50,50.11347705784328,53.366363487213604,True,0.0
84090-5KP-120,50,49.89903364357707,115.50184773523696,True,0.0
84297-2HM-110,50,50.1477169610815,0.0,True,0.0
84328-5NC-120,50,50.26776986869281,17.03714890671608,True,0.0
84460-65Z-110,50,50.343691550215794,210.20835195198225,True,0.0
84538-6GW-75,50,50.42963534765107,63.63876209273359,True,0.0
84596-5KT-80,50,50.35808738955633,40.087409192273135,True,0.0
84605-SR4-140,50,50.47809515248546,66.14422516725067,True,0.0
84619-68I-120,50,49.740622963823874,47.60379841582434,True,0.0
84641-60J-90,50,49.51613498997401,29.31391797184973,True,0.0
43205-GK3-110,49,48.63680563756664,106.98327328187892,True,0.0
58661-4NA-XL,49,49.08937150649346,52.86527087231019,True,0.0
58661-4ON-XL,49,48.69531250630892,27.810640127139486,True,0.0
58661-4SK-L,49,48.944950778735574,38.083038732659475,True,0.0
65642-5P5-100,49,49.11892881054544,99.46688405832771,True,0.0
67522-5SB-130,49,48.51714687398032,69.40132716412285,True,0.0
68177-1FL-75,49,49.283696485705306,0.0,True,0.0
80276-2XQ-85,49,49.098069479281705,0.0,True,0.0
81700-5ZE-130,49,49.2035185209025,74.1617070057053,True,0.0
81766-1QH-150,49,49.27391179896029,30.56664950910826,True,0.0
82615-5GN-110,49,48.72152089947421,50.359807797793124,True,0.0
82717-6GW-70,49,48.7460728271117,36.07866827304582,True,0.0
82719-5XW-140,49,48.88978369183148,26.307362282429242,True,0.0
82721-65Z-120,49,49.374744030215,54.11800240956873,True,0.0
82723-5XA-130,49,49.08812651042172,41.84123334443508,True,0.0
82723-5XD-120,49,49.2035185209025,50.61035410524483,True,0.0
82723-5ZU-150,49,49.41957167254352,21.797528748298518,True,0.0
82776-5XV-110,49,48.80164024352591,99.7174303657794,True,0.0
82776-5XV-140,49,48.65271548066532,44.34669641895215,True,0.0
82788-6EX-110,49,49.37879316321675,32.82156627617363,True,0.0
82788-6GT-100,49,49.46604205872367,40.58850180717654,True,0.0
82824-5KB-130,49,48.520467193921284,23.80189920791217,True,0.0
83403-5MN-80,49,49.28976219491739,26.056815974977535,True,0.0
84171-5MO-75,49,48.649882470110455,95.4581431391004,True,0.0
84171-5MU-NB,49,48.58557942752316,13.780046909843888,True,0.0
84256-5SE-100,49,48.592176024847944,7.76693553100292,True,0.0
84297-2HM-90,49,48.54405251892938,0.0,True,0.0
84306-61J-70,49,48.59840995543077,90.19667068261455,True,0.0
84306-6FN-70,49,48.5282731122278,71.40569762373651,True,0.0
84335-5VP-120,49,48.583619055431555,12.527315372585354,True,0.0
84349-5VS-120,49,49.215160151493876,15.53387106200584,True,0.0
84432-6AG-60,49,49.05289575078239,44.84778903385557,True,0.0
84434-66I-140,49,49.19508473274655,74.66279962060871,True,0.0
84460-65Z-90,49,48.91212922375777,107.73491220423404,True,0.0
84495-5ZG-120,49,48.51893052375968,42.342325959338496,True,0.0
84510-6EX-130,49,49.09258768962192,19.79315828868486,True,0.0
84513-6DT-130,49,48.538104319653144,19.54261198123315,True,0.0
84561-48B-80,49,48.54030257166947,62.38603055547506,True,0.0
84605-3EE-150,49,48.901723691960626,48.60598364563117,True,0.0
33218-2SZ-130,48,47.89897078249142,50.86090041269654,True,0.0
50764-011-XL,48,48.16291537334902,45.59942795621069,True,0.0
61956-3IL-140,48,48.31440771993681,22.799713978105345,True,0.0
64336-5TY-3Y/5Y,48,48.38023461956565,56.87401179153751,True,0.0
67522-5SB-140,48,48.33661664162576,47.35325210837264,True,0.0
68177-76X-70,48,48.13203707726942,40.087409192273135,True,0.0
80868-4KU-75,48,47.98459279639948,0.0,True,0.0
81666-42C-75,48,48.138712667634636,41.84123334443508,True,0.0
81700-5ZE-110,48,48.20886322961985,76.66717008022236,True,0.0
82026-1VP-70,48,47.934414533861954,0.0,True,0.0
82717-5XW-90,48,48.47986750941198,33.32265889107704,True,0.0
82719-65Z-140,48,47.799170470008406,34.82593673578728,True,0.0
82723-5XA-120,48,47.51417382385664,59.37947486605457,True,0.0
82778-M07-150,48,48.105072040565474,27.309547512236072,True,0.0
82788-6AN-130,48,47.82856851968528,48.35543733817947,True,0.0
82838-2ZC-120,48,48.07699273351265,8.51857445335804,True,0.0
82891-1SA-100,48,48.179971447497955,18.289880443974617,True,0.0
83059-5KW-110,48,48.0512487598488,72.15733654609164,True,0.0
83843-4VP-130,48,47.50549164320539,0.0,True,0.0
83916-4CR-90,48,48.072409767725325,8.769120760809747,True,0.0
84037-5IU-XS,48,48.16291537334902,66.14422516725067,True,0.0
84082-6DC-100,48,48.11816862344319,73.41006808335017,True,0.0
84285-5TL-75,48,47.61301444036726,37.83249242520777,True,0.0
84306-5K5-75,48,47.94244261695392,46.60161318601752,True,0.0
84338-6AS-100,48,48.44309562858211,8.51857445335804,True,0.0
84432-6FN-70,48,48.49366932602573,81.92864253670821,True,0.0
84434-6AT-130,48,48.0470481884346,75.91553115786724,True,0.0
84513-6DT-120,48,48.03184481937262,27.810640127139486,True,0.0
84551-6FN-75,48,47.646762380753415,59.88056748095799,True,0.0
84603-5KS-140,48,48.076888038918625,31.318288431463387,True,0.0
84605-5H5-130,48,48.415817718213155,34.57539042833558,True,0.0
84608-61B-150,48,47.71749934795003,36.07866827304582,True,0.0
84617-2KU-90,48,48.470084963990246,29.063371664398023,True,0.0
84618-1VS-120,48,47.93024091268077,30.316103201656553,True,0.0
84628-6GV-85,48,48.41226487725311,47.35325210837264,True,0.0
47681-2YG-140,47,46.908579745994444,0.0,True,0.0
50754-4SN-S,47,46.736799785219105,101.97234713284479,True,0.0
66708-1S1-130,47,46.56555920912703,0.0,True,0.0
67377-3KM-100,47,46.60794903457849,62.38603055547506,True,0.0
67377-SR4-120,47,46.600927817225234,142.56084894002134,True,0.0
67379-5KB-85,47,46.98357204253256,5.762565071389263,True,0.0
67848-5ZE-100,47,47.03183443869737,55.12018763937555,True,0.0
67848-5ZE-140,47,46.7935523129689,59.88056748095799,True,0.0
68048-76X-70,47,46.5773511160144,42.5928722667902,True,0.0
80441-A91-150,47,47.09803783760921,57.375104406440926,True,0.0
80441-A91-85,47,46.626665295731044,27.309547512236072,True,0.0
80504-3CW-10/12,47,47.42789329148127,30.817195816559973,True,0.0
81346-5HP-150,47,47.23723395159938,34.57539042833558,True,0.0
81700-5ZA-150,47,47.22660165057006,32.57101996872192,True,0.0
82614-5KX-130,47,47.33833923546295,70.65405870138139,True,0.0
82646-5HP-130,47,46.98201025287385,47.85434472327605,True,0.0
82731-39K-80,47,46.66279016680791,0.0,True,0.0
82775-5ZH-120,47,47.29875351790498,28.3117327420429,True,0.0
82778-5SQ-90,47,46.81091066178069,48.60598364563117,True,0.0
82788-6DB-100,47,46.510916885597894,32.57101996872192,True,0.0
82799-5YP-140,47,46.997873357463654,20.29425090358827,True,0.0
82987-45R-90,47,46.93880364311237,0.0,True,0.0
83000-1SA-75,47,47.439296275745114,58.87838225115116,True,0.0
83154-4QH-130,47,46.92295305889536,36.579760887949234,True,0.0
83245-3T3-100,47,47.08386825196053,5.010926149034142,True,0.0
83403-5MM-60,47,46.87015250303786,64.89149362999213,True,0.0
84082-5NF-110,47,46.7781853334155,79.92427207709456,True,0.0
84082-6AN-140,47,46.607729915069434,75.66498485041554,True,0.0
84090-5KL-130,47,47.48783641973649,40.33795549972484,True,0.0
84140-5NX-85,47,46.99240954252025,0.0,True,0.0
84201-5DW-120,47,47.254525074450044,47.60379841582434,True,0.0
84411-5OB-140,47,46.98601306961562,7.265842916099506,True,0.0
84426-66J-70,47,46.9718140388474,58.87838225115116,True,0.0
84426-66J-75,47,47.402557352964166,54.11800240956873,True,0.0
84426-66J-80,47,46.58720998158037,44.597242726403856,True,0.0
84432-61J-80,47,46.654401865789026,33.072112583625334,True,0.0
84433-67K-100,47,47.214540955908575,53.86745610211702,True,0.0
84460-61J-90,47,46.96547684367569,121.51495911407795,True,0.0
84485-69I-120,47,46.843083098559745,42.09177965188679,True,0.0
84492-48B-120,47,47.383878782395485,67.39695670450921,True,0.0
84495-5ZG-110,47,46.800034186483956,39.33577026991801,True,0.0
84505-5ZY-110,47,46.796072862046216,61.13329901821652,True,0.0
84512-5UT-120,47,47.167173654340154,46.85215949346922,True,0.0
84514-6DS-110,47,47.330197373796935,35.5775756581424,True,0.0
84601-6FX-130,47,47.38164974777604,35.5775756581424,True,0.0
84605-5ZL-140,47,47.3041918945747,44.09615011150044,True,0.0
84608-6CN-110,47,46.68179930216218,151.83106231573447,True,0.0
84636-1QH-85,47,46.71912206365265,65.64313255234725,True,0.0
84660-1KC-70,47,47.384785366533976,47.60379841582434,True,0.0
84660-CB8-60,47,47.10919725287593,24.05244551536388,True,0.0
43205-5HC-90,46,45.78464582800558,103.47562497755501,True,0.0
45346-SR4-120,46,46.10980067711279,123.2687832662399,True,0.0
67848-5ZE-120,46,45.78395604274807,98.9657914434243,True,0.0
80441-5HR-100,46,46.3240312267239,74.1617070057053,True,0.0
80617-65Z-60,46,46.439119778902196,61.884937940571646,True,0.0
80617-6EA-70,46,45.88666358046819,83.18137407396675,True,0.0
81318-1DE-160,46,46.494063034335845,29.063371664398023,True,0.0
81339-3IF-160,46,46.401262526713865,36.83030719540094,True,0.0
81617-1AX-90,46,46.02628414206535,0.0,True,0.0
82244-2F2-90,46,46.35105583684477,0.0,True,0.0
82554-2LB-140,46,45.9557041853603,0.0,True,0.0
82578-5LP-110,46,45.82350038187775,1.5032778447102424,True,0.0
82615-5DR-120,46,45.92082684887597,118.00731080975405,True,0.0
82677-GK3-150,46,45.97218217870292,34.324844120883874,True,0.0
82682-5M5-85,46,46.22388625681751,0.0,True,0.0
82718-65Z-130,46,45.54410578246989,26.056815974977535,True,0.0
82723-5ZU-130,46,45.68244883990858,36.579760887949234,True,0.0
82768-5YM-110,46,45.65217833266582,74.66279962060871,True,0.0
82778-5SQ-100,46,45.70022782352566,66.8958640896058,True,0.0
82787-5HR-120,46,46.410598402892894,38.58413134756289,True,0.0
82788-5XB-150,46,45.70195027678321,33.823751505980454,True,0.0
82788-6AN-140,46,46.35761660192705,28.812825356946313,True,0.0
83000-1SA-80,46,45.616990283683315,43.845603804048736,True,0.0
83059-5TB-90,46,45.67147565169624,75.16389223551212,True,0.0
83097-5ZA-120,46,45.91371536035717,60.632206403313106,True,0.0
83830-4BW-110,46,45.57255967558824,21.2964361333951,True,0.0
84082-5KC-90,46,46.38953866412976,0.0,True,0.0
84082-6GS-100,46,45.88666358046819,66.64531778215408,True,0.0
84252-5FK-75,46,45.8033932354646,13.028407987488768,True,0.0
84306-1WC-70,46,45.50151168201657,79.42317946219114,True,0.0
84339-5VT-110,46,45.50414200468788,13.529500602392183,True,0.0
84414-5MA-60,46,46.3988099314535,18.289880443974617,True,0.0
84434-65K-100,46,46.35761660192705,53.366363487213604,True,0.0
84434-6AT-150,46,45.88666358046819,55.62128025427897,True,0.0
84460-6GW-130,46,46.13589931214709,124.27096849604672,True,0.0
84505-5ZY-140,46,46.053746677121325,23.80189920791217,True,0.0
84528-1SA-90,46,46.25257524243729,40.58850180717654,True,0.0
84538-6GW-70,46,45.70022782352566,46.60161318601752,True,0.0
84620-5WH-120,46,45.92510946655642,69.65187347157456,True,0.0
84641-60J-120,46,45.91065768532062,79.42317946219114,True,0.0
41423-SR4-100,45,44.64346838250112,0.0,True,0.0
43205-SR4-120,45,44.56871971223745,123.01823695878817,True,0.0
45346-5HB-100,45,44.63366119474203,150.82887708592767,True,0.0
45346-5HR-130,45,44.946139657859476,119.51058865446427,True,0.0
45346-SR4-100,45,45.17471581804506,60.1311137884097,True,0.0
58661-4PQ-M,45,44.50421984879043,65.14203993744384,True,0.0
64336-GK3-3Y/5Y,45,45.304175957521686,17.03714890671608,True,0.0
67848-5HO-130,45,45.17639294247069,55.370733946827265,True,0.0
81059-539-XS,45,45.47023569584879,0.0,True,0.0
81336-1NX-100,45,44.58850149304329,0.0,True,0.0
81351-32B-100,45,45.36815053926074,3.006555689420485,True,0.0
81710-5ZU-70,45,44.615176394872776,47.35325210837264,True,0.0
81746-1ZB-150,45,45.04105987318696,0.0,True,0.0
82603-6HB-90,45,45.273523905125366,34.07429781343216,True,0.0
82718-5ZU-130,45,44.54894659667629,24.55353813026729,True,0.0
82719-5XV-130,45,44.72380905565682,39.83686288482143,True,0.0
82721-5XA-120,45,45.026747738677315,68.90023454921945,True,0.0
82721-5XB-140,45,45.0308114672683,18.540426751426324,True,0.0
82723-6CY-120,45,44.5345189928268,48.60598364563117,True,0.0
82788-6DB-120,45,45.42443790573404,25.05463074517071,True,0.0
82788-6EX-130,45,45.32625913989676,45.59942795621069,True,0.0
82788-6GT-90,45,44.92381921538161,34.82593673578728,True,0.0
82891-1SA-140,45,44.63366119474203,45.348881648758976,True,0.0
83121-1SE-120,45,44.96773237817333,0.0,True,0.0
84295-4AE-140,45,45.21801220375549,9.270213375713162,True,0.0
84298-5XV-120,45,44.53106384745739,55.871826561730686,True,0.0
84328-5MW-140,45,44.924253514714835,34.82593673578728,True,0.0
84338-6AS-120,45,45.2333100734742,11.02403752787511,True,0.0
84367-5VR-140,45,45.05669965743368,16.536056291812667,True,0.0
84428-6GQ-150,45,44.636415033499894,48.856529953082884,True,0.0
84428-6GQ-90,45,45.45714289188278,45.59942795621069,True,0.0
84432-6AG-80,45,45.45496325569131,54.619095024472145,True,0.0
84460-66I-120,45,45.12857512743864,111.49310681600964,True,0.0
84515-6DT-120,45,45.17639294247069,47.85434472327605,True,0.0
84525-6AW-L,45,44.92984324166722,32.320473661270206,True,0.0
84544-1SA-80,45,45.179281282369246,34.324844120883874,True,0.0
84596-5XX-75,45,44.8508125557254,17.03714890671608,True,0.0
84620-6GV-90,45,44.86924905960044,98.9657914434243,True,0.0
84628-6GV-90,45,44.75376915822461,73.66061439080188,True,0.0
84660-1KC-75,45,44.93624502503726,36.32921458049753,True,0.0
45346-015-120,44,44.45630734370467,130.5346261823394,True,0.0
58665-4TD-XS,44,44.15445058991533,101.72180082539307,True,0.0
65642-5LG-130,44,43.91592191952209,95.7086894465521,True,0.0
67377-3KM-130,44,44.185811035521695,59.63002117350628,True,0.0
67567-31Y-90,44,43.99594635868806,0.0,True,0.0
67567-4JY-120,44,43.74695908011319,25.80626966752583,True,0.0
80617-6BO-80,44,43.589986247508456,84.68465191867699,True,0.0
81339-1OJ-120,44,43.98137301585534,23.551352900460465,True,0.0
81380-5HP-130,44,44.37939539339975,46.3510668785658,True,0.0
81551-5HR-130,44,43.734996495526595,33.57320519852875,True,0.0
81666-42R-60,44,44.12077057774072,19.79315828868486,True,0.0
81861-26B-140,44,44.101202977081954,0.0,True,0.0
82029-2Y2-60,44,44.068256712227544,0.0,True,0.0
82644-1AX-90,44,43.71687504534082,0.0,True,0.0
82646-5HC-110,44,43.63762577031647,45.348881648758976,True,0.0
82718-5XW-90,44,44.30715747472735,35.82812196559411,True,0.0
82718-6CY-120,44,43.98224608877257,49.10707626053458,True,0.0
82723-5XE-120,44,44.34965304475462,52.11363194995507,True,0.0
82775-GK3-100,44,44.15915533848379,19.54261198123315,True,0.0
82776-5KS-110,44,43.699489503771744,31.568834738915093,True,0.0
82777-5HO-130,44,44.491378056353184,53.366363487213604,True,0.0
82778-GK3-100,44,43.83670435028651,44.597242726403856,True,0.0
82778-GK3-120,44,44.18976239466147,53.1158171797619,True,0.0
82778-GK3-130,44,44.28717533750131,39.58631657736972,True,0.0
83077-3F3-100,44,43.82117127654724,0.0,True,0.0
83109-5QR-70,44,44.39863690026442,0.0,True,0.0
83403-4KH-NB,44,44.34588222571194,0.0,True,0.0
83646-4BZ-50,44,44.2670449308558,7.265842916099506,True,0.0
83844-4VP-50,44,44.048324497488814,0.0,True,0.0
83874-4WB-90,44,44.30987783601688,0.0,True,0.0
84082-6DC-150,44,43.69180813974059,72.65842916099506,True,0.0
84087-5LY-50,44,43.77148300942665,0.0,True,0.0
84120-5SB-100,44,44.230360132403575,42.342325959338496,True,0.0
84171-5MB-60,44,43.70885126548515,48.60598364563117,True,0.0
84201-5DW-130,44,43.514457474271744,39.0852239624663,True,0.0
84204-5OV-L,44,44.30715747472735,51.11144672014824,True,0.0
84306-6FN-75,44,44.42545422098123,71.1551513162848,True,0.0
84328-5MW-120,44,44.01733442653591,27.560093819687776,True,0.0
84348-5VT-120,44,44.46819340646691,9.771305990616575,True,0.0
84358-5VQ-120,44,44.42848624974937,75.41443854296384,True,0.0
84371-5GZ-70,44,44.275730191277276,3.257101996872192,True,0.0
84420-5KW-60,44,44.230868654694596,30.817195816559973,True,0.0
84434-6BL-90,44,43.89905987305564,33.823751505980454,True,0.0
84455-6CR-150,44,44.337571654488286,1.5032778447102424,True,0.0
84460-5ZU-130,44,43.921277868164196,133.04008925685648,True,0.0
84505-61O-100,44,43.56741472526951,75.41443854296384,True,0.0
84505-61O-90,44,43.920815723895345,54.869641331923845,True,0.0
84506-6HE-130,44,43.87967216874037,16.786602599264373,True,0.0
84510-6EX-120,44,43.828273160975414,19.041519366329737,True,0.0
84512-5UT-110,44,44.025398621046534,27.059001204784366,True,0.0
84551-6FN-80,44,43.94573614000365,47.10270580092093,True,0.0
84653-6HM-90,44,43.56187436165026,3.257101996872192,True,0.0
43205-015-130,43,43.018878677408026,79.17263315473944,True,0.0
47681-2XQ-100,43,42.705623553078595,0.0,True,0.0
50763-4ST-M,43,43.38622594769335,39.33577026991801,True,0.0
52309-4SL-S,43,43.10067447908088,37.83249242520777,True,0.0
58661-4PQ-S,43,43.00222794942617,71.90679023863993,True,0.0
58662-4SM-L,43,43.134052719936605,56.122372869182385,True,0.0
67522-5SC-90,43,43.12161997580883,34.57539042833558,True,0.0
80223-1AY-M,43,43.45609836214554,0.0,True,0.0
80441-5GZ-110,43,43.317551015959594,59.63002117350628,True,0.0
80441-A91-100,43,42.506144708326985,77.16826269512578,True,0.0
81318-2NL-160,43,42.88434020551374,24.804084437719,True,0.0
81338-5NF-120,43,42.606935821876554,88.94393914535601,True,0.0
81380-5H5-130,43,42.66528239617135,48.10489103072776,True,0.0
81380-5HP-140,43,43.074043167172604,38.083038732659475,True,0.0
81551-5HK-140,43,42.796617020627785,13.780046909843888,True,0.0
81710-5ZU-75,43,43.32229091162509,54.619095024472145,True,0.0
81710-5ZX-75,43,42.71066646321444,56.6234654840858,True,0.0
82583-2OB-75,43,43.32179591219053,0.0,True,0.0
82713-IVJ-50,43,43.19562510257863,0.0,True,0.0
82718-5ZU-110,43,43.403480379997944,24.55353813026729,True,0.0
82723-5XA-100,43,43.36280080383497,33.072112583625334,True,0.0
82723-5XA-110,43,42.778180101248175,48.60598364563117,True,0.0
82775-5ZH-100,43,42.7729200126258,17.03714890671608,True,0.0
82778-M07-130,43,43.29398408596258,50.10926149034142,True,0.0
82999-60J-90,43,43.28157607936253,20.29425090358827,True,0.0
83059-5TA-130,43,43.187033864866095,43.34451118914532,True,0.0
83256-5TS-110,43,42.879726173722304,20.544797211039977,True,0.0
83343-5FB-50,43,42.6702474183695,0.0,True,0.0
83403-4KH-75,43,43.378872103571744,0.0,True,0.0
83403-4NE-50,43,43.354679479128535,0.0,True,0.0
83403-4NE-80,43,42.89391564745411,0.0,True,0.0
84082-6AN-120,43,43.204901686370434,132.53899664195305,True,0.0
84085-5M5-150,43,42.69020834968218,0.0,True,0.0
84091-5LT-140,43,42.78426649885792,0.0,True,0.0
84204-5PM-M,43,43.418747812083254,48.60598364563117,True,0.0
84296-4YS-80,43,43.36720362282662,0.0,True,0.0
84433-6HD-150,43,43.26805167796515,11.274583835326819,True,0.0
84455-6CR-130,43,42.965988462994446,4.0087409192273125,True,0.0
84495-5ZL-110,43,42.7729200126258,20.544797211039977,True,0.0
84506-6HE-90,43,42.6702575963465,18.540426751426324,True,0.0
84561-5WH-60,43,43.16470771516217,26.307362282429242,True,0.0
84619-68I-130,43,42.90702962013507,56.87401179153751,True,0.0
84620-60J-120,43,42.63250828591188,63.3882157852819,True,0.0
84636-67K-85,43,43.317551015959594,65.64313255234725,True,0.0
84647-6HK-75,43,42.82581545270984,62.13548424802336,True,0.0
84660-1LG-70,43,42.58561898789439,33.57320519852875,True,0.0
43205-SR4-110,42,41.98735932514177,86.93956868574236,True,0.0
45346-SR4-110,42,42.44663747098897,83.68246668887016,True,0.0
47684-2NP-150,42,42.07251492940201,0.0,True,0.0
67848-5HO-120,42,42.163225184333925,61.13329901821652,True,0.0
80467-5M5-100,42,41.934222090260874,24.804084437719,True,0.0
81339-3MO-120,42,41.68421005321629,12.276769065133646,True,0.0
82046-2UY-M,42,42.20894465327157,0.0,True,0.0
82420-2JP-85,42,42.09471334064531,0.0,True,0.0
82712-2KM-150,42,41.54858814981727,0.0,True,0.0
82717-5XF-90,42,42.15125739743445,37.331399810304355,True,0.0
82719-5XV-140,42,42.47644311029716,20.29425090358827,True,0.0
82721-6GW-150,42,42.3780338394536,19.041519366329737,True,0.0
82787-5HB-130,42,41.77109641892181,51.61253933505166,True,0.0
82788-5XC-150,42,42.43002705228205,22.04807505575022,True,0.0
82824-5KH-100,42,42.09432838088679,9.520759683164869,True,0.0
83000-60J-70,42,41.59634296616926,37.08085350285265,True,0.0
83000-67K-75,42,42.12988592831584,97.21196729126234,True,0.0
83059-5TB-110,42,42.46921864885721,73.15952177589847,True,0.0
83117-1SH-90,42,41.65065587653494,52.614724564858484,True,0.0
83154-4QH-140,42,41.945420867979685,39.0852239624663,True,0.0
83403-5MK-80,42,42.47190755715361,54.11800240956873,True,0.0
83533-3TV-70,42,41.528827797947855,0.0,True,0.0
84082-6AI-140,42,41.70803731820611,26.056815974977535,True,0.0
84252-5FF-70,42,42.03054213530237,0.0,True,0.0
84306-61J-80,42,42.29311633441488,61.63439163311995,True,0.0
84306-6AG-80,42,42.22335683080879,52.36417825740678,True,0.0
84328-5NC-140,42,41.83427620440541,18.03933413652291,True,0.0
84419-5MA-75,42,42.01634982550985,27.059001204784366,True,0.0
84422-6GS-100,42,41.596135826383005,20.29425090358827,True,0.0
84422-6GS-120,42,42.4296954260388,48.10489103072776,True,0.0
84434-6BL-140,42,41.99483563511851,62.38603055547506,True,0.0
84538-60K-85,42,42.10227501466881,15.53387106200584,True,0.0
84601-6FX-120,42,42.22335683080879,52.36417825740678,True,0.0
84603-5KT-130,42,42.17808452529976,34.324844120883874,True,0.0
84618-1VS-110,42,41.85881385472931,32.320473661270206,True,0.0
84619-1WC-100,42,41.52065379525844,37.58194611775606,True,0.0
84636-1QH-75,42,41.90168900728862,48.35543733817947,True,0.0
33218-06G-100,41,40.6776607915882,0.0,True,0.0
61956-3IL-120,41,40.870249407965346,28.3117327420429,True,0.0
67071-FX7-XL,41,40.8815859104336,0.0,True,0.0
67447-4DP-75,41,41.23615545154747,30.56664950910826,True,0.0
67563-4JY-150,41,41.48510120036422,17.7887878290712,True,0.0
80493-1CH-110,41,41.39031641381291,0.0,True,0.0
80617-65Z-70,41,40.9838199737688,107.98545851168575,True,0.0
81339-3LS-140,41,40.67011271143714,14.531685832199011,True,0.0
81346-SR4-120,41,41.24245583905549,74.41225331315701,True,0.0
81496-32H-130,41,41.458501026119706,0.0,True,0.0
81551-5HB-150,41,41.46453512434152,17.28769521416779,True,0.0
81666-42C-80,41,41.4063363351587,25.55572336007412,True,0.0
81710-5ZX-80,41,40.816266217838304,45.098335341307276,True,0.0
82118-2VS-XL,41,41.28437529752286,0.0,True,0.0
82454-2YR-90,41,41.04909816200367,0.0,True,0.0
82662-5NE-60,41,40.656989376725434,0.0,True,0.0
82718-5XD-110,41,40.594384149841886,27.059001204784366,True,0.0
82719-5XD-150,41,41.483084306358975,27.059001204784366,True,0.0
82719-5ZU-140,41,40.73326364559625,33.57320519852875,True,0.0
82723-5ZN-90,41,40.69658929942442,7.265842916099506,True,0.0
