file_id,source_file,sheet_name,sheet_type,event_name,effective_date_text,start_date,end_date,source_file_date,promo_scope,row_count,distinct_style_count,distinct_offer_cc_count,total_avail_inv,notes
a9f9a54a0421,12.26 HANNASALE PDL1.xlsx,Tier 1 Pin Reccomendations,tier1_recommendation,0% Offers,Web/Marketing: Up to % off,,,2025-12-26,Clearance,30,21,30,111036.0,
a9f9a54a0421,12.26 HANNASALE PDL1.xlsx,Tier 1 Recommendations,tier1_recommendation,0% Offers,Web/Marketing: Up to % off,,,2025-12-26,Clearance,0,0,0,0.0,
a9f9a54a0421,12.26 HANNASALE PDL1.xlsx,"Total HS ALL CLR, FS Offers",final_sale,ALL CLR/FINAL SALE OFFERS,Web/Marketing: Up to % off,,,2025-12-26,Clearance,1726,705,1572,862441.0,
93c153fb19b1,"12.8.23 50% off Sitewide (exlcuding New Arrivals, Bundles, + Bluey) PDL.xlsx",All Promo Discounts,aggregate_promo_offers,"12.8.23 50% off Sitewide (exlcuding New Arrivals, Bundles, + Bluey) PDL",12.8.23 - 12.11.23,2023-12-08,2023-12-11,2023-12-08,New Arrivals|Sitewide,1549,613,1549,1890090.0,
d83d280294a8,12.20.23 Up to 50% off Holiday  PDL.xlsx,All Promo Discounts,aggregate_promo_offers,12.20.23 Up to 50% off Holiday,12.20.23 - 12.25.23,2023-12-20,2023-12-25,2023-12-20,Holiday,1622,621,1622,1621969.0,
c60394dfe5d9,12.26.23 Hanna Sale Up to 60% off PDL.xlsx,All Markdowns,markdown,12.26.23 Hanna Sale Markdowns,12.26.23,2023-12-26,2023-12-26,2023-12-26,Clearance,2195,839,2194,791151.0,
c60394dfe5d9,12.26.23 Hanna Sale Up to 60% off PDL.xlsx,All Promo Discounts,aggregate_promo_offers,12.26.23 Hanna Sale Promo Pricing,12.26.23 - 1.8.24,2023-12-26,2024-01-08,2023-12-26,Clearance,573,275,573,901561.0,
4f272317f643,7.30.24 All Sleep on Sale starting from $25 + Mix & Match PDL.xlsx,All Promo Discounts,aggregate_promo_offers,7.30.24 All Sleep on Sale starting from $25,7.30.24-8.5.24,2024-07-30,2024-08-05,2024-07-30,Sleep/PJs,741,274,741,1080776.0,
4f272317f643,7.30.24 All Sleep on Sale starting from $25 + Mix & Match PDL.xlsx,Mix & Match,promo_detail,7.30.24 Mix & Match Get it in Time for Picture Day,7.30.24-8.5.24,2024-07-30,2024-08-05,2024-07-30,Sleep/PJs,553,141,553,728030.0,
a4ee9757b895,9.11.24 Halloween from $25 + Dresses & Leggings up to 40% off PDL.xlsx,All Promo Discounts,aggregate_promo_offers,9.11.24 Halloween from $25 + Dresses & Leggings up to 40% off PDL,9.11.24-9.17.24,2024-09-11,2024-09-17,2024-09-11,Dresses|Halloween,1525,539,1525,2601808.0,
a4ee9757b895,9.11.24 Halloween from $25 + Dresses & Leggings up to 40% off PDL.xlsx,Dress & Legging Promo Discounts,promo_detail,9.11.24 Halloween from $25 + Dresses & Leggings up to 40% off PDL,9.11.24-9.17.24,2024-09-11,2024-09-17,2024-09-11,Dresses|Halloween,163,57,163,340213.0,
a4ee9757b895,9.11.24 Halloween from $25 + Dresses & Leggings up to 40% off PDL.xlsx,Halloween Promo Discounts,promo_detail,9.11.24 Halloween from $25 + Dresses & Leggings up to 40% off PDL,9.11.24-9.17.24,2024-09-11,2024-09-17,2024-09-11,Dresses|Halloween,104,57,104,176270.0,
a4ee9757b895,9.11.24 Halloween from $25 + Dresses & Leggings up to 40% off PDL.xlsx,Stripe Promo Discounts,promo_detail,9.13.24 40% off all Stripe PJs PDL,9.13.24-9.16.24,2024-09-13,2024-09-16,2024-09-11,Dresses|Sleep/PJs|Halloween,122,43,122,192200.0,
2119fa886571,9.18.24 Big Fall Sale Up to 50% off + New Markdowns PDL.xlsx,All Promo Discounts,markdown,9.18.24 Big Fall Sale up to 50% off + New Markdowns,9.18.24-9.22.24,2024-09-18,2024-09-22,2024-09-18,Clearance,1270,516,1270,2411060.0,
2119fa886571,9.18.24 Big Fall Sale Up to 50% off + New Markdowns PDL.xlsx,Markdowns,markdown,9.18.24 Big Fall Sale up to 50% off + New Markdowns,9.18.24,2024-09-18,2024-09-18,2024-09-18,Clearance,389,161,388,156548.0,
d490ffa57efd,9.23.24 Sleep up to 30 + New Markdowns PDL.xlsx,All Promo Discounts,markdown,Sleep up to 30% off + Dresses Up to 40% off + New Markdowns PDL,9.23.24-9.30.24,2024-09-23,2024-09-30,2024-09-23,Dresses|Sleep/PJs|Clearance,1494,528,1494,2693745.0,
d490ffa57efd,9.23.24 Sleep up to 30 + New Markdowns PDL.xlsx,Dresses,markdown,Sleep up to 30% off + Dresses Up to 40% off + New Markdowns PDL,9.23.24-9.30.24,2024-09-23,2024-09-30,2024-09-23,Dresses|Sleep/PJs|Clearance,69,31,69,80496.0,
d490ffa57efd,9.23.24 Sleep up to 30 + New Markdowns PDL.xlsx,New Markdowns,markdown,Sleep up to 30% off + Dresses Up to 40% off + New Markdowns PDL,9.23.24-9.30.24,2024-09-23,2024-09-30,2024-09-23,Dresses|Sleep/PJs|Clearance,104,49,104,44877.0,
d490ffa57efd,9.23.24 Sleep up to 30 + New Markdowns PDL.xlsx,Sleep Discounts,markdown,Sleep up to 30% off + Dresses Up to 40% off + New Markdowns PDL,9.23.24-9.30.24,2024-09-23,2024-09-30,2024-09-23,Dresses|Sleep/PJs|Clearance,684,229,684,1478268.0,
436286bc001f,10.22.24 Sleep from $25 + Holiday Dress Up up to 40% off PDL.xlsx,All Promo Discounts,aggregate_promo_offers,Sleep from $25 + Holiday Dress Up up to 40% off,10.22.24-10.28.24,2024-10-22,2024-10-28,2024-10-22,Dresses|Sleep/PJs|Holiday,1544,572,1544,3360819.0,
436286bc001f,10.22.24 Sleep from $25 + Holiday Dress Up up to 40% off PDL.xlsx,Holiday Dress Up,promo_detail,Holiday Dress Up up to 40% off,10.22.24-10.28.24,2024-10-22,2024-10-28,2024-10-22,Dresses|Sleep/PJs|Holiday,318,142,318,458168.0,
436286bc001f,10.22.24 Sleep from $25 + Holiday Dress Up up to 40% off PDL.xlsx,New Markdowns,markdown,New Markdowns,10.22.24,2024-10-22,2024-10-22,2024-10-22,Dresses|Sleep/PJs|Clearance|Holiday,142,73,142,52743.0,
436286bc001f,10.22.24 Sleep from $25 + Holiday Dress Up up to 40% off PDL.xlsx,Sleep from $25,promo_detail,Sleep from $25,10.22.24-10.28.24,2024-10-22,2024-10-28,2024-10-22,Dresses|Sleep/PJs|Holiday,643,232,643,1917796.0,
e812c87a45fd,10.29.24 Dresses up to 40 off PDL.xlsx,All Promo Discounts,aggregate_promo_offers,Dresses up to 40% off + Cozy Layers up to 40% off,10.29.24-11.1.24,2024-10-29,2024-11-01,2024-10-29,Dresses,1004,499,1004,1837916.0,
e812c87a45fd,10.29.24 Dresses up to 40 off PDL.xlsx,Cozy Layers up to 40% off,promo_detail,Cozy Layers up to 40% off,10.29.24-11.1.24,2024-10-29,2024-11-01,2024-10-29,Dresses,130,64,130,206897.0,
e812c87a45fd,10.29.24 Dresses up to 40 off PDL.xlsx,Dresses up to 40% off,promo_detail,Dresses up to 40% off,10.29.24-11.1.24,2024-10-29,2024-11-01,2024-10-29,Dresses,158,70,158,188802.0,
7430e2657366,11.2.24 40% off Sitewide PDL.xlsx,All Promo Discounts,aggregate_promo_offers,11.2.24 40% off Sitewide,11.2.24-11.3.24,2024-11-02,2024-11-03,2024-11-02,Sitewide,1580,598,1580,3553269.0,
57034aa7be2b,11.4.24 All Family Match (Sleep) on Sale up to 40 off PDL.xlsx,All Promo Discounts,aggregate_promo_offers,11.4.24 All Family Match (Sleep) on Sale up to 40% off + Holiday Comfy Dress Up up to 40% off,11.4.24-11.11.24,2024-11-04,2024-11-11,2024-11-04,Dresses|Sleep/PJs|Holiday|Sitewide,1500,565,1500,3452018.0,
57034aa7be2b,11.4.24 All Family Match (Sleep) on Sale up to 40 off PDL.xlsx,Family Match Sleep,promo_detail,11.4.24 All Family Match (Sleep) on Sale up to 40% off,11.4.24-11.11.24,2024-11-04,2024-11-11,2024-11-04,Sleep/PJs|Sitewide,598,218,598,1889398.0,
57034aa7be2b,11.4.24 All Family Match (Sleep) on Sale up to 40 off PDL.xlsx,Holiday Comfy Dress Up,promo_detail,11.4.24 Holiday Comfy Dress Up up to 40% off,11.4.24-11.11.24,2024-11-04,2024-11-11,2024-11-04,Dresses|Sleep/PJs|Holiday|Sitewide,514,202,514,847573.0,
02e7a1ddfa70,11.12.24 Dress-Up Event up to 40 off PDL.xlsx,All Promo Discounts,aggregate_promo_offers,11.12.24 Dress-Up Event up to 40% off + Sleep up to 40% off,11.12.24-11.15.24,2024-11-12,2024-11-15,2024-11-12,Dresses|Sleep/PJs,1499,566,1499,3451637.0,
02e7a1ddfa70,11.12.24 Dress-Up Event up to 40 off PDL.xlsx,Dress-Up (Dresses Only),promo_detail,11.12.24 Dress-Up Event up to 40% off,11.12.24-11.15.24,2024-11-12,2024-11-15,2024-11-12,Dresses,146,65,146,261680.0,
02e7a1ddfa70,11.12.24 Dress-Up Event up to 40 off PDL.xlsx,Dress-Up (expanded),promo_detail,11.12.24 Dress-Up Event up to 40% off + Sleep up to 40% off,11.12.24-11.15.24,2024-11-12,2024-11-15,2024-11-12,Dresses|Sleep/PJs,390,163,390,680332.0,
02e7a1ddfa70,11.12.24 Dress-Up Event up to 40 off PDL.xlsx,Sleep,promo_detail,11.12.24 Sleep up to 40% off,11.12.24-11.15.24,2024-11-12,2024-11-15,2024-11-12,Dresses|Sleep/PJs,631,232,631,1950969.0,
b9149e29bc83,11.16.24 + 11.19.24 Early Black Friday PDL.xlsx,Early BF Pt. 1 (Total List),promo_detail,11.16.24 Early BF: 40% off Sitewide*,11.16.24-11.18.24,2024-11-16,2024-11-18,2024-11-16,Holiday|Sitewide,1590,602,1590,3864663.0,
b9149e29bc83,11.16.24 + 11.19.24 Early Black Friday PDL.xlsx,Early BF Pt. 2 (PJs only),promo_detail,11.19.24 Early BF: 50% off All Pajamas + 40% off Everything Else,11.19.24-11.24.24,2024-11-19,2024-11-24,2024-11-16,Sleep/PJs|Holiday|Sitewide,632,232,632,2331322.0,
b9149e29bc83,11.16.24 + 11.19.24 Early Black Friday PDL.xlsx,Early BF Pt. 2 (Total List),promo_detail,11.19.24 Early BF: 50% off All Pajamas + 40% off Everything Else,11.19.24-11.24.24,2024-11-19,2024-11-24,2024-11-16,Sleep/PJs|Holiday|Sitewide,1590,602,1590,3864663.0,
177456b23626,11.25.24 Black Friday + 11.30.24 Cyber Event PDL.xlsx,Black Friday (Total List),promo_detail,11.25.24 Black Friday Starts Here: 50% off Everything,11.25.24-11.29.24,2024-11-25,2024-11-29,2024-11-25,Holiday|Sitewide,1590,602,1590,3864663.0,
177456b23626,11.25.24 Black Friday + 11.30.24 Cyber Event PDL.xlsx,Cyber Event (Total List),promo_detail,11.30.24 Cyber Event: 50% off Everything,11.30.24-12.3.24,2024-11-30,2024-12-03,2024-11-25,Holiday|Sitewide,1590,602,1590,3864663.0,
d1e6e4082640,12.4.24 PJs starting at $20 + Comfy Dress-Up up to 50% off PDL.xlsx,All Promo Discounts,aggregate_promo_offers,12.4.24 PJs starting at $20 + Comfy Dress-Up up to 50% off,12.4.24-12.11.24,2024-12-04,2024-12-11,2024-12-04,Dresses|Sleep/PJs,1723,672,1723,3490225.0,
d1e6e4082640,12.4.24 PJs starting at $20 + Comfy Dress-Up up to 50% off PDL.xlsx,Comfy Dress Up,promo_detail,12.4.24 Comfy Dress-Up up to 50% off,12.4.24-12.11.24,2024-12-04,2024-12-11,2024-12-04,Dresses|Sleep/PJs,1001,388,1001,1421955.0,
d1e6e4082640,12.4.24 PJs starting at $20 + Comfy Dress-Up up to 50% off PDL.xlsx,PJs starting at $20,promo_detail,12.4.24 PJs starting at $20 ($20 highlighted in orange in column K),12.4.24-12.11.24,2024-12-04,2024-12-11,2024-12-04,Dresses|Sleep/PJs,693,256,693,1998261.0,
621357bce887,12.12.24 50 off Sitewide + Farewell Prints $15 PDL.xlsx,$15 Farewell Prints,promo_detail,12.12.24 Farewell Prints $15 PDL,12.12.24-12.15.24,2024-12-12,2024-12-15,2024-12-12,Sitewide,40,16,40,134095.0,
621357bce887,12.12.24 50 off Sitewide + Farewell Prints $15 PDL.xlsx,40% off Sitewide,promo_detail,12.12.24 40% off Sitewide*,12.12.24-12.15.24,2024-12-12,2024-12-15,2024-12-12,Sitewide,962,357,962,1177338.0,
621357bce887,12.12.24 50 off Sitewide + Farewell Prints $15 PDL.xlsx,50% off Holiday PJs,promo_detail,12.12.24 50% off Holiday PJs,12.12.24-12.15.24,2024-12-12,2024-12-15,2024-12-12,Sleep/PJs|Holiday|Sitewide,452,205,452,815074.0,
621357bce887,12.12.24 50 off Sitewide + Farewell Prints $15 PDL.xlsx,All Promo Discounts,aggregate_promo_offers,12.12.24 50% off Holiday PJs + 40% off Sitewide* + Farewell Prints $15 PDL,12.12.24-12.15.24,2024-12-12,2024-12-15,2024-12-12,Sleep/PJs|Holiday|Sitewide,1644,647,1644,2253541.0,
13ef202c18ce,12.16.24 All Holiday on Sale up to 50% off PDL.xlsx,All Promo Discounts,aggregate_promo_offers,12.16.24 All Holiday on Sale up to 50% off PDL,12.16.24-12.25.24,2024-12-16,2024-12-25,2024-12-16,Holiday,1637,641,1637,2125826.0,
13ef202c18ce,12.16.24 All Holiday on Sale up to 50% off PDL.xlsx,Holiday (Apparel),promo_detail,12.16.24 All Holiday on Sale up to 50% off PDL,12.16.24-12.25.24,2024-12-16,2024-12-25,2024-12-16,Holiday,628,273,628,423778.0,
13ef202c18ce,12.16.24 All Holiday on Sale up to 50% off PDL.xlsx,Holiday (Sleep),promo_detail,12.16.24 All Holiday on Sale up to 50% off PDL,12.16.24-12.25.24,2024-12-16,2024-12-25,2024-12-16,Sleep/PJs|Holiday,451,172,451,813845.0,
88605ba3ba45,12.26.24 Hanna Sale PDL.xlsx,All Promo Discounts,aggregate_promo_offers,12.26.24 Hanna Sale Up to 60% off PDL,12.26.24-1.8.25,2024-12-26,2025-01-08,2024-12-26,Clearance,950,397,950,1381574.0,
88605ba3ba45,12.26.24 Hanna Sale PDL.xlsx,Total Markdowns 12.26,markdown,12.26.24 New Markdowns,12.26.24,2024-12-26,2024-12-26,2024-12-26,Clearance,1180,530,1180,886859.0,
88605ba3ba45,12.26.24 Hanna Sale PDL.xlsx,Total Markdowns 1.2 (New Adds),markdown,1.2.25 Markdowns,1.2.25,2025-01-02,2025-01-02,2024-12-26,Clearance,1440,618,1438,1081139.0,
88605ba3ba45,12.26.24 Hanna Sale PDL.xlsx,$15 Sleep Flash Sale,promo_detail,1.4.25 $15 Sleep Flash Sale,1.4.25-1.5.25,2025-01-04,2025-01-05,2024-12-26,Sleep/PJs|Clearance,48,32,48,174222.0,
88605ba3ba45,12.26.24 Hanna Sale PDL.xlsx,1.6 Final Phase Furthers,final_sale,1.6.25 Hanna Sale Up to 70% off (Clearance and Final Sale Furthers),1.6.25,2025-01-06,2025-01-06,2024-12-26,Clearance,730,360,730,511642.0,
fff1bad2ef6c,1.21.25 All Vday up to 40 off.xlsx,All Promo Discounts,aggregate_promo_offers,1.21.25 All Vday up to 40% off + Dresses up to 30% off,1.21.25-1.27.25,2025-01-21,2025-01-27,2025-01-21,Valentine|Dresses,1711,612,1711,2271117.0,
fff1bad2ef6c,1.21.25 All Vday up to 40 off.xlsx,Dresses,promo_detail,1.21.25 Dresses up to 30% off,1.21.25-1.27.25,2025-01-21,2025-01-27,2025-01-21,Valentine|Dresses,169,69,169,269829.0,
fff1bad2ef6c,1.21.25 All Vday up to 40 off.xlsx,Vday,promo_detail,1.21.25 All Vday up to 40% off,1.21.25-1.27.25,2025-01-21,2025-01-27,2025-01-21,Valentine,102,58,102,61524.0,
cb3de7e16fc9,1.28.25 Kids Outfitting Mix & Match 30 off.xlsx,All Promo Discounts,aggregate_promo_offers,1.28.25 Kids Outfitting Mix & Match 30% off + Sleep up to 30% off,1.28.25-2.3.25,2025-01-28,2025-02-03,2025-01-28,Sleep/PJs|Kids,1713,612,1713,2305360.0,
cb3de7e16fc9,1.28.25 Kids Outfitting Mix & Match 30 off.xlsx,Mix & Match,promo_detail,1.28.25 Kids Outfitting Mix & Match 2+ for 30% off,1.28.25-2.3.25,2025-01-28,2025-02-03,2025-01-28,Kids,235,64,235,386303.0,
cb3de7e16fc9,1.28.25 Kids Outfitting Mix & Match 30 off.xlsx,Sleep,promo_detail,1.28.25 Kids Outfitting Mix & Match 30% off + Sleep up to 30% off,1.28.25-2.3.25,2025-01-28,2025-02-03,2025-01-28,Sleep/PJs|Kids,638,211,638,957925.0,
d2a49bb39028,2.10.25 Sleep up to 30% off PDL.xlsx,All Promo Discounts,aggregate_promo_offers,2.10.25 Sleep up to 30% off,2.10.25-2.13.25,2025-02-10,2025-02-13,2025-02-10,Sleep/PJs,1090,342,1090,1703722.0,
d2a49bb39028,2.10.25 Sleep up to 30% off PDL.xlsx,Sleep,promo_detail,2.10.25 Sleep up to 30% off,2.10.25-2.13.25,2025-02-10,2025-02-13,2025-02-10,Sleep/PJs,244,66,244,440274.0,
00f8e110e6b2,2.19.25 Sleep up to 30 off PDL.xlsx,All Promo Discounts,aggregate_promo_offers,2.19.25 Sleep up to 30% off + Kids Outfitting up to 30% off PDL,2.19.25-2.24.25,2025-02-19,2025-02-24,2025-02-19,Sleep/PJs|Kids,1577,555,1577,2352793.0,
00f8e110e6b2,2.19.25 Sleep up to 30 off PDL.xlsx,Baby Swim,promo_detail,2.19.25 Baby Swim up to 30% off,2.19.25-2.24.25,2025-02-19,2025-02-24,2025-02-19,Sleep/PJs|Swim|Baby,24,7,24,19835.0,
00f8e110e6b2,2.19.25 Sleep up to 30 off PDL.xlsx,Kids Outfitting,promo_detail,2.19.25 Sleep up to 30% off + Kids Outfitting up to 30% off PDL,2.19.25-2.24.25,2025-02-19,2025-02-24,2025-02-19,Sleep/PJs|Kids,427,126,427,778727.0,
00f8e110e6b2,2.19.25 Sleep up to 30 off PDL.xlsx,Sleep,promo_detail,2.19.25 Sleep up to 30% off + Kids Outfitting up to 30% off PDL,2.19.25-2.24.25,2025-02-19,2025-02-24,2025-02-19,Sleep/PJs|Kids,622,205,622,958514.0,
40a716632e0c,2.25.25 Dresses up to 30 off PDL.xlsx,All Promo Discounts,aggregate_promo_offers,2.25.25 All Dresses up to 30% off + Swim up to 30% off,2.25.25-3.3.25,2025-02-25,2025-03-03,2025-02-25,Dresses|Swim,1542,543,1542,2401583.0,
40a716632e0c,2.25.25 Dresses up to 30 off PDL.xlsx,Baby Sleepers,promo_detail,2.25.25 Baby Sleepers starting at $25,2.25.25-3.3.25,2025-02-25,2025-03-03,2025-02-25,Dresses|Sleep/PJs|Baby,77,21,77,117831.0,
40a716632e0c,2.25.25 Dresses up to 30 off PDL.xlsx,Baby Swim,promo_detail,2.25.25 Baby Swim up to 30% off,2.25.25-3.3.25,2025-02-25,2025-03-03,2025-02-25,Dresses|Swim|Baby,24,7,24,21850.0,
40a716632e0c,2.25.25 Dresses up to 30 off PDL.xlsx,Dresses,promo_detail,2.25.25 All Dresses up to 30% off + Swim up to 30% off,2.25.25-3.3.25,2025-02-25,2025-03-03,2025-02-25,Dresses|Swim,164,76,164,259741.0,
40a716632e0c,2.25.25 Dresses up to 30 off PDL.xlsx,Swim,promo_detail,2.25.25 Dresses up to 30% off + Swim up to 30% off,2.25.25-3.3.25,2025-02-25,2025-03-03,2025-02-25,Dresses|Swim,124,31,124,179279.0,
0d56f224a7b3,3.4.25 Spring Break up to 30 off PDL.xlsx,All Promo Discounts,aggregate_promo_offers,3.4.25 Spring Break up to 30% off + Easter up to 30% off,3.4.25-3.10.25,2025-03-04,2025-03-10,2025-03-04,Easter,2025,683,2025,2496408.0,
0d56f224a7b3,3.4.25 Spring Break up to 30 off PDL.xlsx,Baby Easter,promo_detail,3.4.25 Spring Break up to 30% off + Easter up to 30% off PDL,3.4.25-3.10.25,2025-03-04,2025-03-10,2025-03-04,Easter|Baby,21,12,21,16204.0,
0d56f224a7b3,3.4.25 Spring Break up to 30 off PDL.xlsx,Baby Swim,promo_detail,3.4.25 Baby Swim (Novelty) up to 30% off,3.4.25-3.10.25,2025-03-04,2025-03-10,2025-03-04,Swim|Baby,24,7,24,21234.0,
0d56f224a7b3,3.4.25 Spring Break up to 30 off PDL.xlsx,Easter,promo_detail,3.4.25 Spring Break up to 30% off + Easter up to 30% off,3.4.25-3.10.25,2025-03-04,2025-03-10,2025-03-04,Easter,67,46,67,80366.0,
0d56f224a7b3,3.4.25 Spring Break up to 30 off PDL.xlsx,Spring Break (Apparel + Swim),promo_detail,3.4.25 Spring Break up to 30% off + Easter up to 30% off,3.4.25-3.10.25,2025-03-04,2025-03-10,2025-03-04,Swim|Easter,1206,396,1206,1340581.0,
aeaf06546186,3.11.25 Kids + Baby Sleep 30 off PDL.xlsx,All Promo Discounts,aggregate_promo_offers,3.11.25 Kids + Baby Sleep 30% off + All Swim up to 30% off,3.11.25-3.17.25,2025-03-11,2025-03-17,2025-03-11,Sleep/PJs|Swim|Baby|Kids,2016,679,2016,2439874.0,
aeaf06546186,3.11.25 Kids + Baby Sleep 30 off PDL.xlsx,Baby Easter,promo_detail,3.11.25 Babys First Easter - Up to 40% Off,3.11.25-3.17.25,2025-03-11,2025-03-17,2025-03-11,Sleep/PJs|Easter|Baby|Kids,21,12,21,14713.0,
aeaf06546186,3.11.25 Kids + Baby Sleep 30 off PDL.xlsx,Baby Swim,promo_detail,3.11.25 Baby Swim (Novelty) Up to 30% off,3.11.25-3.17.25,2025-03-11,2025-03-17,2025-03-11,Sleep/PJs|Swim|Baby|Kids,24,7,24,33456.0,
aeaf06546186,3.11.25 Kids + Baby Sleep 30 off PDL.xlsx,Kids & Baby Sleep,promo_detail,3.11.25 Kids + Baby Sleep 30% off + All Swim up to 30% off,3.11.25-3.17.25,2025-03-11,2025-03-17,2025-03-11,Sleep/PJs|Swim|Baby|Kids,291,61,291,646046.0,
aeaf06546186,3.11.25 Kids + Baby Sleep 30 off PDL.xlsx,Swim,promo_detail,3.11.25 Kids + Baby Sleep 30% off + All Swim up to 30% off,3.11.25-3.17.25,2025-03-11,2025-03-17,2025-03-11,Sleep/PJs|Swim|Baby|Kids,118,29,118,194000.0,
894508f889ba,3.18.25 Dresses up to 30% off + Signature HannaSoft PJs starting at $25 PDL.xlsx,All Promo Discounts,aggregate_promo_offers,3.18.25 Dresses up to 30% off + Signature HannaSoft PJs starting at $25,3.18.25-3.20.25,2025-03-18,2025-03-20,2025-03-18,Dresses|Sleep/PJs,2022,683,2022,2361259.0,
894508f889ba,3.18.25 Dresses up to 30% off + Signature HannaSoft PJs starting at $25 PDL.xlsx,Baby Easter,promo_detail,3.18.25 Babys First Easter - Up to 40% Off,3.18.25-3.20.25,2025-03-18,2025-03-20,2025-03-18,Dresses|Sleep/PJs|Easter|Baby,21,12,21,12595.0,
894508f889ba,3.18.25 Dresses up to 30% off + Signature HannaSoft PJs starting at $25 PDL.xlsx,Baby Swim,promo_detail,3.18.25 Baby Swim (Novelty) Up to 30% off,3.18.25-3.20.25,2025-03-18,2025-03-20,2025-03-18,Dresses|Sleep/PJs|Swim|Baby,24,7,24,32202.0,
894508f889ba,3.18.25 Dresses up to 30% off + Signature HannaSoft PJs starting at $25 PDL.xlsx,Dresses,promo_detail,3.18.25 Dresses up to 30% off,3.18.25-3.20.25,2025-03-18,2025-03-20,2025-03-18,Dresses|Sleep/PJs,242,101,242,236995.0,
894508f889ba,3.18.25 Dresses up to 30% off + Signature HannaSoft PJs starting at $25 PDL.xlsx,HannaSoft,promo_detail,3.18.25 Signature HannaSoft PJs starting at $25,3.18.25-3.20.25,2025-03-18,2025-03-20,2025-03-18,Dresses|Sleep/PJs,108,34,108,145943.0,
d95833a4db23,3.21.25 Spring Sale up to 40% off PDL.xlsx,All Promo Discounts,aggregate_promo_offers,3.21.25 Spring Sale up to 40% off,3.21.25-3.24.25,2025-03-21,2025-03-24,2025-03-21,,2022,684,2022,2358326.0,
d95833a4db23,3.21.25 Spring Sale up to 40% off PDL.xlsx,Baby Easter,promo_detail,3.21.25 Babys First Easter - Up to 40% Off,3.21.25-3.24.25,2025-03-21,2025-03-24,2025-03-21,Easter|Baby,20,11,20,12132.0,
d95833a4db23,3.21.25 Spring Sale up to 40% off PDL.xlsx,Baby Swim,promo_detail,3.21.25 Baby Swim (Novelty) Up to 30% off,3.21.25-3.24.25,2025-03-21,2025-03-24,2025-03-21,Swim|Baby,24,7,24,32202.0,
8cf2c202e48f,3.25.25 Easter up to 40 off + New Markdowns PDL.xlsx,All Promo Discounts,markdown,3.25.25 Easter up to 40% off + All Swim 30% off,3.25.25-3.31.25,2025-03-25,2025-03-31,2025-03-25,Swim|Clearance|Easter,1977,668,1977,2327412.0,
8cf2c202e48f,3.25.25 Easter up to 40 off + New Markdowns PDL.xlsx,Baby Easter,markdown,3.25.25 Baby's First Easter up to 40% off,3.25.25-3.31.25,2025-03-25,2025-03-31,2025-03-25,Clearance|Easter|Baby,20,11,20,12132.0,
8cf2c202e48f,3.25.25 Easter up to 40 off + New Markdowns PDL.xlsx,Baby Swim,markdown,3.25.25 Baby Swim up to 30% off,3.25.25-3.31.25,2025-03-25,2025-03-31,2025-03-25,Swim|Clearance|Easter|Baby,24,7,24,32202.0,
8cf2c202e48f,3.25.25 Easter up to 40 off + New Markdowns PDL.xlsx,Easter,markdown,3.25.25 Easter up to 40% off,3.25.25-3.31.25,2025-03-25,2025-03-31,2025-03-25,Clearance|Easter,67,46,67,68737.0,
8cf2c202e48f,3.25.25 Easter up to 40 off + New Markdowns PDL.xlsx,New Markdowns,markdown,3.25.25 Easter up to 40% off + All Swim 30% off,3.25.25-3.31.25,2025-03-25,2025-03-31,2025-03-25,Swim|Clearance|Easter,48,20,48,33847.0,
8cf2c202e48f,3.25.25 Easter up to 40 off + New Markdowns PDL.xlsx,Swim,markdown,3.25.25 All Swim 30% off,3.25.25-3.31.25,2025-03-25,2025-03-31,2025-03-25,Swim|Clearance|Easter,118,29,118,180845.0,
eec5a88b440a,4.1.25 All Dresses up to 30 off + New Markdowns PDL.xlsx,All Promo Discounts,markdown,4.1.25 All Dresses up to 30% off + Sleep up to 30% off,4.1.25-4.7.25,2025-04-01,2025-04-07,2025-04-01,Dresses|Sleep/PJs|Clearance,1894,631,1894,2307922.0,
eec5a88b440a,4.1.25 All Dresses up to 30 off + New Markdowns PDL.xlsx,Baby Easter,markdown,4.1.25 Baby's First Easter up to 40% off,4.1.25-4.7.25,2025-04-01,2025-04-07,2025-04-01,Dresses|Clearance|Easter|Baby,21,12,21,12595.0,
eec5a88b440a,4.1.25 All Dresses up to 30 off + New Markdowns PDL.xlsx,Baby Sleep,markdown,4.1.25 Baby Sleep Starting at $25,4.1.25-4.7.25,2025-04-01,2025-04-07,2025-04-01,Dresses|Sleep/PJs|Clearance|Baby,88,24,88,130904.0,
eec5a88b440a,4.1.25 All Dresses up to 30 off + New Markdowns PDL.xlsx,Dresses,markdown,4.1.25 All Dresses up to 30% off + Sleep up to 30% off,4.1.25-4.7.25,2025-04-01,2025-04-07,2025-04-01,Dresses|Sleep/PJs|Clearance,128,63,128,211327.0,
eec5a88b440a,4.1.25 All Dresses up to 30 off + New Markdowns PDL.xlsx,New Markdowns,markdown,4.1.25 New Markdowns,4.1.25,2025-04-01,2025-04-01,2025-04-01,Dresses|Clearance,68,41,68,26277.0,
eec5a88b440a,4.1.25 All Dresses up to 30 off + New Markdowns PDL.xlsx,Sleep,markdown,4.1.25 All Dresses up to 30% off + Sleep up to 30% off,4.1.25-4.7.25,2025-04-01,2025-04-07,2025-04-01,Dresses|Sleep/PJs|Clearance,648,198,648,959418.0,
cfeb4f2ea1bf,4.8.25 All Easter on Sale up to 50% off PDL.xlsx,All Promo Discounts,aggregate_promo_offers,4.8.25 All Easter on Sale up to 50% off,4.8.25-4.14.25,2025-04-08,2025-04-14,2025-04-08,Easter,1891,629,1891,2396474.0,
cfeb4f2ea1bf,4.8.25 All Easter on Sale up to 50% off PDL.xlsx,Easter,promo_detail,4.8.25 All Easter on Sale up to 50% off,4.8.25-4.14.25,2025-04-08,2025-04-14,2025-04-08,Easter,67,46,67,51270.0,
cfeb4f2ea1bf,4.8.25 All Easter on Sale up to 50% off PDL.xlsx,New Arrivals,promo_detail,4.11.25 New Arrivals 25% off with code,4.11.25-4.13.25,2025-04-11,2025-04-13,2025-04-08,New Arrivals|Easter,477,174,477,141861.0,
18d5dd03fcd1,4.15.25 ShortJohns starting at $25 + Summer Favorites up to 30% off PDL.xlsx,All Promo Discounts,aggregate_promo_offers,4.15.25 ShortJohns starting at $25 + Summer Favorites up to 30% off,4.15.25-4.20.25,2025-04-15,2025-04-20,2025-04-15,Sleep/PJs,1764,574,1764,2959051.0,
18d5dd03fcd1,4.15.25 ShortJohns starting at $25 + Summer Favorites up to 30% off PDL.xlsx,ShortJohns,promo_detail,4.15.25 ShortJohns starting at $25,4.15.25-4.20.25,2025-04-15,2025-04-20,2025-04-15,Sleep/PJs,129,37,129,350673.0,
18d5dd03fcd1,4.15.25 ShortJohns starting at $25 + Summer Favorites up to 30% off PDL.xlsx,Summer Favorites,promo_detail,4.15.25 Summer Favorites up to 30% off,4.15.25-4.20.25,2025-04-15,2025-04-20,2025-04-15,Sleep/PJs,1535,482,1535,2558464.0,
8dff65eafd94,04.24.25 Friends + Family Sitewide up to 40% off PDL.xlsx,All Promo Discounts,aggregate_promo_offers,4.23.25 Friends + Family sitewide up to 40% off,4.23.25-5.6.25,2025-04-23,2025-05-06,2025-04-24,Sitewide,1775,582,1775,2951527.0,
c8b97e3216dd,5.7.25 Dresses 30 off.xlsx,ALL OFFERS,promo_detail,5.7.25 All Dresses 30% off and Sleep up to 40% off (dresses: with exceptions),5.7.25-5.12.25,2025-05-07,2025-05-12,2025-05-07,Dresses|Sleep/PJs,1837,599,1837,3012527.0,
c8b97e3216dd,5.7.25 Dresses 30 off.xlsx,DRESSES,promo_detail,5.7.25 All Dresses 30% off and Sleep up to 40% off (dresses: with exceptions),5.7.25-5.12.25,2025-05-07,2025-05-12,2025-05-07,Dresses|Sleep/PJs,210,85,210,382976.0,
c8b97e3216dd,5.7.25 Dresses 30 off.xlsx,SLEEP,promo_detail,5.7.25 All Dresses 30% off and Sleep up to 40% off (dresses: with exceptions),5.7.25-5.12.25,2025-05-07,2025-05-12,2025-05-07,Dresses|Sleep/PJs,619,178,619,1144148.0,
3af3562b7efb,5.13.25 All Swim up to 40 off.xlsx,ALL OFFERS,promo_detail,5.13.25 All Swim up to 40% off + All baby up to 40% off,5.13.25-5.16.25,2025-05-13,2025-05-16,2025-05-13,Swim|Baby,1717,554,1717,2932266.0,
3af3562b7efb,5.13.25 All Swim up to 40 off.xlsx,baby up to 40% off,promo_detail,5.13.25 All Swim up to 40% off + All baby up to 40% off,5.13.25-5.16.25,2025-05-13,2025-05-16,2025-05-13,Swim|Baby,361,108,361,587314.0,
3af3562b7efb,5.13.25 All Swim up to 40 off.xlsx,swim up to 40%,promo_detail,5.13.25 All Swim up to 40% off + All baby up to 40% off,5.13.25-5.16.25,2025-05-13,2025-05-16,2025-05-13,Swim|Baby,229,63,229,272358.0,
79d192339e91,5.17.25 Memorial Day up to 50% off - updated 05.02.25.xlsx,ALL OFFERS,promo_detail,5.17.25 Memorial Day up to 50% Off,5.17.25-5.26.25,2025-05-17,2025-05-26,2025-05-17,,1728,559,1728,2588427.0,
79d192339e91,5.17.25 Memorial Day up to 50% off - updated 05.02.25.xlsx,Clearance List,promo_detail,5.17.25 Memorial Day up to 50% Off -- extra % off clearance,5.17.25-5.26.25,2025-05-17,2025-05-26,2025-05-17,Clearance,457,256,457,156519.0,
fad258b29082,5.27.25 Summer Dresses up to 50 off.xlsx,ALL OFFERS,promo_detail,Summer Dresses up to 50% off + All Kids up to 40% off (Camp and Play),5.27.25-6.2.25,2025-05-27,2025-06-02,2025-05-27,Dresses|Kids,1733,559,1733,2509325.0,
fad258b29082,5.27.25 Summer Dresses up to 50 off.xlsx,DRESSES,promo_detail,Summer Dresses up to 50% off + All Kids up to 40% off,5.27.25-6.2.25,2025-05-27,2025-06-02,2025-05-27,Dresses|Kids,175,70,175,291989.0,
fad258b29082,5.27.25 Summer Dresses up to 50 off.xlsx,NEW ARRIVALS,promo_detail,Summer Dresses up to 50% off + All Kids up to 40% off (Camp and Play),5.27.25-6.2.25,2025-05-27,2025-06-02,2025-05-27,Dresses|New Arrivals|Kids,185,55,185,239914.0,
a0fddef2f62d,6.3.25 All Sleep up to 50 off.xlsx,ALL OFFERS,promo_detail,All Sleep up to 50% off + All Dresses up to 40% off,6.3.25-6.9.25,2025-06-03,2025-06-09,2025-06-03,Dresses|Sleep/PJs,1727,559,1727,2589260.0,
a0fddef2f62d,6.3.25 All Sleep up to 50 off.xlsx,DRESSES,promo_detail,All Sleep up to 50% off + All Dresses up to 40% off,6.3.25-6.9.25,2025-06-03,2025-06-09,2025-06-03,Dresses|Sleep/PJs,176,71,176,302311.0,
a0fddef2f62d,6.3.25 All Sleep up to 50 off.xlsx,SLEEP,promo_detail,All Sleep up to 50% off + All Dresses up to 40% off,6.3.25-6.9.25,2025-06-03,2025-06-09,2025-06-03,Dresses|Sleep/PJs,599,173,599,1061751.0,
a0fddef2f62d,6.3.25 All Sleep up to 50 off.xlsx,clearance - 6.7.25 extra 20% of,promo_detail,All Sleep up to 50% off + All Dresses up to 40% off,6.3.25-6.9.25,2025-06-03,2025-06-09,2025-06-03,Dresses|Sleep/PJs|Clearance,358,204,358,88779.0,
832f3bfaf4ab,6.10.25 All Swim up to 50 off.xlsx,ALL OFFERS,promo_detail,All Swim up to 50% off - starting at $20 & RWB/Backyard Bliss up to 50% off,6.10.25-6.16.25,2025-06-10,2025-06-16,2025-06-10,Swim,1727,560,1727,2564474.0,
832f3bfaf4ab,6.10.25 All Swim up to 50 off.xlsx,SWIM,promo_detail,All Swim up to 50% off - starting at $20 & RWB/Backyard Bliss up to 50% off,6.10.25-6.16.25,2025-06-10,2025-06-16,2025-06-10,Swim,228,62,228,229949.0,
33fa51f382ff,6.17.25 All Dresses up to 50 off.xlsx,ALL OFFERS,promo_detail,All Dresses up to 50% off & All Sleep up to 50% off,6.17.25-6.21.25,2025-06-17,2025-06-21,2025-06-17,Dresses|Sleep/PJs,1798,581,1798,2401336.0,
33fa51f382ff,6.17.25 All Dresses up to 50 off.xlsx,DRESSES,promo_detail,All Dresses up to 50% off & All Sleep up to 50% off,6.17.25-6.21.25,2025-06-17,2025-06-21,2025-06-17,Dresses|Sleep/PJs,195,78,195,294082.0,
33fa51f382ff,6.17.25 All Dresses up to 50 off.xlsx,SLEEP,promo_detail,All Dresses up to 50% off & All Sleep up to 50% off,6.17.25-6.21.25,2025-06-17,2025-06-21,2025-06-17,Dresses|Sleep/PJs,631,182,631,1039927.0,
deb802d08d2f,6.21.25 Hanna Sale Phase 1 up to 60% off.xlsx,HANNA SALE START 6-21,promo_detail,HANNA SALE Up to 60% off,Begin 6.21.25 (PHASE 1),2025-06-21,2025-06-21,2025-06-21,Clearance,758,284,758,417089.0,
deb802d08d2f,6.21.25 Hanna Sale Phase 1 up to 60% off.xlsx,OVERNIGHT QA VALIDATION,promo_detail,HANNA SALE Up to 60% off,6.21.25-6.28.25,2025-06-21,2025-06-28,2025-06-21,Clearance,0,0,0,0.0,
deb802d08d2f,6.21.25 Hanna Sale Phase 1 up to 60% off.xlsx,REG PROMO OFFERS 6.21-6.26,promo_detail,HANNA SALE Up to 60% off,6.21.25-6.28.25,2025-06-21,2025-06-28,2025-06-21,Clearance,1040,363,1040,1787998.0,
deb802d08d2f,6.21.25 Hanna Sale Phase 1 up to 60% off.xlsx,REG PROMO OFFERS 6.27-6.30,promo_detail,HANNA SALE Up to 60% off,6.21.25-6.30.25,2025-06-21,2025-06-30,2025-06-21,Clearance,1040,363,1040,1787998.0,
deb802d08d2f,6.21.25 Hanna Sale Phase 1 up to 60% off.xlsx,existing markdowns,markdown,HANNA SALE existing markdowns,6.21.25-6.28.25,2025-06-21,2025-06-28,2025-06-21,Clearance,481,326,481,170693.0,
deb802d08d2f,6.21.25 Hanna Sale Phase 1 up to 60% off.xlsx,HANNA SALE PHASE 2 - 6.29,markdown,HANNA SALE additional markdowns,Begin 6.29,2025-06-29,2025-06-29,2025-06-21,Clearance,107,43,107,65766.0,
deb802d08d2f,6.21.25 Hanna Sale Phase 1 up to 60% off.xlsx,CHRISTMAS IN JULY 7.1-7.2,promo_detail,HANNA SALE: CHRISTMAS IN JULY,7.1.25-7.2.25,2025-07-01,2025-07-02,2025-06-21,Clearance,27,16,27,44587.0,
deb802d08d2f,6.21.25 Hanna Sale Phase 1 up to 60% off.xlsx,HANNA SALE CLOSEDOWN 7.4,promo_detail,HANNA SALE CLOSEDOWN,Begin 7.4,2025-07-04,2025-07-04,2025-06-21,Clearance,866,320,866,475989.0,
513b1efdeffd,7.9.25 Kids and Baby Sleep + 50% off Bluey PDL.xlsx,ALL OFFERS,promo_detail,BABY/TODDLER & KIDS SLEEP + 50% OFF BLUEY,7.9.25-7.14.25,2025-07-09,2025-07-14,2025-07-09,Sleep/PJs|Baby|Kids,974,350,974,1765802.0,
513b1efdeffd,7.9.25 Kids and Baby Sleep + 50% off Bluey PDL.xlsx,BLUEY UP TO 50% OFF,promo_detail,BLUEY UP TO 50% OFF,7.9.25-7.14.25,2025-07-09,2025-07-14,2025-07-09,Sleep/PJs|Baby|Kids,20,18,20,32256.0,
513b1efdeffd,7.9.25 Kids and Baby Sleep + 50% off Bluey PDL.xlsx,TWO DAY BABY EVENT,promo_detail,BABY/TODDLER SLEEP TWO DAY EVENT,7.9.25-7.10.25,2025-07-09,2025-07-10,2025-07-09,Sleep/PJs|Baby|Kids,30,5,30,61521.0,
513b1efdeffd,7.9.25 Kids and Baby Sleep + 50% off Bluey PDL.xlsx,TWO DAY KIDS SLEEP EVENT,promo_detail,KIDS SLEEP starting from $15,7.11-7.12,2025-07-11,2025-07-12,2025-07-09,Sleep/PJs|Baby|Kids,7,3,7,14086.0,
b95a95ed3c00,7.15.25 Kids Summer up to 60 off.xlsx,ALL OFFERS,promo_detail,HOT SUMMER DAYS - Kids Summer Apparel up to 60% off,7.15.25-7.21.25,2025-07-15,2025-07-21,2025-07-15,Kids,1653,532,1653,2135687.0,
b95a95ed3c00,7.15.25 Kids Summer up to 60 off.xlsx,clearance,promo_detail,HOT SUMMER DAYS - Kids Summer Apparel up to 60% off,7.15.25-7.21.25,2025-07-15,2025-07-21,2025-07-15,Clearance|Kids,810,311,810,362011.0,
b95a95ed3c00,7.15.25 Kids Summer up to 60 off.xlsx,summer dresses,promo_detail,HOT SUMMER DAYS - Kids Summer Apparel up to 60% off,7.15.25-7.21.25,2025-07-15,2025-07-21,2025-07-15,Dresses|Kids,69,34,69,111017.0,
b95a95ed3c00,7.15.25 Kids Summer up to 60 off.xlsx,summer shorts sets and tees,promo_detail,HOT SUMMER DAYS - Kids Summer Apparel up to 60% off,7.15.25-7.21.25,2025-07-15,2025-07-21,2025-07-15,Kids,97,34,97,153160.0,
b95a95ed3c00,7.15.25 Kids Summer up to 60 off.xlsx,swim,promo_detail,HOT SUMMER DAYS - Kids Summer Apparel up to 60% off,7.15.25-7.21.25,2025-07-15,2025-07-21,2025-07-15,Swim|Kids,44,21,44,53345.0,
646f46fa83d6,7.22.25 Sleep up to 40 off.xlsx,ALL OFFERS,promo_detail,Sleep up to 40% off + Swim up to 50% off,7.22.25 - 7.28.25,2025-07-22,2025-07-28,2025-07-22,Sleep/PJs|Swim,1733,567,1733,2449484.0,
646f46fa83d6,7.22.25 Sleep up to 40 off.xlsx,SLEEP,promo_detail,Sleep up to 40% off + Swim up to 50% off,7.22.25 - 7.28.25,2025-07-22,2025-07-28,2025-07-22,Sleep/PJs|Swim,682,194,682,1037328.0,
646f46fa83d6,7.22.25 Sleep up to 40 off.xlsx,SWIM,promo_detail,Sleep up to 40% off + Swim up to 50% off,7.22.25 - 7.28.25,2025-07-22,2025-07-28,2025-07-22,Sleep/PJs|Swim,44,21,44,43962.0,
646f46fa83d6,7.22.25 Sleep up to 40 off.xlsx,clearance,promo_detail,Sleep up to 40% off + Swim up to 50% off,7.22.25 - 7.28.25,2025-07-22,2025-07-28,2025-07-22,Sleep/PJs|Swim|Clearance,876,326,875,181000.0,
9ff222ae93fa,7.29.25 First Day up to 30% off + Sleep from $20 PDL.xlsx,ALL OFFERS,promo_detail,FIRST DAY PICTURE OUTFITS - Up to 30& Off + Sleep from $20,7.29.25-8.4.25,2025-07-29,2025-08-04,2025-07-29,Sleep/PJs,1675,553,1675,2152186.0,
9ff222ae93fa,7.29.25 First Day up to 30% off + Sleep from $20 PDL.xlsx,DRESSES & SKIRTS,promo_detail,FIRST DAY PICTURE OUTFITS - Up to 30& Off + Sleep from $20,7.29.25-8.4.25,2025-07-29,2025-08-04,2025-07-29,Dresses|Sleep/PJs,177,66,177,214768.0,
9ff222ae93fa,7.29.25 First Day up to 30% off + Sleep from $20 PDL.xlsx,SLEEP FROM $20,promo_detail,FIRST DAY PICTURE OUTFITS - Up to 30& Off + Sleep from $20,7.29.25-8.4.25,2025-07-29,2025-08-04,2025-07-29,Sleep/PJs,162,35,162,280739.0,
220f4fbd04f8,8.5.25 Back to School Kids up to 40% off PDL.xlsx,ALL OFFERS,promo_detail,8.5.25 Back to School Kids up to 40% off,8.5.25 - 8.11.25,2025-08-05,2025-08-11,2025-08-05,Kids,1673,555,1673,2609619.0,
719e18f30fac,8.12.25 Hannaween up to 30% (featuring sleep) PDL.xlsx,ALL OFFERS,promo_detail,8.12.25 Hannaween up to 30% (featuring sleep),8.12 - 8.17,2025-08-12,2025-08-17,2025-08-12,Sleep/PJs|Halloween,1674,556,1674,1720260.0,
719e18f30fac,8.12.25 Hannaween up to 30% (featuring sleep) PDL.xlsx,BTS DRESSES,promo_detail,8.12.25 Hannaween up to 30% (featuring sleep),8.12 - 8.17,2025-08-12,2025-08-17,2025-08-12,Dresses|Sleep/PJs|Halloween,202,69,202,158015.0,
719e18f30fac,8.12.25 Hannaween up to 30% (featuring sleep) PDL.xlsx,HANNAWEEN,promo_detail,8.12.25 Hannaween up to 30% (featuring sleep),8.12 - 8.17,2025-08-12,2025-08-17,2025-08-12,Sleep/PJs|Halloween,89,56,89,6763.0,
75f1f192c89f,8.18.25 BTS & Sleep up to 40% PDL.xlsx,Promo Offers,aggregate_promo_offers,8.18.25 BTS & Sleep up to 40%,8.18-8.20,2025-08-18,2025-08-20,2025-08-18,Sleep/PJs,1149,310,1149,2360164.0,
75f1f192c89f,8.18.25 BTS & Sleep up to 40% PDL.xlsx,Sleep Up To 40%,promo_detail,Sleep Up Tp 40%,8.18-8.20,2025-08-18,2025-08-20,2025-08-18,Sleep/PJs,347,71,347,717547.0,
400fdd1ffe6d,8.21.25 Labor Day Sale up to 40% PDL.xlsx,Promo Offers - Phase 1,aggregate_promo_offers,8.21 Labor Day Sale up to 40%,8.21 - 8.23,2025-08-21,2025-08-23,2025-08-21,,1507,507,1507,2944756.0,
400fdd1ffe6d,8.21.25 Labor Day Sale up to 40% PDL.xlsx,Phase 2 8.24,promo_detail,8.21 Labor Day Sale up to 40% - Phase 2,8.24-8.28,2025-08-24,2025-08-28,2025-08-21,,1500,506,1500,2940247.0,
400fdd1ffe6d,8.21.25 Labor Day Sale up to 40% PDL.xlsx,New Markdowns,markdown,New Markdowns,8.25,2025-08-25,2025-08-25,2025-08-21,Clearance,149,76,149,73448.0,
400fdd1ffe6d,8.21.25 Labor Day Sale up to 40% PDL.xlsx,Phase 3 8.29,promo_detail,8.21 Labor Day Sale up to 40% - Phase 3,8.29-9.2,2025-08-29,2025-09-02,2025-08-21,,1500,506,1500,2940247.0,
e727de076f07,9.3.25 Sleep up to 40 PDL.xlsx,Baby Up to 50%,promo_detail,Baby Up to 50%,9.3,2025-09-03,2025-09-03,2025-09-03,Sleep/PJs|Baby,346,101,346,487483.0,
e727de076f07,9.3.25 Sleep up to 40 PDL.xlsx,Promo Offers,aggregate_promo_offers,9.3 Sleep up to 40% & Baby up to 50%,9.3-9.8,2025-09-03,2025-09-08,2025-09-03,Sleep/PJs|Baby,1485,478,1485,2751935.0,
e727de076f07,9.3.25 Sleep up to 40 PDL.xlsx,Sleep Up to 40%,promo_detail,Sleep Up to 40%,9.3,2025-09-03,2025-09-03,2025-09-03,Sleep/PJs,610,165,610,1153159.0,
e727de076f07,9.3.25 Sleep up to 40 PDL.xlsx,Grinch 50%,promo_detail,Grinch 50% Off,9.6-9.8,2025-09-06,2025-09-08,2025-09-03,Sleep/PJs|Holiday,13,13,13,34167.0,
ea455220d30d,9.9.25 Hannaween up to 40.xlsx,Dresses & Leggings up to 40%,promo_detail,Dresses & Leggings up to 40%,9.9,2025-09-09,2025-09-09,2025-09-09,Dresses|Halloween,174,59,174,451814.0,
ea455220d30d,9.9.25 Hannaween up to 40.xlsx,Hannaween up to 40%,promo_detail,Hannaween up to 40%,9.9,2025-09-09,2025-09-09,2025-09-09,Halloween,82,51,82,145973.0,
ea455220d30d,9.9.25 Hannaween up to 40.xlsx,Promo Offers,aggregate_promo_offers,9.9.25 Hannaween up to 40% & Dresses & Leggings up to 40%,9.9-9.17,2025-09-09,2025-09-17,2025-09-09,Dresses|Halloween,1463,472,1463,2735636.0,
2f92a152c3cd,9.18.25 Big Fall Sale up to 50%.xlsx,New Markdowns,markdown,New Markdowns,9.18,2025-09-18,2025-09-18,2025-09-18,Clearance,69,30,69,100958.0,
2f92a152c3cd,9.18.25 Big Fall Sale up to 50%.xlsx,Promo Offers,aggregate_promo_offers,9.18.25 Big Fall Sale up to 50%,9.18-9.23,2025-09-18,2025-09-23,2025-09-18,,648,322,648,1298134.0,
5960d7a7be1f,9.24.25 Sleep up to 30 PDL.xlsx,Hannaween up to 50%,promo_detail,Hannaween up to 50%,9.24-9.30,2025-09-24,2025-09-30,2025-09-24,Sleep/PJs|Halloween,39,20,39,122290.0,
5960d7a7be1f,9.24.25 Sleep up to 30 PDL.xlsx,Promo Offers,aggregate_promo_offers,9.24.25 Sleep up to 30% & Hannaween up to 50%,9.24-9.30,2025-09-24,2025-09-30,2025-09-24,Sleep/PJs|Halloween,1312,382,1312,2609577.0,
5960d7a7be1f,9.24.25 Sleep up to 30 PDL.xlsx,Sleep up to 30%,promo_detail,Sleep up to 30%,9.24-9.30,2025-09-24,2025-09-30,2025-09-24,Sleep/PJs,531,120,531,1073457.0,
4dc96859e9c1,10.1.25 Hannaween @ $25 & Dresses up to 40 PDL.xlsx,Dresses up to 40%,promo_detail,Dresses up to 40%,10.1-10.6,2025-10-01,2025-10-06,2025-10-01,Dresses|Halloween,188,62,188,165554.0,
4dc96859e9c1,10.1.25 Hannaween @ $25 & Dresses up to 40 PDL.xlsx,Hannaween @ $25,promo_detail,Hannaween Starting @ $25,10.1-10.6,2025-10-01,2025-10-06,2025-10-01,Dresses|Halloween,64,36,64,97707.0,
4dc96859e9c1,10.1.25 Hannaween @ $25 & Dresses up to 40 PDL.xlsx,PJs up to 30%,promo_detail,PJs up to 30%,10.1-10.6,2025-10-01,2025-10-06,2025-10-01,Dresses|Sleep/PJs|Halloween,896,264,896,1430192.0,
4dc96859e9c1,10.1.25 Hannaween @ $25 & Dresses up to 40 PDL.xlsx,Promo Offers,aggregate_promo_offers,10.1.25 Hannaween @ $25 & Dresses up to 40% & PJs up to 30%,10.1-10.6,2025-10-01,2025-10-06,2025-10-01,Dresses|Sleep/PJs|Halloween,1711,565,1711,2564065.0,
f7b5d67e994f,10.7.25 Friends & Family 40% Off PDL.xlsx,Promo Offers,aggregate_promo_offers,Friends & Family 40% Off Everything,10.7-10.21,2025-10-07,2025-10-21,2025-10-07,Sitewide,1936,667,1936,2666426.0,
f7b5d67e994f,10.7.25 Friends & Family 40% Off PDL.xlsx,Tier 1 Recommendations,tier1_recommendation,Friends & Family 40% Off Everything,10.7-10.21,2025-10-07,2025-10-21,2025-10-07,Sitewide,17,16,13,0.0,
f7b5d67e994f,10.7.25 Friends & Family 40% Off PDL.xlsx,New Markdowns,markdown,New Markdowns,10.9,2025-10-09,2025-10-09,2025-10-07,Clearance|Sitewide,159,76,159,104424.0,
2e5c3adccaa5,11.24.25 BLACK FRIDAY 50% OFF EVERYTHIG PDL.xlsx,New Markdowns,markdown,New Markdowns,10.9,2025-10-09,2025-10-09,2025-11-24,Clearance|Holiday,1,1,1,0.0,
e5d376d272a8,12.1.25 Cyber Monday 50% Off Everything w $20 Sleep PDL.xlsx,New Markdowns,markdown,New Markdowns,10.9,2025-10-09,2025-10-09,2025-12-01,Sleep/PJs|Clearance|Holiday|Sitewide,1,1,1,0.0,
9f8230b3a5f7,12.10.25 Family Match PJs Up to 50 off ($25 Sleep will Continue) (excl vday & peppa) PDL.xlsx,New Markdowns,markdown,New Markdowns,10.9,2025-10-09,2025-10-09,2025-12-10,Valentine|Sleep/PJs|Clearance|Sitewide,1,1,1,0.0,
34a6c67d2dd4,12.13.25 FLASH SALE Farewell Prints $20 & 50 Sitewide (excl vday & Peppa) PDL.xlsx,New Markdowns,markdown,New Markdowns,10.9,2025-10-09,2025-10-09,2025-12-13,Valentine|Clearance|Sitewide,1,1,1,0.0,
83cdbcced92b,12.17.15 The Holiday Dash Up to 50% Off All Holiday Styles & PJs PDL.xlsx,New Markdowns,markdown,New Markdowns,10.9,2025-10-09,2025-10-09,2025-12-17,Sleep/PJs|Clearance|Holiday,1,1,1,0.0,
474c75909a90,12.3.25 Up to 50% off ALL Holiday (Excl New Arrivals) PDL.xlsx,New Markdowns,markdown,New Markdowns,10.9,2025-10-09,2025-10-09,2025-12-03,Clearance|New Arrivals|Holiday,1,1,1,0.0,
f7b5d67e994f,10.7.25 Friends & Family 40% Off PDL.xlsx,10.13 Halloween 60% Off,promo_detail,Halloween 60% Off,10.13 ONLY,2025-10-13,2025-10-13,2025-10-07,Halloween|Sitewide,83,55,83,101710.0,
f7b5d67e994f,10.7.25 Friends & Family 40% Off PDL.xlsx,10.14 Grinch 50% Off,promo_detail,Grinch 50% Off,10.14 ONLY,2025-10-14,2025-10-14,2025-10-07,Holiday|Sitewide,50,33,50,86146.0,
f7b5d67e994f,10.7.25 Friends & Family 40% Off PDL.xlsx,10.15 Dear Deer 50% Off,promo_detail,Dear Deer 50% Off,10.15 ONLY,2025-10-15,2025-10-15,2025-10-07,Holiday|Sitewide,50,37,50,132198.0,
85fb45295828,10.22.25 Holiday Dress-up up to 40% PDL.xlsx,Holiday Dress-up,promo_detail,"Holiday Dress-up (Dresses, Baby/pants & sweaters)",10.22-10.24,2025-10-22,2025-10-24,2025-10-22,Dresses|Holiday|Baby,810,278,810,1128751.0,
85fb45295828,10.22.25 Holiday Dress-up up to 40% PDL.xlsx,New Markdowns,markdown,New Markdowns,10.22,2025-10-22,2025-10-22,2025-10-22,Dresses|Clearance|Holiday,133,78,133,87228.0,
85fb45295828,10.22.25 Holiday Dress-up up to 40% PDL.xlsx,Promo Offers,aggregate_promo_offers,10.22.25 Holiday Dress-up up to 40%,10.22-10.24,2025-10-22,2025-10-24,2025-10-22,Dresses|Holiday,1715,568,1715,2976049.0,
2e5c3adccaa5,11.24.25 BLACK FRIDAY 50% OFF EVERYTHIG PDL.xlsx,Promo Offers 11.24-11.28,aggregate_promo_offers,BLACK FRIDAY 50% OFF EVERYTHIG,11.24 - 11.28,2025-11-24,2025-11-28,2025-11-24,Holiday,1747,592,1747,3149335.0,
2e5c3adccaa5,11.24.25 BLACK FRIDAY 50% OFF EVERYTHIG PDL.xlsx,Tier 1 Recommendations,tier1_recommendation,BLACK FRIDAY 50% OFF EVERYTHIG,11.24 - 11.28,2025-11-24,2025-11-28,2025-11-24,Holiday,0,0,0,0.0,
e5d376d272a8,12.1.25 Cyber Monday 50% Off Everything w $20 Sleep PDL.xlsx,$20 Sleep Offers,promo_detail,$20 Sleep Offers,12.1-12.2,2025-12-01,2025-12-02,2025-12-01,Sleep/PJs|Holiday|Sitewide,37,9,37,183021.0,
e5d376d272a8,12.1.25 Cyber Monday 50% Off Everything w $20 Sleep PDL.xlsx,Promo Offers,aggregate_promo_offers,CYBER MONDAY 50% OFF EVERYTHING w/ $20 Sleep,12.1-12.2,2025-12-01,2025-12-02,2025-12-01,Sleep/PJs|Holiday|Sitewide,1756,595,1756,2965822.0,
e5d376d272a8,12.1.25 Cyber Monday 50% Off Everything w $20 Sleep PDL.xlsx,Sleep Under $25,promo_detail,Sleep Under $25,12.1-12.2,2025-12-01,2025-12-02,2025-12-01,Sleep/PJs|Holiday|Sitewide,249,69,249,536656.0,
e5d376d272a8,12.1.25 Cyber Monday 50% Off Everything w $20 Sleep PDL.xlsx,Tier 1 Recommendations,tier1_recommendation,CYBER MONDAY 50% OFF EVERYTHING w/ $20 Sleep,12.1-12.2,2025-12-01,2025-12-02,2025-12-01,Sleep/PJs|Holiday|Sitewide,0,0,0,0.0,
9f8230b3a5f7,12.10.25 Family Match PJs Up to 50 off ($25 Sleep will Continue) (excl vday & peppa) PDL.xlsx,Family Match PJs up to 50%,markdown,New Markdowns,12.3,2025-12-03,2025-12-03,2025-12-10,Valentine|Sleep/PJs|Clearance|Sitewide,1,1,1,0.0,
474c75909a90,12.3.25 Up to 50% off ALL Holiday (Excl New Arrivals) PDL.xlsx,$25 Sleep,promo_detail,$25 Sleep,12.3-12.9,2025-12-03,2025-12-09,2025-12-03,Sleep/PJs|New Arrivals|Holiday,760,233,760,1581873.0,
474c75909a90,12.3.25 Up to 50% off ALL Holiday (Excl New Arrivals) PDL.xlsx,12.3 New Markdowns,markdown,New Markdowns,12.3,2025-12-03,2025-12-03,2025-12-03,Clearance|New Arrivals|Holiday,110,54,110,91367.0,
474c75909a90,12.3.25 Up to 50% off ALL Holiday (Excl New Arrivals) PDL.xlsx,Promo Offers 12.3-12.9,aggregate_promo_offers,Up to 50% off ALL Holiday (Excl New Arrivals),12.3-12.9,2025-12-03,2025-12-09,2025-12-03,New Arrivals|Holiday,1621,560,1621,3054140.0,
474c75909a90,12.3.25 Up to 50% off ALL Holiday (Excl New Arrivals) PDL.xlsx,Tier 1 Recommendations,tier1_recommendation,Up to 50% off ALL Holiday (Excl New Arrivals),12.3-12.9,2025-12-03,2025-12-09,2025-12-03,New Arrivals|Holiday,0,0,0,0.0,
9f8230b3a5f7,12.10.25 Family Match PJs Up to 50 off ($25 Sleep will Continue) (excl vday & peppa) PDL.xlsx,$25 Sleep,promo_detail,$25 Sleep,12.10-12.12,2025-12-10,2025-12-12,2025-12-10,Valentine|Sleep/PJs|Sitewide,763,233,763,1391011.0,
9f8230b3a5f7,12.10.25 Family Match PJs Up to 50 off ($25 Sleep will Continue) (excl vday & peppa) PDL.xlsx,Holiday Dress-up 50%,promo_detail,Holiday Dress-up 50%,12.10-12.12,2025-12-10,2025-12-12,2025-12-10,Valentine|Dresses|Sleep/PJs|Holiday|Sitewide,494,187,494,784876.0,
9f8230b3a5f7,12.10.25 Family Match PJs Up to 50 off ($25 Sleep will Continue) (excl vday & peppa) PDL.xlsx,Promo Offers 12.10-12.12,aggregate_promo_offers,Family Match PJs Up to 50% Off & Holiday Dress-up 50% off ($25 Sleep will Continue) (excl vday & peppa),12.10-12.12,2025-12-10,2025-12-12,2025-12-10,Valentine|Dresses|Sleep/PJs|Holiday|Sitewide,1639,554,1639,2511386.0,
9f8230b3a5f7,12.10.25 Family Match PJs Up to 50 off ($25 Sleep will Continue) (excl vday & peppa) PDL.xlsx,Tier 1 Recommendations,tier1_recommendation,Family Match PJs Up to 50% Off & Holiday Dress-up 50% off ($25 Sleep will Continue) (excl vday & peppa),12.10-12.12,2025-12-10,2025-12-12,2025-12-10,Valentine|Dresses|Sleep/PJs|Holiday|Sitewide,0,0,0,0.0,
34a6c67d2dd4,12.13.25 FLASH SALE Farewell Prints $20 & 50 Sitewide (excl vday & Peppa) PDL.xlsx,Farewell Prints,promo_detail,Farewell Prints,12.13-12.16,2025-12-13,2025-12-16,2025-12-13,Valentine|Sitewide,67,21,67,114613.0,
34a6c67d2dd4,12.13.25 FLASH SALE Farewell Prints $20 & 50 Sitewide (excl vday & Peppa) PDL.xlsx,Promo Offers 12.13-12.15,aggregate_promo_offers,12.13.25 FLASH SALE Farewell Prints $20 & 50% off ALL Hol PJs & 40% Sitewide (excl vday & Peppa) PDL,12.13-12.15,2025-12-13,2025-12-15,2025-12-13,Valentine|Sleep/PJs|Sitewide,1523,551,1523,2864362.0,
34a6c67d2dd4,12.13.25 FLASH SALE Farewell Prints $20 & 50 Sitewide (excl vday & Peppa) PDL.xlsx,Tier 1 Recommendations,tier1_recommendation,12.13.25 FLASH SALE Farewell Prints $20 & 50% off ALL Hol PJs & 40% Sitewide (excl vday & Peppa) PDL,12.13-12.15,2025-12-13,2025-12-15,2025-12-13,Valentine|Sleep/PJs|Sitewide,0,0,0,0.0,
83cdbcced92b,12.17.15 The Holiday Dash Up to 50% Off All Holiday Styles & PJs PDL.xlsx,Farewell Prints,promo_detail,Farewell Prints,12.13-12.16,2025-12-13,2025-12-16,2025-12-17,Sleep/PJs|Holiday,37,12,37,59779.0,
83cdbcced92b,12.17.15 The Holiday Dash Up to 50% Off All Holiday Styles & PJs PDL.xlsx,Current Cleanrance Offers,promo_detail,12.17.15 The Holiday Dash Up to 50% Off All Holiday Styles & PJs*,12.17-12.19,2025-12-17,2025-12-19,2025-12-17,Sleep/PJs|Holiday,491,255,491,244406.0,
83cdbcced92b,12.17.15 The Holiday Dash Up to 50% Off All Holiday Styles & PJs PDL.xlsx,Current Final Sale Offers,final_sale,12.17.15 The Holiday Dash Up to 50% Off All Holiday Styles & PJs*,12.17-12.19,2025-12-17,2025-12-19,2025-12-17,Sleep/PJs|Clearance|Holiday,42,36,42,10070.0,
83cdbcced92b,12.17.15 The Holiday Dash Up to 50% Off All Holiday Styles & PJs PDL.xlsx,Promo Offers 12.17-12.19,aggregate_promo_offers,12.17.15 The Holiday Dash Up to 50% Off All Holiday Styles & PJs*,12.17-12.19,2025-12-17,2025-12-19,2025-12-17,Sleep/PJs|Holiday,1811,642,1811,3217162.0,
83cdbcced92b,12.17.15 The Holiday Dash Up to 50% Off All Holiday Styles & PJs PDL.xlsx,Tier 1 Recommendations,tier1_recommendation,12.17.15 The Holiday Dash Up to 50% Off All Holiday Styles & PJs*,12.17-12.19,2025-12-17,2025-12-19,2025-12-17,Sleep/PJs|Holiday,0,0,0,0.0,
a9f9a54a0421,12.26 HANNASALE PDL1.xlsx,12.26 New MKDs- Final Sale Only,final_sale,NEW MARKDOWNS,12.26,2025-12-26,2025-12-26,2025-12-26,Clearance,74,21,74,72933.0,
a9f9a54a0421,12.26 HANNASALE PDL1.xlsx,12.26 New Markdowns (ALL),markdown,NEW MARKDOWNS,12.26,2025-12-26,2025-12-26,2025-12-26,Clearance,790,332,790,503961.0,
a9f9a54a0421,12.26 HANNASALE PDL1.xlsx,Promo Offers 12.26,aggregate_promo_offers,HANNASALE UP TO 60% OFF,12.26-12.27,2025-12-26,2025-12-27,2025-12-26,Clearance,1010,401,1010,1628042.0,
a9f9a54a0421,12.26 HANNASALE PDL1.xlsx,50% Off Unders 12.27,promo_detail,50% Off Unders,12.27,2025-12-27,2025-12-27,2025-12-26,Clearance,56,22,56,110363.0,
a9f9a54a0421,12.26 HANNASALE PDL1.xlsx,12.30 New Markdowns,final_sale,12.30 New Markdowns & New Final Sale,12.3,2025-12-30,2025-12-30,2025-12-26,Clearance,211,107,211,197366.0,
a9f9a54a0421,12.26 HANNASALE PDL1.xlsx,1.2 New Markdowns,markdown,NEW MARKDOWNS,1.2,2026-01-02,2026-01-02,2025-12-26,Clearance,88,46,88,76291.0,
a9f9a54a0421,12.26 HANNASALE PDL1.xlsx,Promo Offers 1.2,markdown,HANNASALE UP TO 60% OFF + XTRA 20% OFF CLR + NEW MKDS,1.2-1.4,2026-01-02,2026-01-04,2025-12-26,Clearance,923,392,923,1467606.0,
a9f9a54a0421,12.26 HANNASALE PDL1.xlsx,1.5 New Furthers- Final Sale,final_sale,FURTHER MARKDOWNS,1.5,2026-01-05,2026-01-05,2025-12-26,Clearance,153,60,153,90260.0,
a9f9a54a0421,12.26 HANNASALE PDL1.xlsx,Promo Offers 1.5,markdown,HANNASALE UP TO 75% OFF- FURTHERS TAKEN,1.5-1.11,2026-01-05,2026-01-11,2025-12-26,Clearance,928,396,928,1470181.0,
a9f9a54a0421,12.26 HANNASALE PDL1.xlsx,1.6 Xtra 20% off New Arrivals,promo_detail,New Arrivals List- Extra 20%,1.6,2026-01-06,2026-01-06,2025-12-26,Clearance|New Arrivals,385,152,385,147068.0,
6b24489305f2,1.12 Valentine's Collection Up to 30% Off PDL.xlsx,Promo Offers,aggregate_promo_offers,Valentine's Collection Up to 30% off & Clearance up to 75% off,1.12-1.19,2026-01-12,2026-01-19,2026-01-12,Valentine|Clearance,937,395,937,1470056.0,
6b24489305f2,1.12 Valentine's Collection Up to 30% Off PDL.xlsx,Tier 1 Recommendations,tier1_recommendation,Valentine's Collection Up to 30% off & Clearance up to 75% off,1.12-1.19,2026-01-12,2026-01-19,2026-01-12,Valentine|Clearance,0,0,0,0.0,
6b24489305f2,1.12 Valentine's Collection Up to 30% Off PDL.xlsx,Vday,promo_detail,Vday Up to 30%,1.12-1.19,2026-01-12,2026-01-19,2026-01-12,Valentine,83,48,83,80542.0,
edd39f42083c,1.20.26 All Vday Up to 40 Off PDL.xlsx,Dresses Up to 30%,promo_detail,Dresses Up to 30%,1.20.26-1.26.26,2026-01-20,2026-01-26,2026-01-20,Valentine|Dresses,191,78,191,178456.0,
edd39f42083c,1.20.26 All Vday Up to 40 Off PDL.xlsx,Promo Offers,aggregate_promo_offers,All Vday Up to 40% Off + All Dresses Up to 30% Off PDL,1.20.26-1.26.26,2026-01-20,2026-01-26,2026-01-20,Valentine|Dresses,1272,494,1272,1744131.0,
edd39f42083c,1.20.26 All Vday Up to 40 Off PDL.xlsx,Tier 1 Recommendations,tier1_recommendation,All Vday Up to 40% Off + All Dresses Up to 30% Off PDL,1.20.26-1.26.26,2026-01-20,2026-01-26,2026-01-20,Valentine|Dresses,0,0,0,0.0,
edd39f42083c,1.20.26 All Vday Up to 40 Off PDL.xlsx,Vday Up to 40%,promo_detail,Vday Up to 40%,1.20.26-1.26.26,2026-01-20,2026-01-26,2026-01-20,Valentine,93,52,93,83117.0,
b0f86e88dde5,1.27.26 Spring New Arrivals up to 30% Off PDL.xlsx,Promo #2,promo_detail,Dresses Up to 30%,1.27.26-2.1.26,2026-01-27,2026-02-01,2026-01-27,Dresses|New Arrivals,172,74,172,201862.0,
b0f86e88dde5,1.27.26 Spring New Arrivals up to 30% Off PDL.xlsx,Promo Offers,aggregate_promo_offers,Spring New Arrivals up to 30% Off,1.27.26-2.1.26,2026-01-27,2026-02-01,2026-01-27,New Arrivals,1230,468,1230,1904145.0,
b0f86e88dde5,1.27.26 Spring New Arrivals up to 30% Off PDL.xlsx,Spring New Arrivals up to 30%,promo_detail,Spring New Arrivals up to 30% Off,1.27.26-2.1.26,2026-01-27,2026-02-01,2026-01-27,New Arrivals,297,89,297,496469.0,
b0f86e88dde5,1.27.26 Spring New Arrivals up to 30% Off PDL.xlsx,Tier 1 Recommendations,tier1_recommendation,Spring New Arrivals up to 30% Off,1.27.26-2.1.26,2026-01-27,2026-02-01,2026-01-27,New Arrivals,0,0,0,0.0,
fff500b261f7,2.2.26 New Spring Arrivals & Semi-Annual Baby Sale up to 30% PDL.xlsx,Promo 4,promo_detail,Baby Sleep,2.2-2.11,2026-02-02,2026-02-11,2026-02-02,Sleep/PJs|Baby,36,17,36,22816.0,
fff500b261f7,2.2.26 New Spring Arrivals & Semi-Annual Baby Sale up to 30% PDL.xlsx,Promo Offers,aggregate_promo_offers,2.2.26 New Spring Arrivals & Semi-Annual Baby Sale up to 30%,2.2-2.11,2026-02-02,2026-02-11,2026-02-02,Baby,1167,440,1167,1889977.0,
fff500b261f7,2.2.26 New Spring Arrivals & Semi-Annual Baby Sale up to 30% PDL.xlsx,Spring New Arrivals up to 30%,promo_detail,Spring New Arrivals up to 30% Off,2.2-2.11,2026-02-02,2026-02-11,2026-02-02,New Arrivals|Baby,419,145,419,467788.0,
fff500b261f7,2.2.26 New Spring Arrivals & Semi-Annual Baby Sale up to 30% PDL.xlsx,Tier 1 Recommendations,tier1_recommendation,2.2.26 New Spring Arrivals & Semi-Annual Baby Sale up to 30%,2.2-2.11,2026-02-02,2026-02-11,2026-02-02,Baby,0,0,0,0.0,
c81e7b24d662,2.12.2026 President's Day Event 30% off Sitewide.xlsx,Semi-Anuual Baby Sale up to 30%,promo_detail,Semi-Annual Baby Sale up to 30%,2.4-2.8,2026-02-04,2026-02-08,2026-02-12,Baby|Sitewide,278,102,278,338166.0,
fff500b261f7,2.2.26 New Spring Arrivals & Semi-Annual Baby Sale up to 30% PDL.xlsx,Semi-Annual Baby Sale up to 30%,promo_detail,Semi-Annual Baby Sale up to 30%,2.4-2.8,2026-02-04,2026-02-08,2026-02-02,Baby,272,96,272,332978.0,
c81e7b24d662,2.12.2026 President's Day Event 30% off Sitewide.xlsx,Promo 4,promo_detail,Baby Sleep,2.12-2.16,2026-02-12,2026-02-16,2026-02-12,Sleep/PJs|Baby|Sitewide,36,17,36,22816.0,
c81e7b24d662,2.12.2026 President's Day Event 30% off Sitewide.xlsx,Promo Offers,aggregate_promo_offers,2.12.2026 President's Day Event 30% off Sitewide*,2.12-2.16,2026-02-12,2026-02-16,2026-02-12,Sitewide,1711,667,1711,2275155.0,
c81e7b24d662,2.12.2026 President's Day Event 30% off Sitewide.xlsx,Spring New Arrivals up to 30%,promo_detail,2.12.2026 President's Day Event 30% off Sitewide*,2.12-2.16,2026-02-12,2026-02-16,2026-02-12,New Arrivals|Sitewide,278,79,278,540596.0,
c81e7b24d662,2.12.2026 President's Day Event 30% off Sitewide.xlsx,Tier 1 Recommendations,tier1_recommendation,2.12.2026 President's Day Event 30% off Sitewide*,2.12-2.16,2026-02-12,2026-02-16,2026-02-12,Sitewide,0,0,0,0.0,
6d803b134bf0,2.17.2026 Easter & Sleep up to 30% off PDL.xlsx,Easter up to 30% off,promo_detail,Easter up to 30% off,2.17-2.23,2026-02-17,2026-02-23,2026-02-17,Sleep/PJs|Easter,41,21,41,52411.0,
6d803b134bf0,2.17.2026 Easter & Sleep up to 30% off PDL.xlsx,Promo 4,promo_detail,Baby Sleep,2.17-2.23,2026-02-17,2026-02-23,2026-02-17,Sleep/PJs|Easter|Baby,36,17,36,22816.0,
6d803b134bf0,2.17.2026 Easter & Sleep up to 30% off PDL.xlsx,Promo Offers,aggregate_promo_offers,2.17.2026 Easter & Sleep up to 30% off,2.17-2.23,2026-02-17,2026-02-23,2026-02-17,Sleep/PJs|Easter,1627,610,1627,2206271.0,
6d803b134bf0,2.17.2026 Easter & Sleep up to 30% off PDL.xlsx,Sleep up to 30% off,promo_detail,Sleep up to 30% off,2.17-2.22,2026-02-17,2026-02-22,2026-02-17,Sleep/PJs|Easter,568,192,568,916052.0,
6d803b134bf0,2.17.2026 Easter & Sleep up to 30% off PDL.xlsx,Tier 1 Recommendations,tier1_recommendation,2.17.2026 Easter & Sleep up to 30% off,2.17-2.23,2026-02-17,2026-02-23,2026-02-17,Sleep/PJs|Easter,0,0,0,0.0,
7034085be616,3.10.26 All Kids & Baby Sleep up to 30 PDL.xlsx,Clearance Offers,promo_detail,Clearance Offers,3.10-3.13,2026-03-10,2026-03-13,2026-03-10,Sleep/PJs|Clearance|Baby|Kids,826,470,826,303117.0,
7034085be616,3.10.26 All Kids & Baby Sleep up to 30 PDL.xlsx,Kids & Baby Sleep up to 30%,promo_detail,Kids & Baby Sleep up to 30%,3.10-3.13,2026-03-10,2026-03-13,2026-03-10,Sleep/PJs|Baby|Kids,437,131,437,765090.0,
7034085be616,3.10.26 All Kids & Baby Sleep up to 30 PDL.xlsx,Promo Offers,aggregate_promo_offers,3.10.26 All Kids & Baby Sleep up to 30% & All Swim up to 30% PDL,3.10-3.13,2026-03-10,2026-03-13,2026-03-10,Sleep/PJs|Swim|Baby|Kids,1631,601,1631,2204979.0,
7034085be616,3.10.26 All Kids & Baby Sleep up to 30 PDL.xlsx,Swim up to 30%,promo_detail,Swim up to 30%,3.10-3.15,2026-03-10,2026-03-15,2026-03-10,Sleep/PJs|Swim|Baby|Kids,123,43,123,105993.0,
7034085be616,3.10.26 All Kids & Baby Sleep up to 30 PDL.xlsx,Tier 1 Recommendations,tier1_recommendation,3.10.26 All Kids & Baby Sleep up to 30% & All Swim up to 30% PDL,3.10-3.13,2026-03-10,2026-03-13,2026-03-10,Sleep/PJs|Swim|Baby|Kids,0,0,0,0.0,
918e0f4cfe53,3.14.26 All Dresses up to 30% Off PDL.xlsx,Swim up to 30%,promo_detail,Swim up to 30%,3.10-3.15,2026-03-10,2026-03-15,2026-03-14,Dresses|Swim,123,43,123,105993.0,
6f61a4edac8e,3.18.26 Spring Sale up to 40% Off Everything + New Markdowns PDL.xlsx,Swim up to 30%,markdown,Swim up to 30%,3.10-3.15,2026-03-10,2026-03-15,2026-03-18,Swim|Clearance|Sitewide,1,1,1,0.0,
93db504ef15f,3.24.26 All Easter up to 50 off PDL.xlsx,Swim up to 30%,promo_detail,Swim up to 30%,3.10-3.15,2026-03-10,2026-03-15,2026-03-24,Swim|Easter,124,44,124,148982.0,
918e0f4cfe53,3.14.26 All Dresses up to 30% Off PDL.xlsx,All Dresses up to 30%,promo_detail,All Dresses up to 30%,3.14-3.17,2026-03-14,2026-03-17,2026-03-14,Dresses,190,78,190,233889.0,
918e0f4cfe53,3.14.26 All Dresses up to 30% Off PDL.xlsx,Clearance Offers,promo_detail,Clearance Offers,3.14-3.17,2026-03-14,2026-03-17,2026-03-14,Dresses|Clearance,826,470,826,303117.0,
918e0f4cfe53,3.14.26 All Dresses up to 30% Off PDL.xlsx,Promo Offers,aggregate_promo_offers,3.14 All Dresses up to 30% Off,3.14-3.17,2026-03-14,2026-03-17,2026-03-14,Dresses,1514,543,1514,2126108.0,
918e0f4cfe53,3.14.26 All Dresses up to 30% Off PDL.xlsx,Tier 1 Recommendations,tier1_recommendation,3.14 All Dresses up to 30% Off,3.14-3.17,2026-03-14,2026-03-17,2026-03-14,Dresses,0,0,0,0.0,
6f61a4edac8e,3.18.26 Spring Sale up to 40% Off Everything + New Markdowns PDL.xlsx,Clearance Offers,markdown,Clearance Offers,3.18-3.23,2026-03-18,2026-03-23,2026-03-18,Clearance|Sitewide,826,470,826,259787.0,
6f61a4edac8e,3.18.26 Spring Sale up to 40% Off Everything + New Markdowns PDL.xlsx,Preliminary New Markdowns,markdown,New Markdowns,3.18,2026-03-18,2026-03-18,2026-03-18,Clearance|Sitewide,185,121,185,60467.0,
6f61a4edac8e,3.18.26 Spring Sale up to 40% Off Everything + New Markdowns PDL.xlsx,Promo 5,markdown,3.18 Spring Sale up to 40% Off Everything*,3.18-3.23,2026-03-18,2026-03-23,2026-03-18,Clearance|Sitewide,1,1,1,0.0,
6f61a4edac8e,3.18.26 Spring Sale up to 40% Off Everything + New Markdowns PDL.xlsx,Promo Offers,markdown,3.18 Spring Sale up to 40% Off Everything*,3.18-3.23,2026-03-18,2026-03-23,2026-03-18,Clearance|Sitewide,1326,478,1326,2188559.0,
6f61a4edac8e,3.18.26 Spring Sale up to 40% Off Everything + New Markdowns PDL.xlsx,Tier 1 Recommendations,tier1_recommendation,3.18 Spring Sale up to 40% Off Everything*,3.18-3.23,2026-03-18,2026-03-23,2026-03-18,Clearance|Sitewide,0,0,0,0.0,
93db504ef15f,3.24.26 All Easter up to 50 off PDL.xlsx,Clearance Offers,promo_detail,Clearance Offers,3.24-3.30,2026-03-24,2026-03-30,2026-03-24,Clearance|Easter,826,470,826,259787.0,
93db504ef15f,3.24.26 All Easter up to 50 off PDL.xlsx,Easter up to 50% Off,promo_detail,Easter up to 50% Off,3.24-3.30,2026-03-24,2026-03-30,2026-03-24,Easter,45,25,45,47728.0,
93db504ef15f,3.24.26 All Easter up to 50 off PDL.xlsx,Promo Offers,aggregate_promo_offers,3.24.26 All Easter up to 50% off & Swim up to 30% off,3.24-3.30,2026-03-24,2026-03-30,2026-03-24,Swim|Easter,1615,614,1615,2324300.0,
93db504ef15f,3.24.26 All Easter up to 50 off PDL.xlsx,Tier 1 Recommendations,tier1_recommendation,3.24.26 All Easter up to 50% off & Swim up to 30% off,3.24-3.30,2026-03-24,2026-03-30,2026-03-24,Swim|Easter,0,0,0,0.0,
9db59158376e,3.31.26 Dresses up to 30 off PDL.xlsx,Clearance Offers,promo_detail,Clearance Offers,3.31-4.6,2026-03-31,2026-04-06,2026-03-31,Dresses|Clearance,826,470,826,233246.0,
9db59158376e,3.31.26 Dresses up to 30 off PDL.xlsx,Dresses up to 30% Off,promo_detail,Dresses up to 30% Off,3.31-4.6,2026-03-31,2026-04-06,2026-03-31,Dresses,203,81,203,283984.0,
9db59158376e,3.31.26 Dresses up to 30 off PDL.xlsx,Promo Offers,aggregate_promo_offers,3.31.26 Dresses up to 30% off & Sleep up to 40% off,3.31-4.6,2026-03-31,2026-04-06,2026-03-31,Dresses|Sleep/PJs,1657,629,1657,2283889.0,
9db59158376e,3.31.26 Dresses up to 30 off PDL.xlsx,Sleep up to 40% Off,promo_detail,Sleep up to 40% Off,3.31-4.6,2026-03-31,2026-04-06,2026-03-31,Dresses|Sleep/PJs,547,187,547,837273.0,
9db59158376e,3.31.26 Dresses up to 30 off PDL.xlsx,Tier 1 Recommendations,tier1_recommendation,3.31.26 Dresses up to 30% off & Sleep up to 40% off,3.31-4.6,2026-03-31,2026-04-06,2026-03-31,Dresses|Sleep/PJs,0,0,0,0.0,
373d0d836a0d,4.14.26 New Arrivals up to 30% & Sleep Starting @ $25 PDL.xlsx,Clearance Offers,promo_detail,Clearance Offers,4.7-4.13,2026-04-07,2026-04-13,2026-04-14,Sleep/PJs|Clearance|New Arrivals,826,470,826,220884.0,
373d0d836a0d,4.14.26 New Arrivals up to 30% & Sleep Starting @ $25 PDL.xlsx,New Arrivals up to 30%,promo_detail,New Arrivals up to 30%,4.7-4.13,2026-04-07,2026-04-13,2026-04-14,Sleep/PJs|New Arrivals,442,173,442,707413.0,
373d0d836a0d,4.14.26 New Arrivals up to 30% & Sleep Starting @ $25 PDL.xlsx,Promo Offers,aggregate_promo_offers,4.14 New Arrivals up to 30% & Sleep Starting @ $25,4.7-4.13,2026-04-07,2026-04-13,2026-04-14,Sleep/PJs|New Arrivals,1878,681,1878,2731584.0,
373d0d836a0d,4.14.26 New Arrivals up to 30% & Sleep Starting @ $25 PDL.xlsx,Sleep Starting @ $25,promo_detail,Sleep Starting @ $25,4.7-4.13,2026-04-07,2026-04-13,2026-04-14,Sleep/PJs|New Arrivals,545,168,545,993712.0,
373d0d836a0d,4.14.26 New Arrivals up to 30% & Sleep Starting @ $25 PDL.xlsx,Tier 1 Recommendations,tier1_recommendation,4.14 New Arrivals up to 30% & Sleep Starting @ $25,4.7-4.13,2026-04-07,2026-04-13,2026-04-14,Sleep/PJs|New Arrivals,0,0,0,0.0,
bf87c8b270f9,4.7.26 All Swim 30% Off PDL.xlsx,Clearance Offers,promo_detail,Clearance Offers,4.7-4.13,2026-04-07,2026-04-13,2026-04-07,Swim|Clearance,826,470,826,227976.0,
bf87c8b270f9,4.7.26 All Swim 30% Off PDL.xlsx,New Arrivals,promo_detail,New Arrivals,4.7-4.13,2026-04-07,2026-04-13,2026-04-07,Swim|New Arrivals,190,76,190,154955.0,
bf87c8b270f9,4.7.26 All Swim 30% Off PDL.xlsx,Promo Offers,aggregate_promo_offers,4.7 All Swim 30% Off,4.7-4.13,2026-04-07,2026-04-13,2026-04-07,Swim,1688,609,1688,2356567.0,
bf87c8b270f9,4.7.26 All Swim 30% Off PDL.xlsx,Swim 30% Off,promo_detail,Swim 30% Off,4.7-4.13,2026-04-07,2026-04-13,2026-04-07,Swim,195,64,195,257549.0,
bf87c8b270f9,4.7.26 All Swim 30% Off PDL.xlsx,Tier 1 Recommendations,tier1_recommendation,4.7 All Swim 30% Off,4.7-4.13,2026-04-07,2026-04-13,2026-04-07,Swim,0,0,0,0.0,
167bf60cfea5,4.21.26 Friends & Family 40% Off Sitewide PDL.xlsx,All Clearance Offers,promo_detail,All Clearance Offers,4.21-5.4,2026-04-21,2026-05-04,2026-04-21,Clearance|Sitewide,754,449,754,312569.0,
167bf60cfea5,4.21.26 Friends & Family 40% Off Sitewide PDL.xlsx,Promo Offers,aggregate_promo_offers,4.21.26 Friends & Family 40% Off Sitewide,4.21-5.4,2026-04-21,2026-05-04,2026-04-21,Sitewide,2014,749,2014,3038689.0,
167bf60cfea5,4.21.26 Friends & Family 40% Off Sitewide PDL.xlsx,RWB Offers,promo_detail,RWB Offers,4.21-5.4,2026-04-21,2026-05-04,2026-04-21,Sitewide,29,22,29,66078.0,
167bf60cfea5,4.21.26 Friends & Family 40% Off Sitewide PDL.xlsx,Star Wars Offers,promo_detail,Star Wars Offers,4.21-5.4,2026-04-21,2026-05-04,2026-04-21,Sitewide,13,12,13,8923.0,
167bf60cfea5,4.21.26 Friends & Family 40% Off Sitewide PDL.xlsx,Tier 1 Recommendations,tier1_recommendation,4.21.26 Friends & Family 40% Off Sitewide,4.21-5.4,2026-04-21,2026-05-04,2026-04-21,Sitewide,0,0,0,0.0,
6a0848b424cd,5.5.26 Sleep Starting @ $25 & All Swim up to 40% PDL.xlsx,Clearance Offers,promo_detail,Clearance Offers,5.5-5.8,2026-05-05,2026-05-08,2026-05-05,Sleep/PJs|Swim|Clearance,826,470,826,208913.0,
6a0848b424cd,5.5.26 Sleep Starting @ $25 & All Swim up to 40% PDL.xlsx,Promo Offers,aggregate_promo_offers,5.5.26 Sleep Starting @ $25 & All Swim up to 40%,5.5-5.8,2026-05-05,2026-05-08,2026-05-05,Sleep/PJs|Swim,1922,731,1922,2709562.0,
6a0848b424cd,5.5.26 Sleep Starting @ $25 & All Swim up to 40% PDL.xlsx,Sleep Starting @ $25,promo_detail,Sleep Starting @ $25,5.5-5.8,2026-05-05,2026-05-08,2026-05-05,Sleep/PJs|Swim,542,171,542,965681.0,
6a0848b424cd,5.5.26 Sleep Starting @ $25 & All Swim up to 40% PDL.xlsx,Swim up to 40%,promo_detail,Swim up to 40%,5.5-5.8,2026-05-05,2026-05-08,2026-05-05,Sleep/PJs|Swim,202,65,202,289909.0,
6a0848b424cd,5.5.26 Sleep Starting @ $25 & All Swim up to 40% PDL.xlsx,Tier 1 Recommendations,tier1_recommendation,5.5.26 Sleep Starting @ $25 & All Swim up to 40%,5.5-5.8,2026-05-05,2026-05-08,2026-05-05,Sleep/PJs|Swim,0,0,0,0.0,
db52aefb7199,5.9.26 All Dresses & All Swim up to 40% PDL.xlsx,Clearance Offers,promo_detail,Clearance Offers,5.9-5.13,2026-05-09,2026-05-13,2026-05-09,Dresses|Swim|Clearance,826,470,826,204364.0,
db52aefb7199,5.9.26 All Dresses & All Swim up to 40% PDL.xlsx,Dresses up to 40%,promo_detail,Dresses up to 40%,5.9-5.13,2026-05-09,2026-05-13,2026-05-09,Dresses|Swim,244,99,244,395332.0,
db52aefb7199,5.9.26 All Dresses & All Swim up to 40% PDL.xlsx,Promo Offers,aggregate_promo_offers,5.9.26 All Dresses & All Swim up to 40% PDL,5.9-5.13,2026-05-09,2026-05-13,2026-05-09,Dresses|Swim,1896,704,1896,2712071.0,
db52aefb7199,5.9.26 All Dresses & All Swim up to 40% PDL.xlsx,Swim up to 40%,promo_detail,Swim up to 40%,5.9-5.13,2026-05-09,2026-05-13,2026-05-09,Dresses|Swim,204,65,204,283063.0,
db52aefb7199,5.9.26 All Dresses & All Swim up to 40% PDL.xlsx,Tier 1 Recommendations,tier1_recommendation,5.9.26 All Dresses & All Swim up to 40% PDL,5.9-5.13,2026-05-09,2026-05-13,2026-05-09,Dresses|Swim,0,0,0,0.0,
245791c4f0f2,5.14.26 Memorial Day up to 50% Off Everything PDL.xlsx,Clearance Offers,promo_detail,Clearance Offers,5.14-5.25,2026-05-14,2026-05-25,2026-05-14,Clearance|Sitewide,826,470,826,186344.0,
245791c4f0f2,5.14.26 Memorial Day up to 50% Off Everything PDL.xlsx,Dresses up to 40%,promo_detail,5.14.26 Memorial Day up to 50% Off Everything,5.14-5.25,2026-05-14,2026-05-25,2026-05-14,Dresses|Sitewide,1,1,1,0.0,
245791c4f0f2,5.14.26 Memorial Day up to 50% Off Everything PDL.xlsx,New Markdown Offers,markdown,New Markdowns,5.14-5.25,2026-05-14,2026-05-25,2026-05-14,Clearance|Sitewide,321,179,321,64423.0,
245791c4f0f2,5.14.26 Memorial Day up to 50% Off Everything PDL.xlsx,Pin Reccs,promo_detail,5.14.26 Memorial Day up to 50% Off Everything,5.14-5.25,2026-05-14,2026-05-25,2026-05-14,Sitewide,24,21,24,60850.0,
245791c4f0f2,5.14.26 Memorial Day up to 50% Off Everything PDL.xlsx,Promo Offers,aggregate_promo_offers,5.14.26 Memorial Day up to 50% Off Everything,5.14-5.25,2026-05-14,2026-05-25,2026-05-14,Sitewide,1751,634,1751,2443097.0,
245791c4f0f2,5.14.26 Memorial Day up to 50% Off Everything PDL.xlsx,Tier 1 Recommendations,tier1_recommendation,5.14.26 Memorial Day up to 50% Off Everything,5.14-5.25,2026-05-14,2026-05-25,2026-05-14,Sitewide,0,0,0,0.0,
260d6ea14630,5.26.26 Dresses up to 50 PDL.xlsx,Clearance Offers,promo_detail,Clearance Offers,5.26-6-1,2026-05-26,2026-06-01,2026-05-26,Dresses|Clearance,826,470,826,188125.0,
260d6ea14630,5.26.26 Dresses up to 50 PDL.xlsx,Collab up to 40%,promo_detail,Collab up to 40%,5.26-6-1,2026-05-26,2026-06-01,2026-05-26,Dresses,146,124,146,125783.0,
260d6ea14630,5.26.26 Dresses up to 50 PDL.xlsx,Dresses up to 50%,promo_detail,Dresses up to 50%,5.26-6-1,2026-05-26,2026-06-01,2026-05-26,Dresses,182,70,182,318201.0,
260d6ea14630,5.26.26 Dresses up to 50 PDL.xlsx,New Arrivals,promo_detail,New Arrivals,5.26-6-1,2026-05-26,2026-06-01,2026-05-26,Dresses|New Arrivals,40,12,40,36392.0,
260d6ea14630,5.26.26 Dresses up to 50 PDL.xlsx,Promo Offers,aggregate_promo_offers,5.26.26 Dresses up to 50% & Collab up to 40%,5.26-6-1,2026-05-26,2026-06-01,2026-05-26,Dresses,1610,584,1610,2342738.0,
260d6ea14630,5.26.26 Dresses up to 50 PDL.xlsx,Tier 1 Recommendations,tier1_recommendation,5.26.26 Dresses up to 50% & Collab up to 40%,5.26-6-1,2026-05-26,2026-06-01,2026-05-26,Dresses,0,0,0,0.0,
a069507696c0,6.2.26 RWB & All Sleep up to 50% Off PDL.xlsx,Clearance Offers,promo_detail,Clearance Offers,5.26-6-1,2026-05-26,2026-06-01,2026-06-02,Sleep/PJs|Clearance,826,470,826,172267.0,
a069507696c0,6.2.26 RWB & All Sleep up to 50% Off PDL.xlsx,New Arrivals,promo_detail,New Arrivals,5.26-6-1,2026-05-26,2026-06-01,2026-06-02,Sleep/PJs|New Arrivals,40,12,40,61637.0,
a069507696c0,6.2.26 RWB & All Sleep up to 50% Off PDL.xlsx,Promo Offers,aggregate_promo_offers,6.2.26 RWB & All Sleep up to 50% Off,5.26-6-1,2026-05-26,2026-06-01,2026-06-02,Sleep/PJs,1539,575,1539,1887430.0,
a069507696c0,6.2.26 RWB & All Sleep up to 50% Off PDL.xlsx,RWB up to 50%,promo_detail,RWB up to 50%,5.26-6-1,2026-05-26,2026-06-01,2026-06-02,Sleep/PJs,28,21,28,32130.0,
a069507696c0,6.2.26 RWB & All Sleep up to 50% Off PDL.xlsx,Sleep up to 50%,promo_detail,Sleep up to 50%,5.26-6-1,2026-05-26,2026-06-01,2026-06-02,Sleep/PJs,443,145,443,761476.0,
a069507696c0,6.2.26 RWB & All Sleep up to 50% Off PDL.xlsx,Tier 1 Recommendations,tier1_recommendation,6.2.26 RWB & All Sleep up to 50% Off,5.26-6-1,2026-05-26,2026-06-01,2026-06-02,Sleep/PJs,0,0,0,0.0,
3a0dc46f1597,6.9.26 RWB & Swim & Dresses up to 50% Off PDL.xlsx,Clearance Offers,promo_detail,Clearance Offers,6.9.26-6.17.26,2026-06-09,2026-06-17,2026-06-09,Dresses|Swim|Clearance,826,470,826,181492.0,
3a0dc46f1597,6.9.26 RWB & Swim & Dresses up to 50% Off PDL.xlsx,Promo Offers,aggregate_promo_offers,6.9.26 RWB & Swim & Dresses up to 50% Off,6.9.26-6.17.26,2026-06-09,2026-06-17,2026-06-09,Dresses|Swim,1527,564,1527,2045723.0,
3a0dc46f1597,6.9.26 RWB & Swim & Dresses up to 50% Off PDL.xlsx,RWB up to 50%,promo_detail,RWB up to 50%,6.9.26-6.17.26,2026-06-09,2026-06-17,2026-06-09,Dresses|Swim,28,21,28,39210.0,
3a0dc46f1597,6.9.26 RWB & Swim & Dresses up to 50% Off PDL.xlsx,Swim up to 50%,promo_detail,Sleep up to 50%,6.9.26-6.12.26,2026-06-09,2026-06-12,2026-06-09,Dresses|Sleep/PJs|Swim,198,64,198,201158.0,
3a0dc46f1597,6.9.26 RWB & Swim & Dresses up to 50% Off PDL.xlsx,Tier 1 Recommendations,tier1_recommendation,6.9.26 RWB & Swim & Dresses up to 50% Off,6.9.26-6.17.26,2026-06-09,2026-06-17,2026-06-09,Dresses|Swim,0,0,0,0.0,
3a0dc46f1597,6.9.26 RWB & Swim & Dresses up to 50% Off PDL.xlsx,Dresses up to 50%,promo_detail,Dresses up to 50%,6.13.26-6.17.26,2026-06-13,2026-06-17,2026-06-09,Dresses|Swim,173,68,173,255594.0,
4b2c01e634c2,6.18.26 Hanna Sale PDL.xlsx,6.18 NEW Markdowns,markdown,New Markdowns,6.18,2026-06-18,2026-06-18,2026-06-18,Clearance,769,319,769,425106.0,
4b2c01e634c2,6.18.26 Hanna Sale PDL.xlsx,6.18 Promo Offers,promo_detail,Hanna Sale up to 60% Off,6.18-6.24,2026-06-18,2026-06-24,2026-06-18,Clearance,906,391,906,1492273.0,
4b2c01e634c2,6.18.26 Hanna Sale PDL.xlsx,Images,promo_detail,Hanna Sale up to 60% Off,6.18-6.24,2026-06-18,2026-06-24,2026-06-18,Clearance,8718,3737,8693,0.0,
4b2c01e634c2,6.18.26 Hanna Sale PDL.xlsx,OLD Clearance Offers,promo_detail,OLD Clearance Offers,6.18-6.24,2026-06-18,2026-06-24,2026-06-18,Clearance,961,562,961,269151.0,
4b2c01e634c2,6.18.26 Hanna Sale PDL.xlsx,Sheet1,promo_detail,Hanna Sale up to 60% Off,6.18-6.24,2026-06-18,2026-06-24,2026-06-18,Clearance,881,358,873,0.0,
4b2c01e634c2,6.18.26 Hanna Sale PDL.xlsx,Tier 1 Recommendations,tier1_recommendation,Hanna Sale up to 60% Off,6.18-6.24,2026-06-18,2026-06-24,2026-06-18,Clearance,0,0,0,0.0,
4b2c01e634c2,6.18.26 Hanna Sale PDL.xlsx,6.25 NEW Markdowns,markdown,New Markdowns,6.25,2026-06-25,2026-06-25,2026-06-18,Clearance,114,60,114,99127.0,
4b2c01e634c2,6.18.26 Hanna Sale PDL.xlsx,6.25 Promo Offers,promo_detail,Hanna Sale up to 60% Off,6.25-6.26,2026-06-25,2026-06-26,2026-06-18,Clearance,735,311,735,1267323.0,
4b2c01e634c2,6.18.26 Hanna Sale PDL.xlsx,6.27 Promo Offers,promo_detail,Hanna Sale up to 60% Off & All Unders 50% Off,6.27-6.30,2026-06-27,2026-06-30,2026-06-18,Clearance,753,315,753,1289152.0,
4b2c01e634c2,6.18.26 Hanna Sale PDL.xlsx,7.1 FURTHER Markdowns,markdown,Further Markdowns,7.1,2026-07-01,2026-07-01,2026-06-18,Clearance,126,66,126,206092.0,
4b2c01e634c2,6.18.26 Hanna Sale PDL.xlsx,7.1 Promo Offers,promo_detail,Hanna Sale up to 75% Off,7.1-7.6,2026-07-01,2026-07-06,2026-06-18,Clearance,753,315,753,1289152.0,
3e32c04d2160,7.7.26 Xmas in July Sleep Starting @ $20 PDL.xlsx,Clearance Offers,promo_detail,Clearance Offers,7.7-7.13,2026-07-07,2026-07-13,2026-07-07,Sleep/PJs|Clearance,826,470,826,156842.0,
3e32c04d2160,7.7.26 Xmas in July Sleep Starting @ $20 PDL.xlsx,Holiday Sleep Starting @ $20,promo_detail,Holiday Sleep Starting @ $20,7.7-7.13,2026-07-07,2026-07-13,2026-07-07,Sleep/PJs|Holiday,113,57,113,270181.0,
3e32c04d2160,7.7.26 Xmas in July Sleep Starting @ $20 PDL.xlsx,Pin Recommendations,promo_detail,7.7.26 Xmas in July Sleep Starting @ $20 PDL,7.7-7.13,2026-07-07,2026-07-13,2026-07-07,Sleep/PJs,19,12,19,0.0,
3e32c04d2160,7.7.26 Xmas in July Sleep Starting @ $20 PDL.xlsx,Promo Offers,aggregate_promo_offers,7.7.26 Xmas in July Sleep Starting @ $20 PDL,7.7-7.13,2026-07-07,2026-07-13,2026-07-07,Sleep/PJs,845,342,845,1375316.0,
3e32c04d2160,7.7.26 Xmas in July Sleep Starting @ $20 PDL.xlsx,Sleep Starting @ $20,promo_detail,Sleep Starting @ $20,7.7-7.13,2026-07-07,2026-07-13,2026-07-07,Sleep/PJs,358,124,358,736775.0,
3e32c04d2160,7.7.26 Xmas in July Sleep Starting @ $20 PDL.xlsx,Swim 50% Off,promo_detail,Swim 50% Off,7.11-7.13,2026-07-11,2026-07-13,2026-07-07,Sleep/PJs|Swim,51,20,51,54224.0,
f45655a4ec41,7.14.26 Dresses up to 30.xlsm,$15 Sleep,promo_detail,$15 Sleep,7.14-7.20,2026-07-14,2026-07-20,2026-07-14,Dresses|Sleep/PJs,703,230,703,146530.0,
f45655a4ec41,7.14.26 Dresses up to 30.xlsm,Dresses up to 30%,promo_detail,Dresses up to 30%,7.14-7.20,2026-07-14,2026-07-20,2026-07-14,Dresses,83,32,83,128344.0,
f45655a4ec41,7.14.26 Dresses up to 30.xlsm,Images,promo_detail,Dresses up to 30% & Baby Gifts up to 50%,7.14-7.20,2026-07-14,2026-07-20,2026-07-14,Dresses|Baby,8814,3771,8789,0.0,
f45655a4ec41,7.14.26 Dresses up to 30.xlsm,Promo Offers,aggregate_promo_offers,Dresses up to 30% & Baby Gifts up to 50%,7.14-7.20,2026-07-14,2026-07-20,2026-07-14,Dresses|Baby,676,262,676,1202626.0,
f45655a4ec41,7.14.26 Dresses up to 30.xlsm,Sheet1,promo_detail,Dresses up to 30% & Baby Gifts up to 50%,7.14-7.20,2026-07-14,2026-07-20,2026-07-14,Dresses|Baby,881,358,873,0.0,
f45655a4ec41,7.14.26 Dresses up to 30.xlsm,Tier 1 Recommendations,tier1_recommendation,Dresses up to 30% & Baby Gifts up to 50%,7.14-7.20,2026-07-14,2026-07-20,2026-07-14,Dresses|Baby,0,0,0,0.0,
a8efadadcbf2,7.21.26 BTS & Sleep Up to 30% Off + New Markdowns.xlsm,$15 Sleep,markdown,New Markdowns,2026-07-21 00:00:00,2026-07-21,2026-07-21,2026-07-21,Sleep/PJs|Clearance,0,0,0,0.0,
a8efadadcbf2,7.21.26 BTS & Sleep Up to 30% Off + New Markdowns.xlsm,BTS Up to 30% ,markdown,BTS Up to 30%,2026-07-21 00:00:00,2026-07-21,2026-07-21,2026-07-21,Sleep/PJs|Clearance,57,22,57,20795.0,
a8efadadcbf2,7.21.26 BTS & Sleep Up to 30% Off + New Markdowns.xlsm,Images,markdown,BTS & Sleep Up to 30%,2026-07-21 00:00:00,2026-07-21,2026-07-21,2026-07-21,Sleep/PJs|Clearance,8814,3771,8789,0.0,
a8efadadcbf2,7.21.26 BTS & Sleep Up to 30% Off + New Markdowns.xlsm,New Markdowns,markdown,New Markdowns,2026-07-21 00:00:00,2026-07-21,2026-07-21,2026-07-21,Sleep/PJs|Clearance,99,50,99,84425.0,
a8efadadcbf2,7.21.26 BTS & Sleep Up to 30% Off + New Markdowns.xlsm,Promo Offers,markdown,BTS & Sleep Up to 30%,2026-07-21 00:00:00,2026-07-21,2026-07-21,2026-07-21,Sleep/PJs|Clearance,978,368,978,1477883.0,
a8efadadcbf2,7.21.26 BTS & Sleep Up to 30% Off + New Markdowns.xlsm,Sheet1,markdown,BTS & Sleep Up to 30%,2026-07-21 00:00:00,2026-07-21,2026-07-21,2026-07-21,Sleep/PJs|Clearance,881,358,873,0.0,
a8efadadcbf2,7.21.26 BTS & Sleep Up to 30% Off + New Markdowns.xlsm,Sleep up to 30%,markdown,Sleep Up to 30%,2026-07-21 00:00:00,2026-07-21,2026-07-21,2026-07-21,Sleep/PJs|Clearance,391,126,391,737638.0,
a8efadadcbf2,7.21.26 BTS & Sleep Up to 30% Off + New Markdowns.xlsm,Tier 1 Recommendations,tier1_recommendation,BTS & Sleep Up to 30%,2026-07-21 00:00:00,2026-07-21,2026-07-21,2026-07-21,Sleep/PJs|Clearance,0,0,0,0.0,
16a353749ba1,8.11.26 Dresses & Collab up to 40% PDL.xlsm,$15 Sleep,markdown,New Markdowns,2026-07-21 00:00:00,2026-07-21,2026-07-21,2026-08-11,Dresses|Sleep/PJs|Clearance,0,0,0,0.0,
f15d02d8fed6,8.15.26 Hannaween & Sleep up to 40% PDL.xlsm,$15 Sleep,markdown,New Markdowns,2026-07-21 00:00:00,2026-07-21,2026-07-21,2026-08-15,Sleep/PJs|Clearance|Halloween,0,0,0,0.0,
57503385702d,8.4.26 New Arrivals and Hannaween up to 30%.xlsm,$15 Sleep,markdown,New Markdowns,2026-07-21 00:00:00,2026-07-21,2026-07-21,2026-08-04,Sleep/PJs|Clearance|New Arrivals|Halloween,0,0,0,0.0,
57503385702d,8.4.26 New Arrivals and Hannaween up to 30%.xlsm,Unders 50% Off,promo_detail,Unders 50% Off,8.1-8.2,2026-08-01,2026-08-02,2026-08-04,New Arrivals|Halloween,67,21,67,77035.0,
57503385702d,8.4.26 New Arrivals and Hannaween up to 30%.xlsm,Hannaween up to 30%,promo_detail,Hannaween up to 30%,8.4-8.10,2026-08-04,2026-08-10,2026-08-04,New Arrivals|Halloween,84,51,84,136470.0,
57503385702d,8.4.26 New Arrivals and Hannaween up to 30%.xlsm,Images,promo_detail,New Arrivals and Hannaween up to 30%,8.4-8.10,2026-08-04,2026-08-10,2026-08-04,New Arrivals|Halloween,9242,3919,9218,0.0,
57503385702d,8.4.26 New Arrivals and Hannaween up to 30%.xlsm,New Arrivals up to 30%,promo_detail,New Arrivals up to 30%,8.4-8.10,2026-08-04,2026-08-10,2026-08-04,New Arrivals|Halloween,899,392,899,279973.0,
57503385702d,8.4.26 New Arrivals and Hannaween up to 30%.xlsm,Promo Offers,aggregate_promo_offers,New Arrivals and Hannaween up to 30%,8.4-8.10,2026-08-04,2026-08-10,2026-08-04,New Arrivals|Halloween,1304,571,1304,1954378.0,
57503385702d,8.4.26 New Arrivals and Hannaween up to 30%.xlsm,Sheet1,promo_detail,New Arrivals and Hannaween up to 30%,8.4-8.10,2026-08-04,2026-08-10,2026-08-04,New Arrivals|Halloween,881,358,873,0.0,
57503385702d,8.4.26 New Arrivals and Hannaween up to 30%.xlsm,Tier 1 Recommendations,tier1_recommendation,New Arrivals and Hannaween up to 30%,8.4-8.10,2026-08-04,2026-08-10,2026-08-04,New Arrivals|Halloween,0,0,0,0.0,
16a353749ba1,8.11.26 Dresses & Collab up to 40% PDL.xlsm,Collab up to 40%,promo_detail,Collab up to 40%,8.11-8.14,2026-08-11,2026-08-14,2026-08-11,Dresses,90,71,90,124689.0,
16a353749ba1,8.11.26 Dresses & Collab up to 40% PDL.xlsm,Dresses up to 40%,promo_detail,Dresses (+Leggings/Biker Shorts/Socks) up to 40%,8.11-8.14,2026-08-11,2026-08-14,2026-08-11,Dresses,226,94,226,574755.0,
16a353749ba1,8.11.26 Dresses & Collab up to 40% PDL.xlsm,Images,promo_detail,Dresses (+Leggings/Biker Shorts/Socks) & Collab up to 40%,8.11-8.14,2026-08-11,2026-08-14,2026-08-11,Dresses,9601,4031,9575,0.0,
16a353749ba1,8.11.26 Dresses & Collab up to 40% PDL.xlsm,Promo Offers,aggregate_promo_offers,Dresses (+Leggings/Biker Shorts/Socks) & Collab up to 40%,8.11-8.14,2026-08-11,2026-08-14,2026-08-11,Dresses,1299,548,1299,2446481.0,
16a353749ba1,8.11.26 Dresses & Collab up to 40% PDL.xlsm,Sheet1,promo_detail,Dresses (+Leggings/Biker Shorts/Socks) & Collab up to 40%,8.11-8.14,2026-08-11,2026-08-14,2026-08-11,Dresses,881,358,873,0.0,
16a353749ba1,8.11.26 Dresses & Collab up to 40% PDL.xlsm,Tier 1 Recommendations,tier1_recommendation,Dresses (+Leggings/Biker Shorts/Socks) & Collab up to 40%,8.11-8.14,2026-08-11,2026-08-14,2026-08-11,Dresses,0,0,0,0.0,
16a353749ba1,8.11.26 Dresses & Collab up to 40% PDL.xlsm,All Dresses 50% Off,promo_detail,All Dresses 50% Off*,8.15-8.16,2026-08-15,2026-08-16,2026-08-11,Dresses,0,0,0,0.0,
f15d02d8fed6,8.15.26 Hannaween & Sleep up to 40% PDL.xlsm,8.15-8.16 All Dresses 50% Off,promo_detail,All Dresses 50% Off*,8.15-8.16,2026-08-15,2026-08-16,2026-08-15,Dresses|Sleep/PJs|Halloween,174,76,174,346218.0,
f15d02d8fed6,8.15.26 Hannaween & Sleep up to 40% PDL.xlsm,Hannaween up to 40%,promo_detail,Hannaween up to 40%,8.15-8.21,2026-08-15,2026-08-21,2026-08-15,Sleep/PJs|Halloween,82,49,82,189026.0,
f15d02d8fed6,8.15.26 Hannaween & Sleep up to 40% PDL.xlsm,Images,promo_detail,Hannaween & Sleep up to 40%,8.15-8.21,2026-08-15,2026-08-21,2026-08-15,Sleep/PJs|Halloween,9726,4070,9700,0.0,
f15d02d8fed6,8.15.26 Hannaween & Sleep up to 40% PDL.xlsm,Promo Offers,aggregate_promo_offers,Hannaween & Sleep up to 40%,8.15-8.21,2026-08-15,2026-08-21,2026-08-15,Sleep/PJs|Halloween,1152,466,1152,2150839.0,
f15d02d8fed6,8.15.26 Hannaween & Sleep up to 40% PDL.xlsm,Sheet1,promo_detail,Hannaween & Sleep up to 40%,8.15-8.21,2026-08-15,2026-08-21,2026-08-15,Sleep/PJs|Halloween,881,358,873,0.0,
f15d02d8fed6,8.15.26 Hannaween & Sleep up to 40% PDL.xlsm,Sleep up to 40%,promo_detail,Sleep(ft. Halloween) up to 40%,8.15-8.21,2026-08-15,2026-08-21,2026-08-15,Sleep/PJs|Halloween,285,110,285,573720.0,
f15d02d8fed6,8.15.26 Hannaween & Sleep up to 40% PDL.xlsm,Tier 1 Recommendations,tier1_recommendation,Hannaween & Sleep up to 40%,8.15-8.21,2026-08-15,2026-08-21,2026-08-15,Sleep/PJs|Halloween,0,0,0,0.0,
78d1e75f68e4,manual_promotion_calendar.csv,Labor Day Event: 40% off sitewide,promo_detail,Labor Day Event: 40% off sitewide,2026-08-26 to 2026-09-07,2026-08-26,2026-09-07,,Sitewide|Holiday excluded|New Arrivals excluded,0,0,0,0.0,User-supplied 2026-08-17; 40% off sitewide excluding Holiday new arrivals. No PDL or SKU eligibility list received.
78d1e75f68e4,manual_promotion_calendar.csv,Surprise extension: FUN20 20% off,promo_detail,Surprise extension: FUN20 20% off,2026-09-08 to 2026-09-08,2026-09-08,2026-09-08,,Sitewide|Coupon,0,0,0,0.0,User-supplied 2026-08-17; 20% off with code FUN20. No PDL or SKU eligibility list received.
