StatusSKU,ProductStatus,ProductStatusDate
15233-EH2-30,Final Sale,6/16/2025
15233-EH2-31,Final Sale,6/16/2025
15233-EH2-33,Final Sale,6/16/2025
15233-EH2-36,Final Sale,6/16/2025
28554-011-1,Clearance,6/16/2025
28554-A91-5,Final Sale,6/16/2025
28554-KZ6-5,Final Sale,6/16/2025
28554-M23-1,Final Sale,6/16/2025
30070-011-L,Clearance,6/15/2026
30070-011-M,Clearance,6/15/2026
30070-011-S,Clearance,6/15/2026
30070-011-XL,Clearance,6/15/2026
30070-011-XS,Clearance,6/15/2026
30070-011-XXL,Clearance,6/15/2026
30070-16N-L,Final Sale,6/16/2025
30070-16N-M,Final Sale,6/16/2025
30070-16N-XL,Final Sale,6/16/2025
30070-1AY-L,Final Sale,6/15/2026
30070-1AY-M,Final Sale,6/15/2026
30070-1AY-S,Promo/Reg Price,6/16/2025
30070-1AY-XL,Promo/Reg Price,6/16/2025
30070-1AY-XS,Final Sale,6/15/2026
30070-1AY-XXL,Final Sale,6/15/2026
30070-1FL-L,Final Sale,6/15/2026
30070-1FL-M,Promo/Reg Price,6/16/2025
30070-1FL-XL,Final Sale,6/15/2026
30070-1FL-XS,Promo/Reg Price,6/16/2025
30070-962-S,Final Sale,6/16/2025
30070-963-M,Final Sale,6/16/2025
30070-GN1-L,Final Sale,6/16/2025
30070-GN1-M,Final Sale,6/16/2025
30070-GN1-S,Final Sale,6/16/2025
30070-GN1-XL,Final Sale,6/16/2025
30070-GN1-XS,Final Sale,6/16/2025
30070-GN1-XXL,Final Sale,6/16/2025
30070-HM3-M,Final Sale,6/16/2025
30070-NW1-L,Clearance,6/16/2025
30070-NW2-S,Final Sale,6/16/2025
30070-NW2-XXL,Final Sale,6/16/2025
30070-QE5-M,Clearance,6/16/2025
30070-QE5-XL,Clearance,6/16/2025
30070-QN6-S,Final Sale,6/16/2025
30070-QN6-XL,Final Sale,6/16/2025
30070-S74-L,Clearance,6/16/2025
30070-S74-M,Clearance,6/16/2025
30070-S74-S,Clearance,6/16/2025
30070-S74-XL,Clearance,6/16/2025
30070-S74-XS,Clearance,6/16/2025
30070-SR4-L,Clearance,6/15/2026
30070-SR4-M,Promo/Reg Price,6/16/2025
30070-SR4-S,Clearance,6/15/2026
30070-SR4-XL,Clearance,6/15/2026
30070-SR4-XS,Promo/Reg Price,6/16/2025
30070-SR4-XXL,Clearance,6/15/2026
30070-TB4-L,Final Sale,6/16/2025
30070-TB4-M,Final Sale,6/16/2025
30070-TD4-L,Final Sale,6/16/2025
30070-U74-L,Clearance,6/16/2025
30070-U74-M,Clearance,6/16/2025
30070-U74-S,Clearance,6/16/2025
30070-U74-XL,Clearance,6/16/2025
30070-U74-XS,Clearance,6/16/2025
30070-WQ4-XS,Promo/Reg Price,6/16/2025
30071-16N-M,Clearance,6/16/2025
30071-GN1-L,Final Sale,6/16/2025
30071-GN1-S,Final Sale,6/16/2025
30071-GN1-XS,Final Sale,6/16/2025
30071-HM3-S,Final Sale,6/16/2025
30071-JH6-L,Final Sale,6/16/2025
30071-LZ8-S,Clearance,6/16/2025
30071-NW1-L,Clearance,6/16/2025
30071-NW2-M,Clearance,6/16/2025
30071-NW2-S,Clearance,6/16/2025
30071-QE5-XL,Final Sale,6/16/2025
30071-QN6-L,Final Sale,6/16/2025
30071-QN6-M,Final Sale,6/16/2025
30071-QN6-S,Final Sale,6/16/2025
30071-QN6-XL,Final Sale,6/16/2025
30071-QN6-XS,Final Sale,6/16/2025
30071-S74-M,Final Sale,6/16/2025
30071-S74-S,Final Sale,6/16/2025
30071-S74-XL,Final Sale,6/16/2025
30071-S74-XS,Final Sale,6/16/2025
30071-TB4-L,Final Sale,6/16/2025
30071-TB4-M,Final Sale,6/16/2025
30071-TB4-S,Final Sale,6/16/2025
30071-TB4-XXL,Final Sale,6/16/2025
30071-U74-M,Final Sale,6/16/2025
30071-U74-XS,Final Sale,6/16/2025
30810-011-L,Promo/Reg Price,6/16/2025
30810-011-M,Promo/Reg Price,6/16/2025
30810-011-S,Final Sale,6/15/2026
30810-011-XL,Promo/Reg Price,6/16/2025
30810-011-XS,Final Sale,6/15/2026
30810-011-XXL,Promo/Reg Price,6/16/2025
30810-011-XXS,Final Sale,6/15/2026
30810-149-S,,6/16/2025
30810-16N-L,Final Sale,6/16/2025
30810-16N-M,Final Sale,6/16/2025
30810-16N-S,Final Sale,6/16/2025
30810-16N-XL,Final Sale,6/16/2025
30810-16N-XS,Final Sale,6/16/2025
30810-16N-XXL,Final Sale,6/16/2025
30810-1AY-L,Clearance,6/15/2026
30810-1AY-M,Clearance,6/15/2026
30810-1AY-S,Clearance,6/15/2026
30810-1AY-XL,Clearance,6/15/2026
30810-1AY-XS,Promo/Reg Price,6/16/2025
30810-1AY-XXS,Promo/Reg Price,6/16/2025
30810-1FL-S,Final Sale,6/15/2026
30810-1FL-XS,Promo/Reg Price,6/16/2025
30810-AS2-L,,6/16/2025
30810-DH1-L,,6/16/2025
30810-GN1-L,Final Sale,6/16/2025
30810-GN1-M,Final Sale,6/16/2025
30810-GN1-S,Final Sale,6/16/2025
30810-HM3-M,Clearance,6/16/2025
30810-NW2-L,Final Sale,6/16/2025
30810-NW2-S,Final Sale,6/16/2025
30810-QE5-L,Clearance,6/16/2025
30810-QE5-S,Clearance,6/16/2025
30810-QE5-XL,Clearance,6/16/2025
30810-SR4-M,Clearance,6/15/2026
30810-SR4-S,Clearance,6/15/2026
30810-SR4-XS,Promo/Reg Price,6/16/2025
30810-TB4-L,Clearance,6/16/2025
30810-TB4-M,Clearance,6/16/2025
30810-TB4-XL,Clearance,6/16/2025
30810-TB4-XS,Clearance,6/16/2025
30810-TB4-XXL,Clearance,6/16/2025
30810-TD4-L,Promo/Reg Price,6/16/2025
30810-TD4-XXL,Promo/Reg Price,6/16/2025
30849-001-110,,6/16/2025
33080-43T-60,,6/16/2025
33080-GQ6-60,Promo/Reg Price,6/16/2025
33080-GQ8-70,Promo/Reg Price,6/16/2025
33080-GR2-75,Promo/Reg Price,6/16/2025
33081-16N-70,Clearance,6/16/2025
33081-16N-75,Clearance,6/16/2025
33081-16N-80,Clearance,6/16/2025
33081-16N-85,Clearance,6/16/2025
33081-962-85,Final Sale,6/16/2025
33081-963-90,Clearance,6/16/2025
33081-DH2-80,,6/16/2025
33081-EL7-90,Final Sale,6/16/2025
33081-ES8-50,Final Sale,6/16/2025
33081-GK9-85,Promo/Reg Price,6/16/2025
33081-GM5-60,Clearance,6/16/2025
33081-GN1-50,Final Sale,6/16/2025
33081-GN1-60,Final Sale,6/16/2025
33081-GN1-70,Final Sale,6/16/2025
33081-GN1-75,Final Sale,6/16/2025
33081-GN1-80,Final Sale,6/16/2025
33081-GN1-85,Final Sale,6/16/2025
33081-GN1-90,Final Sale,6/16/2025
33081-GP1-80,Promo/Reg Price,6/16/2025
33081-GY3-90,Promo/Reg Price,6/16/2025
33081-HM3-75,Clearance,6/16/2025
33081-HR3-50,Final Sale,6/16/2025
33081-HR3-85,Final Sale,6/16/2025
33081-HS0-75,Final Sale,6/16/2025
33081-NW1-75,Final Sale,6/16/2025
33081-NW2-50,Final Sale,6/16/2025
33081-NW2-70,Final Sale,6/16/2025
33081-NW2-75,Final Sale,6/16/2025
33081-NW2-80,Final Sale,6/16/2025
33081-NW2-85,Final Sale,6/16/2025
33081-NW2-90,Final Sale,6/16/2025
33081-QE1-70,Final Sale,6/16/2025
33081-QE1-75,Final Sale,6/16/2025
33081-QE1-85,Final Sale,6/16/2025
33081-QE1-90,Final Sale,6/16/2025
33081-QE4-85,Clearance,6/16/2025
33081-QE5-80,Clearance,6/16/2025
33081-QE5-85,Clearance,6/16/2025
33081-QN6-70,Final Sale,6/16/2025
33081-QN6-75,Final Sale,6/16/2025
33081-QN6-90,Final Sale,6/16/2025
33081-QT3-90,Promo/Reg Price,6/16/2025
33081-S74-60,Final Sale,6/16/2025
33081-S74-70,Final Sale,6/16/2025
33081-S74-75,Final Sale,6/16/2025
33081-S74-80,Final Sale,6/16/2025
33081-S74-85,Final Sale,6/16/2025
33081-TB4-60,Final Sale,6/16/2025
33081-TB4-70,Final Sale,6/16/2025
33081-TB4-75,Final Sale,6/16/2025
33081-TB4-80,Final Sale,6/16/2025
33081-TD4-60,Promo/Reg Price,6/16/2025
33081-TD4-80,Promo/Reg Price,6/16/2025
33081-TT2-70,Promo/Reg Price,6/16/2025
33081-U74-60,Final Sale,6/16/2025
33081-U74-70,Final Sale,6/16/2025
33081-U74-75,Final Sale,6/16/2025
33081-U74-80,Final Sale,6/16/2025
33081-U74-85,Final Sale,6/16/2025
33081-VF3-75,Promo/Reg Price,6/16/2025
33081-VF3-90,Promo/Reg Price,6/16/2025
33081-WF2-60,Final Sale,6/16/2025
33081-WF2-70,Final Sale,6/16/2025
33081-WF3-75,Final Sale,6/16/2025
33081-WL0-80,Final Sale,6/16/2025
33083-FC4-70,Promo/Reg Price,6/16/2025
33083-HT8-85,Promo/Reg Price,6/16/2025
33083-ND8-80,Final Sale,6/16/2025
33083-PU5-90,Promo/Reg Price,6/16/2025
33083-QU3-90,Promo/Reg Price,6/16/2025
33083-Z06-60,,6/16/2025
33173-39U-90,,6/16/2025
33173-47N-90,,6/16/2025
33175-011-100,Promo/Reg Price,6/16/2025
33175-011-110,Promo/Reg Price,6/16/2025
33175-011-120,Promo/Reg Price,6/16/2025
33175-011-130,Promo/Reg Price,6/16/2025
33175-011-140,Promo/Reg Price,6/16/2025
33175-011-150,Promo/Reg Price,6/16/2025
33175-011-160,Promo/Reg Price,6/16/2025
33175-011-85,Promo/Reg Price,6/16/2025
33175-011-90,Promo/Reg Price,6/16/2025
33175-06G-85,Clearance,6/16/2025
33175-06G-90,Clearance,6/16/2025
33175-145-100,Promo/Reg Price,6/16/2025
33175-145-110,Promo/Reg Price,6/16/2025
33175-145-120,Promo/Reg Price,6/16/2025
33175-145-130,Promo/Reg Price,6/16/2025
33175-145-140,Promo/Reg Price,6/16/2025
33175-145-150,Promo/Reg Price,6/16/2025
33175-145-160,Promo/Reg Price,6/16/2025
33175-145-85,Promo/Reg Price,6/16/2025
33175-145-90,Promo/Reg Price,6/16/2025
33175-16N-110,Final Sale,6/16/2025
33175-16N-120,Final Sale,6/16/2025
33175-16N-130,Final Sale,6/16/2025
33175-16N-150,Final Sale,6/16/2025
33175-16N-85,Final Sale,6/16/2025
33175-16N-90,Final Sale,6/16/2025
33175-1AY-100,Promo/Reg Price,6/16/2025
33175-1AY-110,Promo/Reg Price,6/16/2025
33175-1AY-120,Promo/Reg Price,6/16/2025
33175-1AY-130,Promo/Reg Price,6/16/2025
33175-1AY-140,Promo/Reg Price,6/16/2025
33175-1AY-150,Promo/Reg Price,6/16/2025
33175-1AY-160,Promo/Reg Price,6/16/2025
33175-1AY-85,Promo/Reg Price,6/16/2025
33175-1AY-90,Promo/Reg Price,6/16/2025
33175-1FL-110,Promo/Reg Price,6/16/2025
33175-1FL-120,Final Sale,6/16/2025
33175-1FL-130,Promo/Reg Price,6/16/2025
33175-1FL-140,Promo/Reg Price,6/16/2025
33175-1FL-150,Promo/Reg Price,6/16/2025
33175-1FL-160,Promo/Reg Price,6/16/2025
33175-1FL-85,Promo/Reg Price,6/16/2025
33175-1FL-90,Promo/Reg Price,6/16/2025
33175-1KJ-100,Promo/Reg Price,6/16/2025
33175-1KJ-110,Promo/Reg Price,6/16/2025
33175-1KJ-120,Promo/Reg Price,6/16/2025
33175-1KJ-130,Promo/Reg Price,6/16/2025
33175-1KJ-140,Promo/Reg Price,6/16/2025
33175-1KJ-150,Promo/Reg Price,6/16/2025
33175-1KJ-160,Promo/Reg Price,6/16/2025
33175-23N-120,,6/16/2025
33175-30H-100,Promo/Reg Price,6/16/2025
33175-30H-110,Promo/Reg Price,6/16/2025
33175-30H-120,Final Sale,6/15/2026
33175-30H-130,Promo/Reg Price,6/16/2025
33175-30H-140,Promo/Reg Price,6/16/2025
33175-30H-150,Final Sale,6/15/2026
33175-30H-160,Promo/Reg Price,6/16/2025
33175-30H-85,Promo/Reg Price,6/16/2025
33175-30H-90,Promo/Reg Price,6/16/2025
33175-439-100,,6/16/2025
33175-58H-100,,6/16/2025
33175-58H-90,Final Sale,6/16/2025
33175-963-100,Final Sale,6/16/2025
33175-963-140,Final Sale,6/16/2025
33175-DH2-100,Final Sale,6/16/2025
33175-FS2-130,,6/16/2025
33175-GM5-130,Clearance,6/16/2025
33175-GN1-100,Final Sale,6/16/2025
33175-GN1-110,Final Sale,6/16/2025
33175-GN1-120,Final Sale,6/16/2025
33175-HM3-110,Clearance,6/16/2025
33175-NW1-120,Final Sale,6/16/2025
33175-NW2-120,Final Sale,6/16/2025
33175-PN3-110,Promo/Reg Price,6/16/2025
33175-PN3-120,Promo/Reg Price,6/16/2025
33175-QE4-90,Final Sale,6/16/2025
33175-QE5-110,Final Sale,6/16/2025
33175-QE5-90,Final Sale,6/16/2025
33175-QN6-100,Promo/Reg Price,6/16/2025
33175-QN6-140,Promo/Reg Price,6/16/2025
33175-QN6-160,Promo/Reg Price,6/16/2025
33175-S74-100,Clearance,6/16/2025
33175-S74-110,Clearance,6/16/2025
33175-S74-120,Clearance,6/16/2025
33175-S74-130,Clearance,6/16/2025
33175-S74-150,Clearance,6/16/2025
33175-S74-160,Clearance,6/16/2025
33175-S74-85,Clearance,6/16/2025
33175-S74-90,Clearance,6/16/2025
33175-SR4-100,Promo/Reg Price,6/16/2025
33175-SR4-110,Promo/Reg Price,6/16/2025
33175-SR4-120,Promo/Reg Price,6/16/2025
33175-SR4-130,Promo/Reg Price,6/16/2025
33175-SR4-140,Promo/Reg Price,6/16/2025
33175-SR4-150,Promo/Reg Price,6/16/2025
33175-SR4-160,Promo/Reg Price,6/16/2025
33175-SR4-85,Promo/Reg Price,6/16/2025
33175-SR4-90,Promo/Reg Price,6/16/2025
33175-TD4-110,Final Sale,6/16/2025
33175-TD4-120,Final Sale,6/16/2025
33175-TD4-130,Final Sale,6/16/2025
33175-TD4-140,Final Sale,6/16/2025
33175-TD4-150,Final Sale,6/16/2025
33175-TD4-85,Final Sale,6/16/2025
33175-TT2-100,Final Sale,6/16/2025
33175-TT2-110,Final Sale,6/16/2025
33175-TT2-120,Final Sale,6/16/2025
33175-TT2-130,Final Sale,6/16/2025
33175-TT2-140,Final Sale,6/16/2025
33175-TT2-150,Final Sale,6/16/2025
33175-TT2-90,Final Sale,6/16/2025
33175-U74-100,Clearance,6/16/2025
33175-U74-110,Clearance,6/16/2025
33175-U74-120,Clearance,6/16/2025
33175-U74-130,Clearance,6/16/2025
33175-U74-150,Clearance,6/16/2025
33175-U74-85,Clearance,6/16/2025
33175-VF3-160,Promo/Reg Price,6/16/2025
33175-WF2-140,Final Sale,6/16/2025
33175-WF3-100,Final Sale,6/16/2025
33175-WF3-130,Final Sale,6/16/2025
33175-WF3-85,Final Sale,6/16/2025
33175-WF3-90,Final Sale,6/16/2025
33175-WF4-100,Final Sale,6/16/2025
33175-WF4-150,Final Sale,6/16/2025
33175-WF4-85,Final Sale,6/16/2025
33175-WL0-100,Final Sale,6/16/2025
33175-WQ4-110,Promo/Reg Price,6/16/2025
33175-WQ4-120,Promo/Reg Price,6/16/2025
33175-WQ4-140,Promo/Reg Price,6/16/2025
33176-58V-110,,6/16/2025
33176-75N-100,Clearance,6/16/2025
33176-76Z-110,Clearance,6/16/2025
33176-76Z-80,Clearance,6/16/2025
33176-77Z-120,,6/16/2025
33176-KP3-120,Clearance,6/16/2025
33176-KP4-110,Clearance,6/16/2025
33176-KP5-130,Clearance,6/16/2025
33176-KP5-140,Clearance,6/16/2025
33176-KP5-160,Clearance,6/16/2025
33176-KP6-100,Clearance,6/16/2025
33176-KP6-110,Clearance,6/16/2025
33176-KP6-120,Clearance,6/16/2025
33176-KP6-160,Clearance,6/16/2025
33176-KQ2-120,Clearance,6/16/2025
33176-NQ3-130,Clearance,6/16/2025
33176-NQ8-160,Clearance,6/16/2025
33218-011-100,Promo/Reg Price,6/16/2025
33218-011-110,Promo/Reg Price,6/16/2025
33218-011-120,Promo/Reg Price,6/16/2025
33218-011-130,Promo/Reg Price,6/16/2025
33218-011-140,Promo/Reg Price,6/16/2025
33218-011-85,Promo/Reg Price,6/16/2025
33218-011-90,Promo/Reg Price,6/16/2025
33218-04Y-110,,6/16/2025
33218-04Y-160,,6/16/2025
33218-05Y-80,,6/16/2025
33218-06Y-160,,6/16/2025
33218-145-100,Promo/Reg Price,6/16/2025
33218-145-110,Promo/Reg Price,6/16/2025
33218-145-120,Promo/Reg Price,6/16/2025
33218-145-130,Final Sale,6/15/2026
33218-145-140,Final Sale,6/15/2026
33218-145-160,Final Sale,6/15/2026
33218-145-85,Promo/Reg Price,6/16/2025
33218-145-90,Promo/Reg Price,6/16/2025
33218-16N-100,Clearance,6/16/2025
33218-16N-110,Clearance,6/16/2025
33218-16N-120,Clearance,6/16/2025
33218-16N-130,Clearance,6/16/2025
33218-16N-85,Clearance,6/16/2025
33218-1AY-100,Promo/Reg Price,6/16/2025
33218-1AY-110,Promo/Reg Price,6/16/2025
33218-1AY-120,Clearance,6/15/2026
33218-1AY-130,Clearance,6/15/2026
33218-1AY-140,Promo/Reg Price,6/16/2025
33218-1AY-150,Clearance,6/15/2026
33218-1AY-160,Clearance,6/15/2026
33218-1AY-85,Clearance,6/15/2026
33218-1AY-90,Clearance,6/15/2026
33218-1FL-100,Promo/Reg Price,6/16/2025
33218-1FL-110,Promo/Reg Price,6/16/2025
33218-1FL-120,Clearance,6/15/2026
33218-1FL-130,Promo/Reg Price,6/16/2025
33218-1FL-140,Promo/Reg Price,6/16/2025
33218-1FL-150,Clearance,6/15/2026
33218-1FL-160,Clearance,6/15/2026
33218-1FL-85,Promo/Reg Price,6/16/2025
33218-1FL-90,Promo/Reg Price,6/16/2025
33218-1KJ-100,Promo/Reg Price,6/16/2025
33218-1KJ-110,Promo/Reg Price,6/16/2025
33218-1KJ-120,Promo/Reg Price,6/16/2025
33218-1KJ-130,Promo/Reg Price,6/16/2025
33218-1KJ-140,Promo/Reg Price,6/16/2025
33218-1KJ-150,Clearance,6/15/2026
33218-1KJ-160,Promo/Reg Price,6/16/2025
33218-1KJ-85,Promo/Reg Price,6/16/2025
33218-1KJ-90,Promo/Reg Price,6/16/2025
33218-2SZ-100,Promo/Reg Price,6/16/2025
33218-2SZ-110,Promo/Reg Price,6/16/2025
33218-2SZ-120,Promo/Reg Price,6/16/2025
33218-2SZ-130,Promo/Reg Price,6/16/2025
33218-2SZ-140,Promo/Reg Price,6/16/2025
33218-2SZ-85,Promo/Reg Price,6/16/2025
33218-2SZ-90,Promo/Reg Price,6/16/2025
33218-30H-100,Promo/Reg Price,6/16/2025
33218-30H-120,Promo/Reg Price,6/16/2025
33218-30H-130,Final Sale,6/15/2026
33218-30H-140,Promo/Reg Price,6/16/2025
33218-30H-150,Final Sale,6/15/2026
33218-30H-160,Final Sale,6/15/2026
33218-30H-85,Promo/Reg Price,6/16/2025
33218-439-130,,6/16/2025
33218-963-100,Final Sale,6/16/2025
33218-963-120,Final Sale,6/16/2025
33218-GN1-100,Final Sale,6/16/2025
33218-GN1-110,Final Sale,6/16/2025
33218-GN1-120,Final Sale,6/16/2025
33218-GN1-150,Final Sale,6/16/2025
33218-GN1-160,Final Sale,6/16/2025
33218-GN1-80,Final Sale,6/16/2025
33218-GN1-85,Final Sale,6/16/2025
33218-GN1-90,Final Sale,6/16/2025
33218-GY3-160,Promo/Reg Price,6/16/2025
33218-HL9-100,Clearance,6/16/2025
33218-HR3-100,Final Sale,6/16/2025
33218-HR3-120,Final Sale,6/16/2025
33218-HR3-130,Final Sale,6/16/2025
33218-HR3-140,Final Sale,6/16/2025
33218-HR3-150,Final Sale,6/16/2025
33218-HR3-160,Final Sale,6/16/2025
33218-NW1-130,Final Sale,6/16/2025
33218-NW1-160,Final Sale,6/16/2025
33218-NW2-130,Final Sale,6/16/2025
33218-NW2-140,Final Sale,6/16/2025
33218-NW2-150,Final Sale,6/16/2025
33218-NW2-160,Final Sale,6/16/2025
33218-NW2-80_85,Final Sale,6/16/2025
33218-PN3-90,Promo/Reg Price,6/16/2025
33218-QE4-100,Final Sale,6/16/2025
33218-QE4-130,Final Sale,6/16/2025
33218-QE4-140,Final Sale,6/16/2025
33218-QE4-150,Final Sale,6/16/2025
33218-QE4-160,Final Sale,6/16/2025
33218-QE5-160,Promo/Reg Price,6/16/2025
33218-QE5-80_85,Promo/Reg Price,6/16/2025
33218-QN6-100,Final Sale,6/16/2025
33218-QN6-120,Final Sale,6/16/2025
33218-QN6-150,Final Sale,6/16/2025
33218-QN6-160,Final Sale,6/16/2025
33218-QN6-90,Final Sale,6/16/2025
33218-SR4-100,Promo/Reg Price,6/16/2025
33218-SR4-110,Promo/Reg Price,6/16/2025
33218-SR4-120,Clearance,6/15/2026
33218-SR4-130,Clearance,6/15/2026
33218-SR4-140,Clearance,6/15/2026
33218-SR4-150,Clearance,6/15/2026
33218-SR4-160,Clearance,6/15/2026
33218-SR4-85,Promo/Reg Price,6/16/2025
33218-SR4-90,Promo/Reg Price,6/16/2025
33218-TB4-100,Final Sale,6/16/2025
33218-TB4-120,Final Sale,6/16/2025
33218-TB4-140,Final Sale,6/16/2025
33218-TB4-90,Final Sale,6/16/2025
33218-TB5-100,,6/16/2025
33218-TB5-110,,6/16/2025
33218-TB5-120,,6/16/2025
33218-TB5-130,,6/16/2025
33218-TB5-140,,6/16/2025
33218-TB5-150,,6/16/2025
33218-TB5-80,,6/16/2025
33218-TB5-85,,6/16/2025
33218-TB5-90,,6/16/2025
33218-TD4-140,Promo/Reg Price,6/16/2025
33218-TD4-90,Promo/Reg Price,6/16/2025
33218-TT2-150,Promo/Reg Price,6/16/2025
33218-TT2-160,Promo/Reg Price,6/16/2025
33218-TT2-85,Promo/Reg Price,6/16/2025
33218-TT2-90,Promo/Reg Price,6/16/2025
33218-WF2-150,Final Sale,6/16/2025
33868-A91-10,,6/16/2025
34779-M23-S,Clearance,6/16/2025
35611-001-130,Promo/Reg Price,6/16/2025
35732-FS1-130,,6/16/2025
35732-FT0-140,,6/16/2025
36086-001-100,Promo/Reg Price,6/16/2025
36086-011-100,Final Sale,6/16/2025
36086-011-110,Final Sale,6/16/2025
36086-011-120,Final Sale,6/16/2025
36086-011-130,Final Sale,6/16/2025
36086-011-140,Final Sale,6/16/2025
36086-011-160,Final Sale,6/16/2025
36086-011-90,Final Sale,6/16/2025
36086-015-100,Final Sale,6/16/2025
36086-015-110,Final Sale,6/16/2025
36086-015-120,Final Sale,6/16/2025
36086-015-130,Final Sale,6/16/2025
36086-015-140,Final Sale,6/16/2025
36086-015-150,Final Sale,6/16/2025
36086-015-160,Final Sale,6/16/2025
36086-015-80,Final Sale,6/16/2025
36086-015-85,Final Sale,6/16/2025
36086-015-90,Final Sale,6/16/2025
36086-05T-110,Final Sale,6/16/2025
36086-05T-80_85,Final Sale,6/16/2025
36086-05T-90,Final Sale,6/16/2025
36086-15R-120,,6/16/2025
36086-20X-160,,6/16/2025
36086-22X-160,,6/16/2025
36086-45H-130,Final Sale,6/16/2025
36086-63O-140,Clearance,6/16/2025
36086-A79-130,Clearance,6/16/2025
36086-A91-100,Promo/Reg Price,6/16/2025
36086-A91-110,Promo/Reg Price,6/16/2025
36086-A91-120,Promo/Reg Price,6/16/2025
36086-A91-130,Final Sale,6/16/2025
36086-A91-140,Promo/Reg Price,6/16/2025
36086-A91-85,Promo/Reg Price,6/16/2025
36086-A91-90,Promo/Reg Price,6/16/2025
36086-B42-100,Promo/Reg Price,6/16/2025
36086-B42-110,Promo/Reg Price,6/16/2025
36086-B42-120,Promo/Reg Price,6/16/2025
36086-B42-130,Promo/Reg Price,6/16/2025
36086-B42-140,Promo/Reg Price,6/16/2025
36086-B42-90,Promo/Reg Price,6/16/2025
36086-C57-100,Promo/Reg Price,6/16/2025
36086-C57-120,Promo/Reg Price,6/16/2025
36086-C57-130,Promo/Reg Price,6/16/2025
36086-C57-140,Promo/Reg Price,6/16/2025
36086-C57-80,Promo/Reg Price,6/16/2025
36086-C57-85,Promo/Reg Price,6/16/2025
36086-C57-90,Promo/Reg Price,6/16/2025
36086-D47-130,Clearance,6/16/2025
36086-EG4-140,Final Sale,6/16/2025
36086-G31-100,Clearance,6/16/2025
36086-G31-130,Clearance,6/16/2025
36086-G31-150,Clearance,6/16/2025
36086-G43-100,Final Sale,6/16/2025
36086-G43-110,Final Sale,6/16/2025
36086-G43-120,Final Sale,6/16/2025
36086-G43-130,Final Sale,6/16/2025
36086-G43-140,Final Sale,6/16/2025
36086-GH5-160,Promo/Reg Price,6/16/2025
36086-GJ0-160,Promo/Reg Price,6/16/2025
36086-GJ6-90,Final Sale,6/16/2025
36086-GK3-110,Promo/Reg Price,6/16/2025
36086-GK3-120,Promo/Reg Price,6/16/2025
36086-GK3-130,Promo/Reg Price,6/16/2025
36086-GK3-140,Promo/Reg Price,6/16/2025
36086-GK3-80,Promo/Reg Price,6/16/2025
36086-GK3-90,Promo/Reg Price,6/16/2025
36086-HI9-130,Final Sale,6/16/2025
36086-HJ4-130,Final Sale,6/16/2025
36086-JB9-110,Final Sale,6/16/2025
36086-JB9-160,Final Sale,6/16/2025
36086-KZ0-130,Clearance,6/16/2025
36086-KZ6-110,Clearance,6/16/2025
36086-M07-100,Clearance,6/16/2025
36086-M07-120,Clearance,6/16/2025
36086-M07-130,Clearance,6/16/2025
36086-M07-140,Clearance,6/16/2025
36086-M23-100,Promo/Reg Price,6/16/2025
36086-M23-110,Promo/Reg Price,6/16/2025
36086-M23-120,Promo/Reg Price,6/16/2025
36086-M23-160,Promo/Reg Price,6/16/2025
36086-M23-80,Promo/Reg Price,6/16/2025
36086-M23-90,Promo/Reg Price,6/16/2025
36086-NV2-120,Clearance,6/16/2025
36086-NV2-130,Clearance,6/16/2025
36086-NV2-150,Clearance,6/16/2025
36086-NV2-90,Clearance,6/16/2025
36086-PV5-100,Final Sale,6/16/2025
36086-PV5-110,Final Sale,6/16/2025
36086-PV5-120,Final Sale,6/16/2025
36086-PV5-130,Final Sale,6/16/2025
36086-PV5-140,Final Sale,6/16/2025
36086-PV5-150,Final Sale,6/16/2025
36086-PV5-80,Final Sale,6/16/2025
36086-PV5-85,Final Sale,6/16/2025
36086-PV5-90,Final Sale,6/16/2025
36086-PW1-90,Final Sale,6/16/2025
36086-W06-130,Clearance,6/16/2025
36754-011-120,Final Sale,6/16/2025
36754-011-150,Final Sale,6/16/2025
36754-015-100,Final Sale,6/16/2025
36754-015-130,Final Sale,6/16/2025
36754-015-140,Final Sale,6/16/2025
36754-015-80,Final Sale,6/16/2025
36754-05T-150,Promo/Reg Price,6/16/2025
36754-A91-100,Final Sale,6/16/2025
36754-A91-110,Final Sale,6/16/2025
36754-A91-120,Final Sale,6/16/2025
36754-A91-130,Final Sale,6/16/2025
36754-A91-140,Final Sale,6/16/2025
36754-A91-150,Final Sale,6/16/2025
36754-A91-160,Final Sale,6/16/2025
36754-A91-70,Final Sale,6/16/2025
36754-AN8-150,Final Sale,6/16/2025
36754-AN8-80,Final Sale,6/16/2025
36754-B42-120,Promo/Reg Price,6/16/2025
36754-G43-100,Final Sale,6/16/2025
36754-G43-120,Final Sale,6/16/2025
36754-G43-140,Final Sale,6/16/2025
36754-G43-150,Final Sale,6/16/2025
36754-GK3-120,Final Sale,6/16/2025
36754-GK3-130,Final Sale,6/16/2025
36754-GK3-150,Final Sale,6/16/2025
36754-GK3-80,Final Sale,6/16/2025
36754-GK3-90,Final Sale,6/16/2025
36754-JB1-90,Clearance,6/16/2025
36754-M23-120,Clearance,6/16/2025
36754-M23-130,Clearance,6/16/2025
36754-PV4-80,Final Sale,6/16/2025
37028-20V-110,Clearance,6/16/2025
37028-20V-120,Final Sale,6/16/2025
37028-20Y-120,Clearance,6/16/2025
37028-20Y-130,Clearance,6/16/2025
37028-21Y-160,Clearance,6/16/2025
37028-21Y-85,Clearance,6/16/2025
37028-23X-110,Clearance,6/16/2025
37028-23X-85,Clearance,6/16/2025
37028-24M-100,Clearance,6/16/2025
37028-24M-110,Clearance,6/16/2025
37028-24M-120,Clearance,6/16/2025
37028-24M-90,Clearance,6/16/2025
37028-34I-110,Clearance,6/16/2025
37028-34I-120,Clearance,6/16/2025
37028-34I-130,Clearance,6/16/2025
37028-34I-85,Clearance,6/16/2025
37028-3QB-100,Clearance,6/15/2026
37028-3QB-110,Promo/Reg Price,6/16/2025
37028-3QB-120,Clearance,6/15/2026
37028-3QB-130,Clearance,6/15/2026
37028-3QB-140,Clearance,6/15/2026
37028-3QB-150,Promo/Reg Price,6/16/2025
37028-3QB-160,Clearance,6/15/2026
37028-3QB-85,Clearance,6/15/2026
37028-3QB-90,Clearance,6/15/2026
37028-3SJ-100,Clearance,6/15/2026
37028-3SJ-110,Clearance,6/15/2026
37028-3SJ-120,Clearance,6/15/2026
37028-3SJ-130,Promo/Reg Price,6/16/2025
37028-3SJ-140,Clearance,6/15/2026
37028-3SJ-150,Promo/Reg Price,6/16/2025
37028-3SJ-160,Promo/Reg Price,6/16/2025
37028-3SJ-85,Clearance,6/15/2026
37028-3SJ-90,Clearance,6/15/2026
37028-3SN-100,Promo/Reg Price,6/16/2025
37028-3SN-110,Clearance,6/15/2026
37028-3SN-120,Clearance,6/15/2026
37028-3SN-130,Clearance,6/15/2026
37028-3SN-140,Clearance,6/15/2026
37028-3SN-150,Promo/Reg Price,6/16/2025
37028-3SN-160,Promo/Reg Price,6/16/2025
37028-3SN-85,Promo/Reg Price,6/16/2025
37028-3SN-90,Clearance,6/15/2026
37028-4KZ-100,Final Sale,6/15/2026
37028-4KZ-110,Final Sale,6/15/2026
37028-4KZ-120,Final Sale,6/15/2026
37028-4KZ-130,Final Sale,6/15/2026
37028-4KZ-140,Promo/Reg Price,6/16/2025
37028-4KZ-150,Final Sale,6/15/2026
37028-4KZ-160,Final Sale,6/15/2026
37028-4KZ-85,Final Sale,6/15/2026
37028-4KZ-90,Final Sale,6/15/2026
37028-4LF-100,Promo/Reg Price,6/16/2025
37028-4LF-110,Promo/Reg Price,6/16/2025
37028-4LF-120,Promo/Reg Price,6/16/2025
37028-4LF-130,Promo/Reg Price,6/16/2025
37028-4LF-140,Promo/Reg Price,6/16/2025
37028-4LF-150,Promo/Reg Price,6/16/2025
37028-4LF-160,Promo/Reg Price,6/16/2025
37028-4LF-85,Promo/Reg Price,6/16/2025
37028-4LF-90,Promo/Reg Price,6/16/2025
37028-4LR-100,Promo/Reg Price,6/16/2025
37028-4LR-110,Promo/Reg Price,6/16/2025
37028-4LR-120,Clearance,6/15/2026
37028-4LR-130,Clearance,6/15/2026
37028-4LR-140,Clearance,6/15/2026
37028-4LR-150,Promo/Reg Price,6/16/2025
37028-4LR-160,Clearance,6/15/2026
37028-4LR-85,Promo/Reg Price,6/16/2025
37028-4LR-90,Clearance,6/15/2026
37028-4ND-100,Promo/Reg Price,6/16/2025
37028-4ND-110,Promo/Reg Price,6/16/2025
37028-4ND-120,Promo/Reg Price,6/16/2025
37028-4ND-130,Promo/Reg Price,6/16/2025
37028-4ND-140,Promo/Reg Price,6/16/2025
37028-4ND-150,Promo/Reg Price,6/16/2025
37028-4ND-160,Promo/Reg Price,6/16/2025
37028-4ND-85,Promo/Reg Price,6/16/2025
37028-4ND-90,Promo/Reg Price,6/16/2025
37028-69U-120,Final Sale,6/16/2025
37028-69U-70,Final Sale,6/16/2025
37028-69U-75,Final Sale,6/16/2025
37028-6NU-100,Promo/Reg Price,6/15/2026
37028-6NU-110,Promo/Reg Price,6/15/2026
37028-6NU-120,Promo/Reg Price,6/15/2026
37028-6NU-130,Promo/Reg Price,6/15/2026
37028-6NU-140,Promo/Reg Price,6/15/2026
37028-6NU-150,Promo/Reg Price,6/15/2026
37028-6NU-85,Promo/Reg Price,6/15/2026
37028-6NU-90,Promo/Reg Price,6/15/2026
37028-6NV-100,Promo/Reg Price,6/15/2026
37028-6NV-110,Promo/Reg Price,6/15/2026
37028-6NV-120,Promo/Reg Price,6/15/2026
37028-6NV-130,Promo/Reg Price,6/15/2026
37028-6NV-140,Promo/Reg Price,6/15/2026
37028-6NV-150,Promo/Reg Price,6/15/2026
37028-6NV-85,Promo/Reg Price,6/15/2026
37028-6NV-90,Promo/Reg Price,6/15/2026
37028-6NW-100,Promo/Reg Price,6/15/2026
37028-6NW-110,Promo/Reg Price,6/15/2026
37028-6NW-120,Promo/Reg Price,6/15/2026
37028-6NW-130,Promo/Reg Price,6/15/2026
37028-6NW-140,Promo/Reg Price,6/15/2026
37028-6NW-150,Promo/Reg Price,6/15/2026
37028-6NW-85,Promo/Reg Price,6/15/2026
37028-6NW-90,Promo/Reg Price,6/15/2026
37028-6NX-100,Promo/Reg Price,6/15/2026
37028-6NX-110,Promo/Reg Price,6/15/2026
37028-6NX-120,Promo/Reg Price,6/15/2026
37028-6NX-130,Promo/Reg Price,6/15/2026
37028-6NX-140,Promo/Reg Price,6/15/2026
37028-6NX-150,Promo/Reg Price,6/15/2026
37028-6NX-85,Promo/Reg Price,6/15/2026
37028-6NX-90,Promo/Reg Price,6/15/2026
37028-6NZ-100,Promo/Reg Price,6/15/2026
37028-6NZ-110,Promo/Reg Price,6/15/2026
37028-6NZ-120,Promo/Reg Price,6/15/2026
37028-6NZ-130,Promo/Reg Price,6/15/2026
37028-6NZ-140,Promo/Reg Price,6/15/2026
37028-6NZ-150,Promo/Reg Price,6/15/2026
37028-6NZ-85,Promo/Reg Price,6/15/2026
37028-6NZ-90,Promo/Reg Price,6/15/2026
37028-6O6-100,Promo/Reg Price,6/15/2026
37028-6O6-110,Promo/Reg Price,6/15/2026
37028-6O6-120,Promo/Reg Price,6/15/2026
37028-6O6-130,Promo/Reg Price,6/15/2026
37028-6O6-140,Promo/Reg Price,6/15/2026
37028-6O6-150,Promo/Reg Price,6/15/2026
37028-6O6-85,Promo/Reg Price,6/15/2026
37028-6O6-90,Promo/Reg Price,6/15/2026
37028-6OA-100,Promo/Reg Price,6/15/2026
37028-6OA-110,Promo/Reg Price,6/15/2026
37028-6OA-120,Promo/Reg Price,6/15/2026
37028-6OA-130,Promo/Reg Price,6/15/2026
37028-6OA-140,Promo/Reg Price,6/15/2026
37028-6OA-150,Promo/Reg Price,6/15/2026
37028-6OA-85,Promo/Reg Price,6/15/2026
37028-6OA-90,Promo/Reg Price,6/15/2026
37028-948-100,Final Sale,6/16/2025
37028-948-130,Final Sale,6/16/2025
37028-951-140,Final Sale,6/16/2025
37028-951-85,Final Sale,6/16/2025
37028-BS8-110,Final Sale,6/16/2025
37028-BS8-150,Final Sale,6/16/2025
37028-NA4-130,Promo/Reg Price,6/16/2025
37028-NA4-90,Promo/Reg Price,6/16/2025
37028-QD7-110,Promo/Reg Price,6/16/2025
37028-QD7-130,Promo/Reg Price,6/16/2025
37028-QD7-150,Promo/Reg Price,6/16/2025
37028-QD7-85,Promo/Reg Price,6/16/2025
37028-QD7-90,Promo/Reg Price,6/16/2025
37028-QD8-120,Final Sale,6/16/2025
37028-QD8-85,Final Sale,6/16/2025
37028-TA7-110,Final Sale,6/16/2025
37028-TA7-70,Final Sale,6/16/2025
37028-TA7-90,Final Sale,6/16/2025
37028-TA8-100,Final Sale,6/16/2025
37028-TA8-110,Final Sale,6/16/2025
37028-TA8-120,Final Sale,6/16/2025
37028-TA8-130,Final Sale,6/16/2025
37028-TA9-100,Final Sale,6/16/2025
37028-TA9-110,Final Sale,6/16/2025
37028-TA9-120,Final Sale,6/16/2025
37028-UU9-130,Promo/Reg Price,6/16/2025
37028-UU9-140,Promo/Reg Price,6/16/2025
37028-UU9-85,Promo/Reg Price,6/16/2025
37028-UV2-160,Final Sale,6/16/2025
37028-UV2-85,Final Sale,6/16/2025
37028-UV2-90,Final Sale,6/16/2025
37028-XG7-100,Final Sale,6/16/2025
37028-XG7-130,Final Sale,6/16/2025
37028-XQ7-85,Final Sale,6/16/2025
37243-50S-90,Final Sale,6/16/2025
37243-BJ7-90,Final Sale,6/16/2025
37243-BJ8-90,Final Sale,6/16/2025
37243-BL2-90,,6/16/2025
37741-HE2-M,Clearance,6/16/2025
37742-GH7-M,Clearance,6/16/2025
37742-GJ6-M,Clearance,6/16/2025
37743-001-L,Clearance,6/16/2025
37743-011-S,Clearance,6/16/2025
37744-GJ6-M,Clearance,6/16/2025
37747-001-L,Final Sale,6/16/2025
37747-001-M,Final Sale,6/16/2025
37747-001-S,Final Sale,6/16/2025
37747-001-XL,Final Sale,6/16/2025
37747-001-XS,Final Sale,6/16/2025
37747-011-L,Clearance,6/16/2025
37747-011-M,Clearance,6/16/2025
37747-011-S,Clearance,6/16/2025
37747-011-XL,Clearance,6/16/2025
37747-011-XS,Clearance,6/16/2025
37747-A91-L,Clearance,6/16/2025
37747-A91-M,Clearance,6/16/2025
37747-A91-S,Clearance,6/16/2025
37747-A91-XL,Clearance,6/16/2025
37747-A91-XS,Clearance,6/16/2025
37747-M23-L,Final Sale,6/16/2025
37747-M23-M,Final Sale,6/16/2025
37747-M23-S,Final Sale,6/16/2025
37747-M23-XL,Final Sale,6/16/2025
37747-M23-XS,Final Sale,6/16/2025
37964-001-M,,6/16/2025
37964-11G-L,,6/16/2025
38505-A91-140,Clearance,6/16/2025
38892-S11-140,,6/16/2025
38892-W16-140,,6/16/2025
38906-AB5-110,,6/16/2025
38962-91X-110,,6/16/2025
38962-EM8-120,Final Sale,6/16/2025
38962-EM9-110,Final Sale,6/16/2025
39386-S74-XS,Promo/Reg Price,6/16/2025
39537-53H-S,Final Sale,6/16/2025
39537-53H-XL,Final Sale,6/16/2025
39537-53H-XS,Final Sale,6/16/2025
39555-61Q-110,,6/16/2025
39709-GR7-2,Promo/Reg Price,6/16/2025
39775-AT1-7,,6/16/2025
39833-15R-130,,6/16/2025
39973-48Q-100,Promo/Reg Price,6/16/2025
39973-48Q-110,Promo/Reg Price,6/16/2025
39973-48Q-120,Promo/Reg Price,6/16/2025
39973-48Q-130,Promo/Reg Price,6/16/2025
39973-48Q-140,Promo/Reg Price,6/16/2025
39973-48Q-150,Promo/Reg Price,6/16/2025
39973-48Q-160,Promo/Reg Price,6/16/2025
39973-48Q-60,Promo/Reg Price,6/16/2025
39973-48Q-70,Promo/Reg Price,6/16/2025
39973-48Q-85,Promo/Reg Price,6/16/2025
39973-48Q-90,Promo/Reg Price,6/16/2025
39973-AH1-100,Promo/Reg Price,6/16/2025
39973-AH1-110,Final Sale,6/16/2025
39973-AH1-120,Promo/Reg Price,6/16/2025
39973-AH1-130,Promo/Reg Price,6/16/2025
39973-AH1-140,Promo/Reg Price,6/16/2025
39973-AH1-150,Promo/Reg Price,6/16/2025
39973-AH1-60,Promo/Reg Price,6/16/2025
39973-AH1-70,Promo/Reg Price,6/16/2025
39973-AH1-85,Promo/Reg Price,6/16/2025
39973-AH1-90,Promo/Reg Price,6/16/2025
39973-CG8-100,Final Sale,6/16/2025
39973-CG8-120,Final Sale,6/16/2025
39973-CG8-130,Final Sale,6/16/2025
39973-CG8-160,Final Sale,6/16/2025
39973-QQ3-120,Final Sale,6/16/2025
39973-QQ3-130,Final Sale,6/16/2025
39973-QQ3-150,Final Sale,6/16/2025
39973-QQ3-85,Final Sale,6/16/2025
40152-009-1Y,Clearance,6/16/2025
40152-009-7,Clearance,6/16/2025
40152-011-1,Promo/Reg Price,6/16/2025
40152-011-10,Promo/Reg Price,6/16/2025
40152-011-12,Promo/Reg Price,6/16/2025
40152-011-1A,Promo/Reg Price,6/16/2025
40152-011-1Y,Promo/Reg Price,6/16/2025
40152-011-2,Promo/Reg Price,6/16/2025
40152-011-3A,Promo/Reg Price,6/16/2025
40152-011-3Y,Promo/Reg Price,6/16/2025
40152-011-5,Promo/Reg Price,6/16/2025
40152-011-7,Promo/Reg Price,6/16/2025
40152-015-3Y,Promo/Reg Price,6/16/2025
40152-05T-1,Final Sale,6/16/2025
40152-05T-10,Final Sale,6/16/2025
40152-05T-12,Final Sale,6/16/2025
40152-05T-1Y,Final Sale,6/16/2025
40152-05T-2,Final Sale,6/16/2025
40152-05T-3Y,Final Sale,6/16/2025
40152-05T-5,Final Sale,6/16/2025
40152-05T-7,Final Sale,6/16/2025
40152-41T-1,Final Sale,6/16/2025
40152-41T-10,Final Sale,6/16/2025
40152-41T-12,Final Sale,6/16/2025
40152-41T-1Y,Final Sale,6/16/2025
40152-41T-2,Final Sale,6/16/2025
40152-41T-3Y,Final Sale,6/16/2025
40152-41T-5,Final Sale,6/16/2025
40152-41T-7,Final Sale,6/16/2025
40152-A79-10,Clearance,6/16/2025
40152-A79-5,Clearance,6/16/2025
40152-A91-10,Final Sale,6/16/2025
40152-A91-12,Final Sale,6/16/2025
40152-A91-1Y,Final Sale,6/16/2025
40152-A91-2,Final Sale,6/16/2025
40152-A91-3Y,Final Sale,6/16/2025
40152-A91-5,Final Sale,6/16/2025
40152-A91-7,Final Sale,6/16/2025
40152-LA0-10,Clearance,6/16/2025
40152-LA0-12,Clearance,6/16/2025
40152-M23-1,Final Sale,6/16/2025
40152-M23-10,Final Sale,6/16/2025
40152-M23-10/12,Final Sale,6/16/2025
40152-M23-12,Final Sale,6/16/2025
40152-M23-1Y,Final Sale,6/16/2025
40152-M23-3Y,Final Sale,6/16/2025
40152-M23-5,Final Sale,6/16/2025
40152-M23-7,Final Sale,6/16/2025
40152-NV2-1,Clearance,6/16/2025
40152-NV2-10,Clearance,6/16/2025
40152-NV2-12,Clearance,6/16/2025
40152-NV2-1Y,Clearance,6/16/2025
40152-NV2-2,Clearance,6/16/2025
40152-NV2-3Y,Clearance,6/16/2025
40152-NV2-5,Clearance,6/16/2025
40152-NV2-7,Clearance,6/16/2025
40152-PV5-1,Final Sale,6/16/2025
40152-PV5-10,Final Sale,6/16/2025
40152-PV5-1Y,Final Sale,6/16/2025
40152-PV5-2,Final Sale,6/16/2025
40152-PV5-5,Final Sale,6/16/2025
40152-PV5-7,Final Sale,6/16/2025
40152-PV5-NB,Final Sale,6/16/2025
40152-ST4-12,Final Sale,6/16/2025
40152-ST4-1Y,Final Sale,6/16/2025
40152-ST4-7,Final Sale,6/16/2025
40152-ST7-1Y,Clearance,6/16/2025
40152-ST7-7,Clearance,6/16/2025
40152-V98-1Y,Final Sale,6/16/2025
40152-VZ1-3Y,Final Sale,6/16/2025
40399-A91-140,,6/16/2025
40666-069-M,Final Sale,6/16/2025
40666-069-S,Final Sale,6/16/2025
40799-56E-M,,6/16/2025
40805-48Q-M,Final Sale,6/16/2025
40805-48Q-XS,Final Sale,6/16/2025
40805-48Q-XXL,Final Sale,6/16/2025
40806-48Q-S,Clearance,6/16/2025
40806-48Q-XL,Clearance,6/16/2025
40808-56O-120,,6/16/2025
40808-G35-110,,6/16/2025
40899-HH6-XL,Promo/Reg Price,6/16/2025
40899-HH6-XS,Promo/Reg Price,6/16/2025
40899-HH6-XXL,Promo/Reg Price,6/16/2025
40899-QB2-M,Final Sale,6/16/2025
40899-QB2-XL,Final Sale,6/16/2025
40899-TN6-S,Clearance,6/16/2025
40899-TN6-XS,Clearance,6/16/2025
40899-TU9-L,Clearance,6/16/2025
40899-TU9-M,Clearance,6/16/2025
40899-TU9-S,Clearance,6/16/2025
40899-TU9-XL,Clearance,6/16/2025
40899-TU9-XS,Clearance,6/16/2025
40899-TU9-XXL,Clearance,6/16/2025
40957-011-100,Final Sale,6/16/2025
40957-011-130,Final Sale,6/16/2025
40957-011-140,Final Sale,6/16/2025
40957-011-150,Final Sale,6/16/2025
40957-011-90,Final Sale,6/16/2025
40957-015-100,Final Sale,6/16/2025
40957-015-110,Final Sale,6/16/2025
40957-015-120,Final Sale,6/16/2025
40957-015-140,Final Sale,6/16/2025
40957-015-90,Final Sale,6/16/2025
40957-41T-140,Clearance,6/16/2025
40957-A91-100,Final Sale,6/16/2025
40957-A91-120,Final Sale,6/16/2025
40957-A91-140,Final Sale,6/16/2025
40957-A91-150,Final Sale,6/16/2025
40957-A91-80,Final Sale,6/16/2025
40957-GJ6-130,Final Sale,6/16/2025
40957-JB1-140,Clearance,6/16/2025
40957-M23-100,Clearance,6/16/2025
40957-M23-110,Clearance,6/16/2025
40957-M23-140,Clearance,6/16/2025
40957-NV2-110,Final Sale,6/16/2025
40957-NV2-120,Final Sale,6/16/2025
40957-NV2-140,Final Sale,6/16/2025
40957-NV2-150,Final Sale,6/16/2025
40957-NV2-160,Final Sale,6/16/2025
40957-NV2-85,Final Sale,6/16/2025
40957-PV5-100,Final Sale,6/16/2025
40959-A91-160,,6/16/2025
40960-A91-140,Promo/Reg Price,6/16/2025
40960-GJ0-120,Promo/Reg Price,6/16/2025
40964-PB2-140,Final Sale,6/16/2025
40964-PB4-110,Promo/Reg Price,6/16/2025
40965-GQ2-110,Promo/Reg Price,6/16/2025
