EventDate,SupplyCategory,DestinationGroup,Rows,DistinctSKUs,Units
2026-03-30,ActivePutaway,SellableFloor,109,109,10357.0
2026-03-30,ActivePutaway,Staging,109,109,10357.0
2026-03-30,CubiscanPutaway,Other,71,71,5556.0
2026-03-30,ReceivingPutaway,ReserveOrBulk,118,79,11895.0
2026-03-30,ReceivingPutaway,Staging,121,92,9934.0
2026-03-30,Replenishment,SellableFloor,207,202,13520.0
2026-03-30,Replenishment,Staging,168,164,11206.0
2026-03-30,ReturnNonSellable,NonSellable,39,39,39.0
2026-03-30,ReturnOther,Other,563,483,563.0
2026-03-30,ReturnToSellableFloor,SellableFloor,198,178,198.0
2026-03-30,Transfer,Other,70,59,2614.0
2026-03-30,Transfer,ReserveOrBulk,40,40,3088.0
2026-03-30,Transfer,SellableFloor,5,5,273.0
2026-03-31,ActivePutaway,Staging,31,31,1720.0
2026-03-31,CubiscanPutaway,Other,67,67,4781.0
2026-03-31,ReceivingPutaway,Other,47,46,3176.0
2026-03-31,ReceivingPutaway,ReserveOrBulk,119,95,10819.0
2026-03-31,ReceivingPutaway,Staging,284,34,11957.0
2026-03-31,Replenishment,SellableFloor,111,110,8044.0
2026-03-31,Replenishment,Staging,108,107,7720.0
2026-03-31,ReturnNonSellable,NonSellable,13,13,13.0
2026-03-31,ReturnOther,Other,383,316,383.0
2026-03-31,ReturnToSellableFloor,SellableFloor,900,751,900.0
2026-03-31,Transfer,Other,8,8,426.0
2026-03-31,Transfer,ReserveOrBulk,70,66,5061.0
2026-04-01,ActivePutaway,SellableFloor,33,33,1840.0
2026-04-01,ActivePutaway,Staging,113,104,9397.0
2026-04-01,CubiscanPutaway,Other,56,30,3407.0
2026-04-01,ReceivingPutaway,Other,4,4,200.0
2026-04-01,ReceivingPutaway,ReserveOrBulk,585,108,27328.0
2026-04-01,ReceivingPutaway,Staging,428,125,29084.0
2026-04-01,Replenishment,SellableFloor,183,182,13344.0
2026-04-01,Replenishment,Staging,211,208,14886.0
2026-04-01,ReturnNonSellable,NonSellable,26,26,26.0
2026-04-01,ReturnOther,Other,292,271,292.0
2026-04-01,ReturnToSellableFloor,SellableFloor,685,597,685.0
2026-04-01,Transfer,Other,21,21,1387.0
2026-04-01,Transfer,ReserveOrBulk,85,83,5074.0
2026-04-01,Transfer,SellableFloor,1,1,56.0
2026-04-02,ActivePutaway,SellableFloor,114,105,9585.0
2026-04-02,ActivePutaway,Staging,2,2,238.0
2026-04-02,CubiscanPutaway,Other,56,29,3491.0
2026-04-02,ReceivingPutaway,Other,7,7,403.0
2026-04-02,ReceivingPutaway,ReserveOrBulk,331,175,27813.0
2026-04-02,ReceivingPutaway,Staging,114,65,7291.0
2026-04-02,Replenishment,SellableFloor,156,153,9674.0
2026-04-02,Replenishment,Staging,128,126,8132.0
2026-04-02,ReturnNonSellable,NonSellable,16,16,16.0
2026-04-02,ReturnOther,Other,270,243,270.0
2026-04-02,ReturnToSellableFloor,SellableFloor,298,262,298.0
2026-04-02,Transfer,Other,7,6,225.0
2026-04-02,Transfer,ReserveOrBulk,80,36,3354.0
2026-04-02,Transfer,SellableFloor,9,9,466.0
2026-04-03,CubiscanPutaway,Other,1,1,43.0
2026-04-03,ReceivingPutaway,Other,1,1,61.0
2026-04-03,ReceivingPutaway,ReserveOrBulk,1,1,51.0
2026-04-03,Replenishment,SellableFloor,98,95,7298.0
2026-04-03,Replenishment,Staging,111,108,8249.0
2026-04-03,ReturnNonSellable,NonSellable,83,82,83.0
2026-04-03,ReturnOther,Other,432,367,432.0
2026-04-03,ReturnToSellableFloor,SellableFloor,359,335,359.0
2026-04-03,Transfer,NonSellable,1,1,12.0
2026-04-03,Transfer,Other,5,5,198.0
2026-04-03,Transfer,ReserveOrBulk,156,94,7153.0
2026-04-03,Transfer,SellableFloor,5,5,205.0
2026-04-04,ActivePutaway,Staging,15,15,808.0
2026-04-04,CubiscanPutaway,Other,33,33,2102.0
2026-04-04,ReceivingPutaway,ReserveOrBulk,9,9,395.0
2026-04-04,ReceivingPutaway,Staging,503,190,31111.0
2026-04-04,Replenishment,SellableFloor,80,80,4959.0
2026-04-04,Replenishment,Staging,67,67,4008.0
2026-04-04,ReturnNonSellable,NonSellable,18,18,18.0
2026-04-04,ReturnOther,Other,68,65,68.0
2026-04-04,ReturnToSellableFloor,SellableFloor,397,371,397.0
2026-04-04,Transfer,Other,30,29,1356.0
2026-04-05,ReturnNonSellable,NonSellable,11,11,11.0
2026-04-06,ActivePutaway,SellableFloor,15,15,808.0
2026-04-06,CubiscanPutaway,Other,33,33,2102.0
2026-04-06,ReceivingPutaway,Other,33,33,1748.0
2026-04-06,ReceivingPutaway,ReserveOrBulk,473,187,29090.0
2026-04-06,ReceivingPutaway,Staging,9,7,620.0
2026-04-06,Replenishment,SellableFloor,295,283,17494.0
2026-04-06,Replenishment,Staging,295,283,17494.0
2026-04-06,ReturnNonSellable,NonSellable,27,27,27.0
2026-04-06,ReturnOther,Other,224,202,224.0
2026-04-06,ReturnToSellableFloor,SellableFloor,101,97,101.0
2026-04-06,Transfer,ReserveOrBulk,105,45,4142.0
2026-04-06,Transfer,SellableFloor,2,2,75.0
2026-04-07,CubiscanPutaway,Other,42,21,2274.0
2026-04-07,ReceivingPutaway,Other,6,6,315.0
2026-04-07,ReceivingPutaway,ReserveOrBulk,27,13,2151.0
2026-04-07,Replenishment,SellableFloor,172,166,11083.0
2026-04-07,Replenishment,Staging,172,166,11083.0
2026-04-07,ReturnNonSellable,NonSellable,63,63,63.0
2026-04-07,ReturnOther,Other,336,293,336.0
2026-04-07,ReturnToSellableFloor,SellableFloor,197,181,197.0
2026-04-07,Transfer,Other,8,8,426.0
2026-04-07,Transfer,SellableFloor,5,4,236.0
2026-04-08,ReceivingPutaway,ReserveOrBulk,5,5,223.0
2026-04-08,Replenishment,SellableFloor,130,128,8273.0
2026-04-08,Replenishment,Staging,139,137,9011.0
2026-04-08,ReturnNonSellable,NonSellable,46,46,46.0
2026-04-08,ReturnOther,Other,465,381,465.0
2026-04-08,ReturnToSellableFloor,SellableFloor,1668,1327,1668.0
2026-04-08,Transfer,Other,38,38,2347.0
2026-04-08,Transfer,ReserveOrBulk,3,2,207.0
2026-04-08,Transfer,SellableFloor,8,4,277.0
2026-04-09,ReceivingPutaway,ReserveOrBulk,2,2,210.0
2026-04-09,ReceivingPutaway,Staging,2,2,210.0
2026-04-09,Replenishment,SellableFloor,106,105,5972.0
2026-04-09,Replenishment,Staging,97,97,5234.0
2026-04-09,ReturnNonSellable,NonSellable,55,54,55.0
2026-04-09,ReturnOther,Other,228,208,228.0
2026-04-09,ReturnToSellableFloor,SellableFloor,118,112,118.0
2026-04-09,Transfer,Other,1,1,1.0
2026-04-09,Transfer,ReserveOrBulk,1,1,100.0
2026-04-09,Transfer,SellableFloor,7,7,193.0
2026-04-10,Replenishment,SellableFloor,75,75,5341.0
2026-04-10,Replenishment,Staging,75,75,5341.0
2026-04-10,ReturnNonSellable,NonSellable,23,23,23.0
2026-04-10,ReturnOther,Other,344,301,344.0
2026-04-10,ReturnToSellableFloor,SellableFloor,935,769,935.0
2026-04-10,Transfer,Other,1,1,66.0
2026-04-10,Transfer,ReserveOrBulk,116,36,4582.0
2026-04-11,Replenishment,SellableFloor,80,77,5155.0
2026-04-11,Replenishment,Staging,114,111,7159.0
2026-04-11,ReturnNonSellable,NonSellable,20,20,20.0
2026-04-12,Replenishment,SellableFloor,181,181,11551.0
2026-04-12,Replenishment,Staging,148,148,9572.0
2026-04-12,ReturnNonSellable,NonSellable,30,30,30.0
2026-04-12,ReturnOther,Other,381,333,381.0
2026-04-12,ReturnToSellableFloor,SellableFloor,466,400,466.0
2026-04-12,Transfer,SellableFloor,3,3,182.0
2026-04-13,CubiscanPutaway,Other,45,37,1794.0
2026-04-13,ReceivingPutaway,ReserveOrBulk,75,37,3315.0
2026-04-13,ReceivingPutaway,Staging,88,41,3729.0
2026-04-13,Replenishment,SellableFloor,226,220,15297.0
2026-04-13,Replenishment,Staging,241,235,16581.0
2026-04-13,ReturnNonSellable,NonSellable,17,16,17.0
2026-04-13,ReturnOther,Other,101,86,101.0
2026-04-13,ReturnToSellableFloor,SellableFloor,410,389,410.0
2026-04-13,Transfer,Other,5,2,5.0
2026-04-13,Transfer,ReserveOrBulk,72,14,2086.0
2026-04-13,Transfer,SellableFloor,4,3,216.0
2026-04-14,CubiscanPutaway,Other,29,29,1140.0
2026-04-14,Replenishment,SellableFloor,164,162,10354.0
2026-04-14,Replenishment,Staging,165,163,10212.0
2026-04-14,ReturnNonSellable,NonSellable,35,35,35.0
2026-04-14,ReturnOther,Other,378,343,378.0
2026-04-14,ReturnToSellableFloor,SellableFloor,193,175,193.0
2026-04-14,Transfer,Other,4,4,59.0
2026-04-14,Transfer,ReserveOrBulk,2,2,131.0
2026-04-14,Transfer,SellableFloor,5,5,156.0
2026-04-15,ReceivingPutaway,ReserveOrBulk,13,12,414.0
2026-04-15,Replenishment,SellableFloor,145,139,9141.0
2026-04-15,Replenishment,Staging,141,135,8951.0
2026-04-15,ReturnNonSellable,NonSellable,45,45,45.0
2026-04-15,ReturnOther,Other,329,297,329.0
2026-04-15,ReturnToSellableFloor,SellableFloor,601,516,601.0
2026-04-15,Transfer,ReserveOrBulk,37,37,1467.0
2026-04-15,Transfer,SellableFloor,2,2,71.0
2026-04-16,Replenishment,SellableFloor,95,95,5454.0
2026-04-16,Replenishment,Staging,103,103,6018.0
2026-04-16,ReturnNonSellable,NonSellable,35,35,35.0
2026-04-16,ReturnOther,Other,300,275,300.0
2026-04-16,ReturnToSellableFloor,SellableFloor,380,340,380.0
2026-04-16,Transfer,ReserveOrBulk,2,1,80.0
2026-04-16,Transfer,SellableFloor,14,13,60.0
2026-04-17,Replenishment,SellableFloor,133,132,8291.0
2026-04-17,Replenishment,Staging,113,113,6780.0
2026-04-17,ReturnNonSellable,NonSellable,25,25,25.0
2026-04-17,ReturnOther,Other,192,178,192.0
2026-04-17,ReturnToSellableFloor,SellableFloor,499,444,499.0
2026-04-17,Transfer,SellableFloor,9,9,608.0
2026-04-18,Replenishment,SellableFloor,87,87,5986.0
2026-04-18,Replenishment,Staging,87,87,5986.0
2026-04-18,ReturnNonSellable,NonSellable,2,2,2.0
2026-04-18,Transfer,Other,1,1,1.0
2026-04-19,Replenishment,SellableFloor,166,156,10200.0
2026-04-19,Replenishment,Staging,187,177,11280.0
2026-04-19,ReturnNonSellable,NonSellable,11,11,11.0
2026-04-19,ReturnOther,Other,148,144,148.0
2026-04-19,ReturnToSellableFloor,SellableFloor,125,117,125.0
2026-04-19,Transfer,SellableFloor,1,1,60.0
2026-04-20,Replenishment,SellableFloor,165,163,9412.0
2026-04-20,Replenishment,Staging,163,161,9674.0
2026-04-20,ReturnOther,Other,44,43,44.0
2026-04-20,ReturnToSellableFloor,SellableFloor,98,96,98.0
2026-04-21,Replenishment,SellableFloor,166,164,10906.0
2026-04-21,Replenishment,Staging,213,210,13964.0
2026-04-21,ReturnNonSellable,NonSellable,31,30,31.0
2026-04-21,ReturnOther,Other,183,171,183.0
2026-04-21,ReturnToSellableFloor,SellableFloor,214,201,214.0
2026-04-22,Replenishment,SellableFloor,274,271,16675.0
2026-04-22,Replenishment,Staging,276,274,16319.0
2026-04-22,ReturnNonSellable,NonSellable,71,68,71.0
2026-04-22,ReturnOther,Other,234,216,234.0
2026-04-22,ReturnToSellableFloor,SellableFloor,121,114,121.0
2026-04-22,Transfer,ReserveOrBulk,1,1,8.0
2026-04-22,Transfer,SellableFloor,2,2,191.0
2026-04-23,Replenishment,SellableFloor,203,197,12672.0
2026-04-23,Replenishment,Staging,240,235,14990.0
2026-04-23,ReturnNonSellable,NonSellable,26,25,26.0
2026-04-23,ReturnOther,Other,211,193,211.0
2026-04-23,ReturnToSellableFloor,SellableFloor,9,9,9.0
2026-04-23,Transfer,Other,1,1,1.0
2026-04-23,Transfer,ReserveOrBulk,95,31,4034.0
2026-04-23,Transfer,SellableFloor,1,1,45.0
2026-04-24,Replenishment,SellableFloor,327,305,20612.0
2026-04-24,Replenishment,Staging,256,242,16528.0
2026-04-24,ReturnNonSellable,NonSellable,28,28,28.0
2026-04-24,ReturnOther,Other,360,334,360.0
2026-04-24,ReturnToSellableFloor,SellableFloor,774,681,774.0
2026-04-24,Transfer,ReserveOrBulk,2,2,95.0
2026-04-24,Transfer,SellableFloor,5,5,237.0
2026-04-25,Replenishment,SellableFloor,104,104,6470.0
2026-04-25,Replenishment,Staging,193,187,12286.0
2026-04-25,ReturnNonSellable,NonSellable,17,17,17.0
2026-04-25,ReturnOther,Other,353,317,353.0
2026-04-25,ReturnToSellableFloor,SellableFloor,610,545,610.0
2026-04-25,Transfer,SellableFloor,6,6,508.0
2026-04-26,Replenishment,SellableFloor,316,310,19904.0
2026-04-26,Replenishment,Staging,232,232,14877.0
2026-04-26,ReturnNonSellable,NonSellable,5,5,5.0
2026-04-26,Transfer,Other,1,1,1.0
2026-04-26,Transfer,SellableFloor,3,3,177.0
2026-04-27,Replenishment,SellableFloor,445,419,29727.0
2026-04-27,Replenishment,Staging,511,493,33120.0
2026-04-27,ReturnNonSellable,NonSellable,45,45,45.0
2026-04-27,ReturnOther,Other,146,143,146.0
2026-04-27,ReturnToSellableFloor,SellableFloor,182,171,182.0
2026-04-27,Transfer,Other,3,3,3.0
2026-04-27,Transfer,ReserveOrBulk,19,19,957.0
2026-04-27,Transfer,SellableFloor,18,17,244.0
2026-04-28,Replenishment,SellableFloor,539,514,34867.0
2026-04-28,Replenishment,Staging,523,506,34372.0
2026-04-28,ReturnNonSellable,NonSellable,45,40,45.0
2026-04-28,ReturnOther,Other,380,336,380.0
2026-04-28,ReturnToSellableFloor,SellableFloor,477,444,477.0
2026-04-28,Transfer,Other,2,2,2.0
2026-04-28,Transfer,SellableFloor,5,4,137.0
2026-04-29,CubiscanPutaway,Other,45,23,2182.0
2026-04-29,ReceivingPutaway,Staging,153,43,5167.0
2026-04-29,Replenishment,SellableFloor,435,423,27360.0
2026-04-29,Replenishment,Staging,395,385,24532.0
2026-04-29,ReturnNonSellable,NonSellable,37,37,37.0
2026-04-29,ReturnOther,Other,240,222,240.0
2026-04-29,ReturnToSellableFloor,SellableFloor,13,11,13.0
2026-04-29,Transfer,Other,1,1,1.0
2026-04-29,Transfer,SellableFloor,2,2,33.0
2026-04-30,CubiscanPutaway,Other,1,1,22.0
2026-04-30,ReceivingPutaway,ReserveOrBulk,153,43,5167.0
2026-04-30,Replenishment,SellableFloor,308,301,19744.0
2026-04-30,Replenishment,Staging,294,288,19281.0
2026-04-30,ReturnNonSellable,NonSellable,70,69,70.0
2026-04-30,ReturnOther,Other,485,433,485.0
2026-04-30,ReturnToSellableFloor,SellableFloor,239,221,239.0
2026-04-30,Transfer,Other,1,1,1.0
2026-04-30,Transfer,ReserveOrBulk,25,25,1237.0
2026-04-30,Transfer,SellableFloor,3,3,225.0
2026-05-01,Replenishment,SellableFloor,554,533,35675.0
2026-05-01,Replenishment,Staging,519,499,33001.0
2026-05-01,ReturnNonSellable,NonSellable,63,61,63.0
2026-05-01,ReturnOther,Other,239,222,239.0
2026-05-01,ReturnToSellableFloor,SellableFloor,1122,948,1122.0
2026-05-01,Transfer,ReserveOrBulk,2,2,135.0
2026-05-01,Transfer,SellableFloor,2,2,148.0
2026-05-02,CubiscanPutaway,Other,30,15,1180.0
2026-05-02,ReceivingPutaway,ReserveOrBulk,125,30,4526.0
2026-05-02,ReceivingPutaway,Staging,125,30,4526.0
2026-05-02,Replenishment,SellableFloor,50,50,2276.0
2026-05-02,Replenishment,Staging,167,167,10101.0
2026-05-02,ReturnNonSellable,NonSellable,37,35,37.0
2026-05-02,ReturnOther,Other,377,324,377.0
2026-05-02,ReturnToSellableFloor,SellableFloor,254,226,254.0
2026-05-02,Transfer,Other,11,11,593.0
2026-05-02,Transfer,ReserveOrBulk,16,16,646.0
2026-05-02,Transfer,SellableFloor,2,2,39.0
2026-05-03,Replenishment,SellableFloor,126,126,8370.0
2026-05-03,Replenishment,Staging,10,10,614.0
2026-05-03,ReturnNonSellable,NonSellable,10,10,10.0
2026-05-03,ReturnOther,Other,176,163,176.0
2026-05-03,ReturnToSellableFloor,SellableFloor,371,330,371.0
2026-05-03,Transfer,Other,1,1,50.0
2026-05-03,Transfer,SellableFloor,1,1,80.0
2026-05-04,Replenishment,SellableFloor,435,432,26593.0
2026-05-04,Replenishment,Staging,501,488,30608.0
2026-05-04,ReturnNonSellable,NonSellable,28,28,28.0
2026-05-04,ReturnOther,Other,69,67,69.0
2026-05-04,ReturnToSellableFloor,SellableFloor,304,288,304.0
2026-05-04,Transfer,Other,3,3,3.0
2026-05-04,Transfer,ReserveOrBulk,1,1,100.0
2026-05-04,Transfer,SellableFloor,14,13,510.0
2026-05-05,CubiscanPutaway,Other,99,61,3741.0
2026-05-05,ReceivingPutaway,ReserveOrBulk,386,97,16553.0
2026-05-05,ReceivingPutaway,Staging,1050,140,36750.0
2026-05-05,Replenishment,SellableFloor,386,370,24101.0
2026-05-05,Replenishment,Staging,396,378,25231.0
2026-05-05,ReturnNonSellable,NonSellable,39,35,39.0
2026-05-05,Transfer,Other,4,4,167.0
2026-05-05,Transfer,SellableFloor,2,2,73.0
2026-05-06,ActivePutaway,SellableFloor,17,17,842.0
2026-05-06,ActivePutaway,Staging,18,18,849.0
2026-05-06,CubiscanPutaway,Other,9,9,759.0
2026-05-06,ReceivingPutaway,ReserveOrBulk,320,122,21468.0
2026-05-06,ReceivingPutaway,Staging,627,181,39380.0
2026-05-06,Replenishment,SellableFloor,277,264,17661.0
2026-05-06,Replenishment,Staging,201,196,12516.0
2026-05-06,ReturnNonSellable,NonSellable,39,38,39.0
2026-05-06,ReturnOther,Other,116,108,116.0
2026-05-06,ReturnToSellableFloor,SellableFloor,98,87,98.0
2026-05-06,Transfer,Other,11,8,163.0
2026-05-06,Transfer,ReserveOrBulk,1,1,27.0
2026-05-06,Transfer,SellableFloor,3,3,68.0
2026-05-07,CubiscanPutaway,Other,46,46,3510.0
2026-05-07,ReceivingPutaway,Other,5,5,350.0
2026-05-07,ReceivingPutaway,ReserveOrBulk,467,172,21717.0
2026-05-07,ReceivingPutaway,Staging,240,93,15525.0
2026-05-07,Replenishment,SellableFloor,70,69,4844.0
2026-05-07,Replenishment,Staging,116,111,7575.0
2026-05-07,ReturnNonSellable,NonSellable,35,35,35.0
2026-05-07,ReturnOther,Other,250,233,250.0
2026-05-07,ReturnToSellableFloor,SellableFloor,4,3,4.0
2026-05-07,Transfer,Other,1,1,1.0
2026-05-07,Transfer,ReserveOrBulk,2,2,140.0
2026-05-07,Transfer,SellableFloor,3,3,88.0
2026-05-08,ActivePutaway,SellableFloor,1,1,7.0
2026-05-08,CubiscanPutaway,Other,90,83,5855.0
2026-05-08,ReceivingPutaway,ReserveOrBulk,372,104,23104.0
2026-05-08,ReceivingPutaway,Staging,134,50,8671.0
2026-05-08,Replenishment,SellableFloor,145,138,8830.0
2026-05-08,Replenishment,Staging,99,96,6099.0
2026-05-08,ReturnNonSellable,NonSellable,33,33,33.0
2026-05-08,ReturnOther,Other,588,493,588.0
2026-05-08,ReturnToSellableFloor,SellableFloor,1330,1136,1330.0
2026-05-08,Transfer,SellableFloor,7,7,304.0
2026-05-09,CubiscanPutaway,Other,4,3,259.0
2026-05-09,ReceivingPutaway,ReserveOrBulk,1,1,90.0
2026-05-09,ReceivingPutaway,Staging,3,3,246.0
2026-05-09,Replenishment,SellableFloor,117,113,7489.0
2026-05-09,Replenishment,Staging,117,113,7489.0
2026-05-09,ReturnNonSellable,NonSellable,37,34,37.0
2026-05-09,ReturnOther,Other,200,192,200.0
2026-05-09,ReturnToSellableFloor,SellableFloor,705,631,705.0
2026-05-09,Transfer,ReserveOrBulk,1,1,74.0
2026-05-09,Transfer,SellableFloor,2,2,111.0
2026-05-10,ReturnNonSellable,NonSellable,10,10,10.0
2026-05-11,CubiscanPutaway,Other,18,9,1408.0
2026-05-11,ReceivingPutaway,Other,22,21,1302.0
2026-05-11,ReceivingPutaway,ReserveOrBulk,44,26,2751.0
2026-05-11,ReceivingPutaway,Staging,1,1,85.0
2026-05-11,Replenishment,SellableFloor,281,265,16949.0
2026-05-11,Replenishment,Staging,287,271,17220.0
2026-05-11,ReturnNonSellable,NonSellable,7,6,7.0
2026-05-11,ReturnOther,Other,283,256,283.0
2026-05-11,ReturnToSellableFloor,SellableFloor,203,193,203.0
2026-05-11,Transfer,Other,16,16,1042.0
2026-05-11,Transfer,ReserveOrBulk,123,123,7026.0
2026-05-12,Replenishment,SellableFloor,187,176,12557.0
2026-05-12,Replenishment,Staging,189,179,12831.0
2026-05-12,ReturnNonSellable,NonSellable,28,27,28.0
2026-05-12,ReturnOther,Other,219,207,219.0
2026-05-12,ReturnToSellableFloor,SellableFloor,44,42,44.0
2026-05-12,Transfer,ReserveOrBulk,1,1,87.0
2026-05-12,Transfer,SellableFloor,2,2,56.0
2026-05-13,ReceivingPutaway,ReserveOrBulk,114,84,5662.0
2026-05-13,ReceivingPutaway,Staging,714,8,18585.0
2026-05-13,Replenishment,SellableFloor,145,132,8718.0
2026-05-13,Replenishment,Staging,177,159,10534.0
2026-05-13,ReturnNonSellable,NonSellable,32,32,32.0
2026-05-13,ReturnOther,Other,515,440,515.0
2026-05-13,ReturnToSellableFloor,SellableFloor,696,607,696.0
2026-05-13,Transfer,Other,4,4,209.0
2026-05-13,Transfer,ReserveOrBulk,2,2,82.0
2026-05-13,Transfer,SellableFloor,5,5,314.0
2026-05-14,ReceivingPutaway,ReserveOrBulk,1064,11,27787.0
2026-05-14,ReceivingPutaway,Staging,1,1,30.0
2026-05-14,Replenishment,SellableFloor,346,326,20801.0
2026-05-14,Replenishment,Staging,306,292,18440.0
2026-05-14,ReturnNonSellable,NonSellable,26,25,26.0
2026-05-14,ReturnOther,Other,436,378,436.0
2026-05-14,ReturnToSellableFloor,SellableFloor,368,327,368.0
2026-05-14,Transfer,Other,650,8,16971.0
2026-05-14,Transfer,SellableFloor,3,3,251.0
2026-05-15,ReceivingPutaway,ReserveOrBulk,2,2,126.0
2026-05-15,Replenishment,SellableFloor,191,166,11540.0
2026-05-15,Replenishment,Staging,191,166,11540.0
2026-05-15,ReturnNonSellable,NonSellable,46,46,46.0
2026-05-15,ReturnOther,Other,163,154,163.0
2026-05-15,ReturnToSellableFloor,SellableFloor,814,694,814.0
2026-05-15,Transfer,NonSellable,9,7,379.0
2026-05-15,Transfer,Other,48,46,1857.0
2026-05-15,Transfer,ReserveOrBulk,13,8,778.0
2026-05-15,Transfer,SellableFloor,1,1,15.0
2026-05-16,Replenishment,SellableFloor,259,251,16202.0
2026-05-16,Replenishment,Staging,260,252,16292.0
2026-05-16,ReturnNonSellable,NonSellable,13,13,13.0
2026-05-16,ReturnOther,Other,54,48,54.0
2026-05-16,Transfer,Other,1,1,30.0
2026-05-16,Transfer,SellableFloor,2,2,57.0
2026-05-17,Replenishment,SellableFloor,140,140,8867.0
2026-05-17,Replenishment,Staging,139,139,8777.0
2026-05-17,ReturnOther,Other,215,200,215.0
2026-05-17,ReturnToSellableFloor,SellableFloor,379,352,379.0
2026-05-17,Transfer,SellableFloor,1,1,80.0
2026-05-18,Replenishment,SellableFloor,521,480,34887.0
2026-05-18,Replenishment,Staging,523,481,35013.0
2026-05-18,ReturnNonSellable,NonSellable,22,22,22.0
2026-05-18,ReturnOther,Other,107,107,107.0
2026-05-18,ReturnToSellableFloor,SellableFloor,1,1,1.0
2026-05-18,Transfer,Other,610,63,17893.0
2026-05-18,Transfer,SellableFloor,3,3,142.0
2026-05-19,Replenishment,SellableFloor,266,255,17479.0
2026-05-19,Replenishment,Staging,285,274,18684.0
2026-05-19,ReturnNonSellable,NonSellable,26,26,26.0
2026-05-19,ReturnOther,Other,437,383,437.0
2026-05-19,ReturnToSellableFloor,SellableFloor,63,58,63.0
2026-05-19,Transfer,Other,24,24,1279.0
2026-05-19,Transfer,SellableFloor,2,2,47.0
2026-05-20,CubiscanPutaway,Other,16,8,1122.0
2026-05-20,ReceivingPutaway,ReserveOrBulk,51,22,2014.0
2026-05-20,ReceivingPutaway,Staging,97,25,4948.0
2026-05-20,Replenishment,SellableFloor,296,289,18936.0
2026-05-20,Replenishment,Staging,384,371,24783.0
2026-05-20,ReturnNonSellable,NonSellable,36,36,36.0
2026-05-20,ReturnOther,Other,290,262,290.0
2026-05-20,ReturnToSellableFloor,SellableFloor,650,538,650.0
2026-05-20,Transfer,Other,1,1,1.0
2026-05-20,Transfer,ReserveOrBulk,9,9,630.0
2026-05-21,ReceivingPutaway,ReserveOrBulk,46,19,2934.0
2026-05-21,Replenishment,SellableFloor,526,497,35888.0
2026-05-21,Replenishment,Staging,453,439,31693.0
2026-05-21,ReturnNonSellable,NonSellable,51,51,51.0
2026-05-21,ReturnOther,Other,249,237,249.0
2026-05-21,ReturnToSellableFloor,SellableFloor,762,657,762.0
2026-05-21,Transfer,ReserveOrBulk,1,1,90.0
2026-05-21,Transfer,SellableFloor,2,2,37.0
2026-05-22,Replenishment,SellableFloor,361,354,23852.0
2026-05-22,Replenishment,Staging,367,356,23963.0
2026-05-22,ReturnNonSellable,NonSellable,30,30,30.0
2026-05-22,ReturnOther,Other,407,368,407.0
2026-05-22,ReturnToSellableFloor,SellableFloor,197,188,197.0
2026-05-22,Transfer,Other,4,4,4.0
2026-05-22,Transfer,ReserveOrBulk,1,1,88.0
2026-05-22,Transfer,SellableFloor,4,4,100.0
2026-05-23,Replenishment,SellableFloor,380,372,25295.0
2026-05-23,Replenishment,Staging,363,351,23827.0
2026-05-23,ReturnNonSellable,NonSellable,5,5,5.0
2026-05-23,ReturnOther,Other,4,4,4.0
2026-05-23,ReturnToSellableFloor,SellableFloor,465,404,465.0
2026-05-23,Transfer,Other,1,1,1.0
2026-05-23,Transfer,SellableFloor,2,2,95.0
2026-05-24,Replenishment,SellableFloor,295,295,19139.0
2026-05-24,Replenishment,Staging,270,270,17513.0
2026-05-24,Transfer,Other,2,2,2.0
2026-05-24,Transfer,SellableFloor,5,5,70.0
2026-05-25,Replenishment,SellableFloor,629,605,40949.0
2026-05-25,Replenishment,Staging,700,672,44848.0
2026-05-25,ReturnNonSellable,NonSellable,15,15,15.0
2026-05-25,ReturnOther,Other,289,267,289.0
2026-05-25,ReturnToSellableFloor,SellableFloor,414,374,414.0
2026-05-25,Transfer,Other,2,2,2.0
2026-05-25,Transfer,SellableFloor,5,5,14.0
2026-05-26,Replenishment,SellableFloor,370,365,23749.0
2026-05-26,Replenishment,Staging,359,355,23736.0
2026-05-26,ReturnNonSellable,NonSellable,47,47,47.0
2026-05-26,ReturnOther,Other,277,256,277.0
2026-05-26,ReturnToSellableFloor,SellableFloor,340,310,340.0
2026-05-26,Transfer,Other,13,13,133.0
2026-05-26,Transfer,ReserveOrBulk,1,1,120.0
2026-05-26,Transfer,SellableFloor,4,4,225.0
2026-05-27,Replenishment,SellableFloor,512,493,31219.0
2026-05-27,Replenishment,Staging,542,530,33570.0
2026-05-27,ReturnNonSellable,NonSellable,50,50,50.0
2026-05-27,Transfer,Other,24,22,68.0
2026-05-28,Replenishment,Other,1,1,15.0
2026-05-28,Replenishment,SellableFloor,462,439,32754.0
2026-05-28,Replenishment,Staging,373,353,26532.0
2026-05-28,ReturnNonSellable,NonSellable,44,43,44.0
2026-05-28,ReturnOther,Other,704,578,704.0
2026-05-28,ReturnToSellableFloor,SellableFloor,502,420,502.0
2026-05-28,Transfer,Other,11,10,84.0
2026-05-28,Transfer,SellableFloor,3,1,118.0
2026-05-29,Replenishment,SellableFloor,180,170,11744.0
2026-05-29,Replenishment,Staging,180,170,11744.0
2026-05-29,ReturnNonSellable,NonSellable,60,59,60.0
2026-05-29,ReturnOther,Other,332,280,332.0
2026-05-29,ReturnToSellableFloor,SellableFloor,1119,933,1119.0
2026-05-29,Transfer,NonSellable,1,1,15.0
2026-05-29,Transfer,Other,2,2,4.0
2026-05-29,Transfer,ReserveOrBulk,4,4,298.0
2026-05-29,Transfer,SellableFloor,6,6,200.0
2026-05-30,Replenishment,SellableFloor,116,110,7815.0
2026-05-30,Replenishment,Staging,136,130,8961.0
2026-05-30,ReturnNonSellable,NonSellable,42,42,42.0
2026-05-30,ReturnOther,Other,235,220,235.0
2026-05-30,ReturnToSellableFloor,SellableFloor,770,679,770.0
2026-05-30,Transfer,ReserveOrBulk,1,1,83.0
2026-05-31,Replenishment,SellableFloor,132,128,8249.0
2026-05-31,Replenishment,Staging,112,108,7103.0
2026-05-31,ReturnNonSellable,NonSellable,31,31,31.0
2026-05-31,ReturnOther,Other,252,212,252.0
2026-05-31,ReturnToSellableFloor,SellableFloor,443,367,443.0
2026-05-31,Transfer,SellableFloor,2,2,59.0
2026-06-01,Replenishment,SellableFloor,160,153,11246.0
2026-06-01,Replenishment,Staging,171,162,12063.0
2026-06-01,ReturnNonSellable,NonSellable,75,73,75.0
2026-06-01,ReturnOther,Other,444,402,444.0
2026-06-01,ReturnToSellableFloor,SellableFloor,1086,905,1086.0
2026-06-01,Transfer,Other,59,55,2999.0
2026-06-01,Transfer,SellableFloor,5,5,402.0
2026-06-02,ReceivingPutaway,ReserveOrBulk,93,37,7398.0
2026-06-02,ReceivingPutaway,Staging,103,42,8324.0
2026-06-02,Replenishment,SellableFloor,89,87,5491.0
2026-06-02,Replenishment,Staging,80,78,4784.0
2026-06-02,ReturnNonSellable,NonSellable,65,64,65.0
2026-06-02,ReturnOther,Other,836,653,836.0
2026-06-02,ReturnToSellableFloor,SellableFloor,1428,1185,1428.0
2026-06-02,Transfer,Other,4,4,38.0
2026-06-02,Transfer,ReserveOrBulk,3,3,52.0
2026-06-02,Transfer,SellableFloor,4,4,240.0
2026-06-03,ReceivingPutaway,ReserveOrBulk,10,6,926.0
2026-06-03,Replenishment,SellableFloor,152,152,9881.0
2026-06-03,Replenishment,Staging,171,171,11072.0
2026-06-03,ReturnNonSellable,NonSellable,80,78,80.0
2026-06-03,ReturnOther,Other,359,326,359.0
2026-06-03,ReturnToSellableFloor,SellableFloor,712,623,712.0
2026-06-03,Transfer,Other,13,6,68.0
2026-06-03,Transfer,SellableFloor,44,15,685.0
2026-06-04,CubiscanPutaway,Other,16,8,446.0
2026-06-04,ReceivingPutaway,ReserveOrBulk,5,5,104.0
2026-06-04,ReceivingPutaway,Staging,5,5,104.0
2026-06-04,Replenishment,SellableFloor,127,124,7806.0
2026-06-04,Replenishment,Staging,114,111,7055.0
2026-06-04,ReturnNonSellable,NonSellable,37,37,37.0
2026-06-04,ReturnOther,Other,282,260,282.0
2026-06-04,ReturnToSellableFloor,SellableFloor,132,123,132.0
2026-06-04,Transfer,Other,28,17,188.0
2026-06-04,Transfer,ReserveOrBulk,12,9,271.0
2026-06-04,Transfer,SellableFloor,135,120,1152.0
2026-06-05,CubiscanPutaway,Other,11,6,320.0
2026-06-05,ReceivingPutaway,ReserveOrBulk,435,47,12731.0
2026-06-05,ReceivingPutaway,Staging,462,47,13506.0
2026-06-05,Replenishment,SellableFloor,76,75,4711.0
2026-06-05,Replenishment,Staging,68,67,4161.0
2026-06-05,ReturnNonSellable,NonSellable,38,38,38.0
2026-06-05,ReturnOther,Other,96,94,96.0
2026-06-05,ReturnToSellableFloor,SellableFloor,307,284,307.0
2026-06-05,Transfer,Other,9,5,74.0
2026-06-05,Transfer,ReserveOrBulk,1,1,45.0
2026-06-05,Transfer,SellableFloor,17,13,242.0
2026-06-06,CubiscanPutaway,Other,7,7,243.0
2026-06-06,ReceivingPutaway,ReserveOrBulk,46,17,1633.0
2026-06-06,ReceivingPutaway,Staging,19,6,858.0
2026-06-06,Replenishment,SellableFloor,64,64,4040.0
2026-06-06,Replenishment,Staging,102,102,6801.0
2026-06-06,ReturnNonSellable,NonSellable,26,26,26.0
2026-06-06,ReturnOther,Other,172,162,172.0
2026-06-06,ReturnToSellableFloor,SellableFloor,288,270,288.0
2026-06-06,Transfer,SellableFloor,6,6,287.0
2026-06-07,CubiscanPutaway,Other,8,8,269.0
2026-06-07,Replenishment,SellableFloor,139,139,8611.0
2026-06-07,Replenishment,Staging,101,101,5850.0
2026-06-07,ReturnNonSellable,NonSellable,42,40,42.0
2026-06-07,ReturnOther,Other,314,289,314.0
2026-06-07,ReturnToSellableFloor,SellableFloor,320,286,320.0
2026-06-07,Transfer,Other,3,3,16.0
2026-06-07,Transfer,ReserveOrBulk,14,14,496.0
2026-06-07,Transfer,SellableFloor,44,28,874.0
2026-06-08,CubiscanPutaway,Other,32,32,1734.0
2026-06-08,ReceivingPutaway,ReserveOrBulk,156,65,13054.0
2026-06-08,ReceivingPutaway,Staging,209,73,17980.0
2026-06-08,Replenishment,SellableFloor,184,178,11789.0
2026-06-08,Replenishment,Staging,184,178,11789.0
2026-06-08,ReturnNonSellable,NonSellable,82,77,82.0
2026-06-08,ReturnOther,Other,281,263,281.0
2026-06-08,ReturnToSellableFloor,SellableFloor,333,308,333.0
2026-06-08,Transfer,Other,6,3,41.0
2026-06-08,Transfer,ReserveOrBulk,2,2,125.0
2026-06-08,Transfer,SellableFloor,91,75,2961.0
2026-06-09,CubiscanPutaway,Other,56,54,2619.0
2026-06-09,ReceivingPutaway,Other,1,1,108.0
2026-06-09,ReceivingPutaway,ReserveOrBulk,126,58,7576.0
2026-06-09,ReceivingPutaway,Staging,133,38,4846.0
2026-06-09,Replenishment,SellableFloor,122,120,8088.0
2026-06-09,Replenishment,Staging,123,121,8115.0
2026-06-09,ReturnNonSellable,NonSellable,41,41,41.0
2026-06-09,ReturnOther,Other,375,346,375.0
2026-06-09,ReturnToSellableFloor,SellableFloor,470,431,470.0
2026-06-09,Transfer,Other,5,4,6.0
2026-06-09,Transfer,ReserveOrBulk,34,34,1810.0
2026-06-09,Transfer,SellableFloor,103,98,3604.0
2026-06-10,CubiscanPutaway,Other,20,20,733.0
2026-06-10,ReceivingPutaway,ReserveOrBulk,59,25,2088.0
2026-06-10,Replenishment,SellableFloor,157,152,10270.0
2026-06-10,Replenishment,Staging,165,160,10845.0
2026-06-10,ReturnNonSellable,NonSellable,39,38,39.0
2026-06-10,ReturnOther,Other,495,425,495.0
2026-06-10,ReturnToSellableFloor,SellableFloor,319,283,319.0
2026-06-10,Transfer,Other,1,1,4.0
2026-06-10,Transfer,ReserveOrBulk,20,20,733.0
2026-06-10,Transfer,SellableFloor,61,58,513.0
2026-06-11,CubiscanPutaway,Other,26,26,712.0
2026-06-11,ReceivingPutaway,ReserveOrBulk,80,65,2112.0
2026-06-11,ReceivingPutaway,Staging,903,100,24682.0
2026-06-11,Replenishment,SellableFloor,95,95,6512.0
2026-06-11,Replenishment,Staging,86,86,5910.0
2026-06-11,ReturnNonSellable,NonSellable,81,78,81.0
2026-06-11,ReturnOther,Other,720,579,720.0
2026-06-11,ReturnToSellableFloor,SellableFloor,852,735,852.0
2026-06-11,Transfer,Other,1,1,4.0
2026-06-11,Transfer,SellableFloor,84,80,1564.0
2026-06-12,CubiscanPutaway,Other,9,9,285.0
2026-06-12,ReceivingPutaway,Other,4,4,108.0
2026-06-12,ReceivingPutaway,ReserveOrBulk,711,99,18671.0
2026-06-12,ReceivingPutaway,Staging,587,52,15430.0
2026-06-12,Replenishment,SellableFloor,58,58,3615.0
2026-06-12,Replenishment,Staging,58,58,3615.0
2026-06-12,ReturnNonSellable,NonSellable,105,102,105.0
2026-06-12,ReturnOther,Other,360,312,360.0
2026-06-12,ReturnToSellableFloor,SellableFloor,945,820,945.0
2026-06-12,Transfer,SellableFloor,1,1,20.0
