SnapshotId,SourceFile,InferredFileDate,ForecastStartDate,Variances of 0,Variances of +/- 1-5,Variances of +/- 6-10,Variances of +/- 11-25,Variances of +/- 26-50,Variances of +/- 51-75,Variances of +/- 76-99,Variances of +/- 100+
1a45d2014eda9238389bf670224bce88c4f81659ceecec70698c70860fa01955,2022-08-02_3cfb7e9f0d9e_2022-08-02_3cfb7e9f0d9e_Forecast_8.2.2022.csv,2022-08-02,2022-08-01,0,0,0,1643,553,96,33,21
2e6979fdbaa24bd12b16aa86c837b883ff54412e866e74e59e074872dfe4603c,2022-08-16_a05e822a6ce3_2022-08-16_a05e822a6ce3_815ForwardDemandCSV.csv,2022-08-16,2022-08-08,0,0,87,207,278,82,59,190
e15656df752160248fc7c159fb8714bf44c63568c7871f6a0d288256cc459772,2022-08-23_7fc5290b24d7_2022-08-23_7fc5290b24d7_823FwdDemand-GIR.csv,2022-08-23,2022-08-22,0,0,308,2209,1273,299,111,135
0107081fa3e41823fbc3d39c8668c8cef0a06c861a5cab1dfcda262310a4fb28,2022-09-07_e162ffaa7c9a_2022-09-07_e162ffaa7c9a_829FwdDemandCSV-ReserveOnly.csv,2022-09-07,2022-08-29,0,0,570,1548,1406,528,282,431
a07ea38001c06bb2a6cf73eff2c28fd95d527edb726cc4225009975ccd101390,2022-09-08_88167977e314_2022-09-08_88167977e314_FwdDemandCSV_9.6.csv,2022-09-08,2022-09-05,0,0,394,3247,2747,648,419,404
8e97169bcd267064b0bf11cd792c6ad8273268e2107832c30f1eac8ec6c3a4f4,2022-10-06_b72256987a3f_2022-10-06_b72256987a3f_Fwd_Demand_CSV_10-6_updated.csv,2022-10-06,2022-10-03,0,0,674,3731,3166,1006,579,1266
9eef39e572ee76682ce4338d7d253f27540023aef8e463b7d431f86af0cb277e,2023-05-31_c75f14494a09_2023-05-31_c75f14494a09_Fwd_Demand_CSV_5.31.csv,2023-05-31,2023-05-30,0,1100,1783,4296,1159,421,141,105
c00d60cfcf078dbf1dfcb4fba8ab88b7e39a602459533efb89288b8a96a13e6c,2023-06-06_3e59a9736a7c_2023-06-06_3e59a9736a7c_Fwd_Demand_CSV_6.6.csv,2023-06-06,2023-06-05,0,759,689,3810,1480,302,133,93
d0dc86be6bf064cf28d4936d356b1f8ea346dd962fd9daae70920a42ed7d2af0,2023-06-13_6e0c7c791857_2023-06-13_6e0c7c791857_Fwd_Demand_CSV_6.13.csv,2023-06-13,2023-06-12,0,1066,481,3688,1460,347,138,166
ef8f539a1d8339d1a599d669e90cd226e1f605b95983c421a69dd4e3b5b42d53,2023-06-20_d2271a6f4141_2023-06-20_d2271a6f4141_Fwd_Demand_CSV_6.20.csv,2023-06-20,2023-06-20,0,1003,1870,3009,2225,1048,458,711
013f2bf4cdc5f5676e59ec32030e4e432f63e73d52a7593e285c6cb9067ea0af,2023-06-27_9584f02d0766_2023-06-27_9584f02d0766_Fwd_Demand_CSV_6.27.csv,2023-06-27,2023-06-26,0,744,1058,2596,1977,1178,773,1983
02b8dbc9fc674351454d1f529f5e530cc5e45a65e28811d96c376bab45104e8c,2023-06-30_c4eb2999f4af_2023-06-30_c4eb2999f4af_Fwd_Demand_CSV_6.30.csv,2023-06-30,2023-06-29,0,396,963,2407,2319,1394,787,1948
74150e47ce39ab5628a8face5c4603a9d6e9255786c19bad4be5362f6f7e15dc,2023-07-05_fdc41c7cac28_2023-07-05_fdc41c7cac28_Fwd_Demand_CSV_7.5.csv,2023-07-05,2023-07-03,0,647,518,2326,2287,1172,756,1801
b874ebbf36d14981a4b2ff2e8fa17d68769a447b96090a51de51cba6aed0edc8,2023-07-11_2b0ac3cb82ae_2023-07-11_2b0ac3cb82ae_Fwd_Demand_CSV_7.11.csv,2023-07-11,2023-07-10,0,591,3474,3757,1616,707,393,639
871f4072ae2ec923318fa56fe0e647963ff41fa9fe060cb721377d3437b22c4b,2023-07-17_edf0522bbbc2_2023-07-17_edf0522bbbc2_Fwd_Demand_CSV_7.17.csv,2023-07-17,2023-07-14,0,1413,459,6381,1306,481,209,215
0405b74a0a03a96cbecac2f474a5fc131715223516255ef1a8f23e5dccad5903,2023-07-20_8526f9cd511c_2023-07-20_8526f9cd511c_Fwd_Demand_CSV_7.20.csv,2023-07-20,2023-07-18,0,806,1213,5129,1234,338,175,151
1a0bd7d8f204b3b2ecb22a91491d72930eb62c7e3587d354c33ad7c9bc71391c,2023-07-25_21440fc639a2_2023-07-25_21440fc639a2_Fwd_Demand_CSV_7.25.csv,2023-07-25,2023-07-25,0,890,2711,2954,1453,649,280,416
cae538797cfdcf710fb37ecb460d74f34523bc69981a184d96b864c76548437a,2023-08-01_7153c1272f6b_2023-08-01_7153c1272f6b_Fwd_Demand_CSV_8.1.csv,2023-08-01,2023-08-01,0,1373,1750,3883,1736,554,235,450
0a5231e9ec8712668ba44c06450cc6d7027eede7dc035b955557256c896eaf7e,2023-08-08_40125e9e34c5_2023-08-08_40125e9e34c5_Fwd_Demand_CSV_8.8.csv,2023-08-08,2023-08-07,0,1688,71,4184,1982,341,207,203
22cdcb2349881cb84c4c935bdd8d60d6d4bd7f5852f359bb03cacd0a01e94cf4,2023-08-15_414d2ae983a6_2023-08-15_414d2ae983a6_FWD_Demand_CSV_8.15.csv,2023-08-15,2023-08-14,0,967,683,4055,1694,385,159,207
03ae0aa1d45555423f99650e1173d3918456133f969a282c4da068cd9bda02f5,2023-08-22_7b6672ffe714_2023-08-22_7b6672ffe714_Fwd_Demand_CSV_8.22.csv,2023-08-22,2023-08-22,0,1782,1512,2795,2355,849,497,1123
20b90de84b8eb5b51102620f62f026c803c3d95e50d5cf51c503af3b7d903c33,2023-08-29_9769aae16c07_2023-08-29_9769aae16c07_Fwd_Demand_CSV_8.29.csv,2023-08-29,2023-08-28,0,1169,1554,2040,1997,977,506,1190
62dbe17df9c05c1764dae3e5a9d08b9b2dc259a3427d9f21cf5ea77ebf6eb2b8,2023-09-06_02da8be78624_2023-09-06_02da8be78624_Fwd_Demand_CSV_9.6.csv,2023-09-06,2023-09-05,0,0,1078,3525,1527,624,229,440
0432c50499d12fa4afaa4c29d3a6f5ebd96b1558542290fd0a4c8df90e4cd0cc,2023-09-07_6460fd7f912d_2023-09-07_6460fd7f912d_Fwd_Demand_CSV_9.7.csv,2023-09-07,2023-09-05,0,0,1090,3531,1533,636,229,440
6cf0e024481719a8a3943542d57d6e0a0f4d090e2d2e28df1e302a150191c9d1,2023-09-19_9e728e8b5173_2023-09-19_9e728e8b5173_Fwd_Demand_CSV_9.19.csv,2023-09-19,2023-09-19,0,141,1044,3234,1957,765,422,857
a08b8ea7ce655b6dfe60ff702b1d66698aa625497a56c1440b7e65197cc078c8,2023-09-26_2dec3dcaf721_2023-09-26_2dec3dcaf721_Fwd_Demand_CSV_9.26.23.csv,2023-09-26,2023-09-25,0,0,1549,3897,1940,885,350,868
36dc4a923f53db64544be8579312f67060ca6e2b5e484550bc1cca974e41a2e3,2023-10-03_51270b70f943_2023-10-03_51270b70f943_Fwd_Demand_CSV_10.3.23.csv,2023-10-03,2023-10-03,0,1190,2301,3611,2958,1008,495,1067
bcaf01500b8219f0b2616f4b605dbdca0658d08078686311592693841609354c,2023-10-10_5a43a40f0da8_2023-10-10_5a43a40f0da8_Fwd_Demand_CSV_10.10.23.csv,2023-10-10,2023-10-10,0,1393,652,3320,2712,1705,822,2296
06715bdeac9589432b4a986b8b3324672fbc9f0083fb4d47df9e132366f827e0,2023-10-17_df92e3f19e6d_2023-10-17_df92e3f19e6d_Fwd_Demand_CSV_10.17.23.csv,2023-10-17,2023-10-16,0,1183,1723,2024,2386,1177,674,2087
c0675a9fc21583ff976314a8a1f28ad18f3a70259ae4ecd12fe418af99952cbd,2023-10-25_a0be31ad4548_2023-10-25_a0be31ad4548_Fwd_Demand_CSV_10.25.23.csv,2023-10-25,2023-10-24,0,171,521,3337,2206,666,501,1200
a4c5f8b6b465e71dd372a9a75de7e8379af0abccf5ebda6deceaaebebef6c991,2023-10-31_3055f235b760_2023-10-31_3055f235b760_Fwd_Demand_CSV_10.31.23.csv,2023-10-31,2023-10-30,0,989,0,4190,2167,759,507,1049
0acd8d9d8cccb8bfd77a3d7463213848c623d2fa2b1f86f317101d5e6727ad7c,2023-11-10_86576334bbe4_2023-11-10_86576334bbe4_Fwd_Demand_CSV_11.10.23.csv,2023-11-10,2023-11-07,0,0,995,3276,1542,1316,489,1657
04647139f89e8f1755e768637e95aa0c2dead72d1da603f99342990bd79e2cec,2023-11-14_8bbdf28abb93_2023-11-14_8bbdf28abb93_Fwd_Demand_CSV_11.14.23.csv,2023-11-14,2023-11-13,0,1009,2831,2197,1410,618,362,1028
c350e0701a92b33afeb5480493fb5f175edc44ba7da1418ef4360024299673b9,2023-11-15_5cafb49e95a7_2023-11-15_5cafb49e95a7_Fwd_Demand_CSV_11.15.23.csv,2023-11-15,2023-11-13,0,1219,1054,2575,2246,1118,630,2477
46d6be6540dff7b6ae77670b72e81b364af22ff719a1756c1e643e76bfec897e,2023-11-21_c61db0eab347_2023-11-21_c61db0eab347_Fwd_Demand_CSV_11.21.23.csv,2023-11-21,2023-11-20,0,1031,987,2117,2132,1094,674,2779
424dc5031f6d27ffc45cf6bf594e158366aa444cc00621f978b11cc47389ef60,2023-11-28_42a2cd4e5177_2023-11-28_42a2cd4e5177_Fwd_Demand_CSV_11.28.23.csv,2023-11-28,2023-11-28,0,1357,325,2821,1732,961,523,1634
1a011c37d83f69201399dac50abf3f77cae9ed7361baad444f52b348ce56d303,2023-11-30_2e3bc5d32c3e_2023-11-30_2e3bc5d32c3e_Fwd_Demand_CSV_11.30.23.csv,2023-11-30,2023-11-28,0,1553,129,2998,1793,978,461,1585
750c85f62a9ae13ea37e55f4882acb6bb8be64694445579eceb5d02ae474b2f2,2023-12-05_5b5a41569594_2023-12-05_5b5a41569594_Fwd_Demand_CSV_12.5.23.csv,2023-12-05,2023-12-04,0,1273,89,2719,1897,654,494,1404
229b7a92451d3562053ebf4cce24b3559f486c02674ee8eb14bf0d41095745ab,2023-12-12_bd2791322d8f_2023-12-12_bd2791322d8f_Fwd_Demand_CSV_12.12.23.csv,2023-12-12,2023-12-12,0,447,2183,1827,1165,577,260,653
41ac832f3ac9b7089a3835f876bdb3d78518689a54d3a2d21925b0bc7572fa8c,2023-12-19_7b064bedb384_2023-12-19_7b064bedb384_Fwd_Demand_CSV_12.19.23.csv,2023-12-19,2023-12-19,0,1655,1243,1656,1304,762,507,1824
76c0dea8e92acaa74f288b43fdd41990dae2f83b173e5c55156dd0d1f170f83b,2023-12-26_79ff1226944b_2023-12-26_79ff1226944b_Fwd_Demand_CSV_12.26.23.csv,2023-12-26,2023-12-22,0,2253,1280,1553,1128,678,478,2176
da4b0d3dbcf96307199c3249d789c2a3a4e9948bef5c3c6c95ebd1cd2720ebcd,2023-12-29_8c7c3b95c75b_2023-12-29_8c7c3b95c75b_Fwd_Demand_CSV_12.29.23.csv,2023-12-29,2023-12-28,0,1269,653,1798,1620,1007,712,2433
e9751df1b1d6f3c0b1a6aec21ea05f4e21ce6cd211abb67fff8c115646ed5280,2024-01-04_ab3796a5eb0c_2024-01-04_ab3796a5eb0c_Fwd_Demand_CSV_1.4.24.csv,2024-01-04,2024-01-03,0,1469,2176,2235,1437,672,347,885
dffe5427e0ca463f1b805c05828c55f4a45e4337e68c36cdde4a7c194943a7d6,2024-01-09_741eec8e2076_2024-01-09_741eec8e2076_Fwd_Demand_CSV_1.9.24.csv,2024-01-09,2024-01-09,0,2113,1410,2398,1641,490,255,489
41bedece870b316c05b17f0b389ca7d86fa177ce600388dcad03386b15083358,2024-01-17_88ee296a0fb2_2024-01-17_88ee296a0fb2_Fwd_Demand_CSV_1.17.24.csv,2024-01-17,2024-01-16,0,2521,819,2659,1068,308,147,161
d6329d2892bc4493495d034f66112212859e343c2ffdfdce8d5610eb610c20a8,2024-01-30_d3fb73e4613a_2024-01-30_d3fb73e4613a_Fwd_Demand_CSV_1.30.24.csv,2024-01-30,2024-01-29,0,0,1172,3884,1231,214,58,126
ecb6107a7f4e7b3da1f71af593d680a4deb57b7c6b462dbf772ff713c4789888,2024-02-06_59fccf0f72b0_2024-02-06_59fccf0f72b0_Fwd_Demand_CSV_2.6.24.csv,2024-02-06,2024-02-05,0,3398,0,2887,1070,343,169,302
367560773791df9b05b1eccb58a368113f4dad0ffa2cffb0d6c9b823fdf69ea6,2024-02-13_99af533d5939_2024-02-13_99af533d5939_Fwd_Demand_CSV_2.13.24.csv,2024-02-13,2024-02-12,0,1579,0,4574,1480,425,193,135
47a3e22f512f305bf7beb388d4f832cd5bfc45d2fb081b649a82f1550fdd92b0,2024-02-21_191b450edc04_2024-02-21_191b450edc04_Fwd_Demand_CSV_2.21.24.csv,2024-02-21,2024-02-21,0,678,518,2794,1531,421,246,315
e77ee8adbacb5e679f2634a7ba3d3a2bab144b9cb48553b5191b7acf8da3404b,2024-02-28_23de44f3e38b_2024-02-28_23de44f3e38b_Fwd_Demand_CSV_2.28.24.csv,2024-02-28,2024-02-27,0,0,935,3872,1953,318,293,189
36eafa8d010cd90450b2be4ba6d15a9a4e99e16caf23b27e61917d922393d153,2024-03-05_9e9f95e96483_2024-03-05_9e9f95e96483_Fwd_Demand_CSV_3.5.24.csv,2024-03-05,2024-03-05,0,83,0,4535,2242,666,432,241
9728934b2b43d3bf29c2e1f7a6d2e5401af1ba31f348e135634ae0c24b5266de,2024-03-12_1e20e2860624_2024-03-12_1e20e2860624_Fwd_Demand_CSV_31224.csv,2024-03-12,2024-03-12,0,1990,772,3315,2084,670,380,350
5adef4924e82ef8682ac0c869d27f7d1c2ab121cabde6c895bf282b6a1eb4839,2024-03-26_805f30ffebb9_2024-03-26_805f30ffebb9_Fwd_Demand_CSV_32624.csv,2024-03-26,2024-03-26,0,557,150,3690,2207,508,212,328
7f7a8d02ea9ae8682df7c0227a5b2a7c867e13202831350fc66df760ecd3943f,2024-04-18_91513e4e2df8_2024-04-18_91513e4e2df8_Fwd_Demand_CSV_41824.csv,2024-04-18,2024-04-18,0,848,1982,2844,2208,901,521,733
037b7437f4f7bed406b569bb366508f62dd9f5864e4f700c0a1abcc743f50adf,2024-04-23_3f5c3906609a_2024-04-23_3f5c3906609a_Fwd_Demand_CSV_42324.csv,2024-04-23,2024-04-23,0,827,389,3225,2623,1014,600,990
b67ed68efd978c8549ddc60106fde37f19000f1252b349f6bd99aff0b965f8cd,2024-04-30_addbdf64fafa_2024-04-30_addbdf64fafa_Fwd_Demand_CSV_43024.csv,2024-04-30,2024-04-30,0,0,1729,2257,1904,915,393,784
2850955100ddd456f36e719d700c612a519db386f4797523a75c3d5c52319da9,2024-05-07_dcfe6463d298_2024-05-07_dcfe6463d298_Fwd_Demand_CSV_5724.csv,2024-05-07,2024-05-07,0,2742,0,4141,1500,929,161,292
e17e8ec8e1074bdfe62b8b0d9617386cf266f552cc92248d1d17076b0691207c,2024-05-14_aecd770d87bf_2024-05-14_aecd770d87bf_Fwd_Demand_CSV_51424.csv,2024-05-14,2024-05-14,0,0,2997,2071,2254,881,487,957
c728551cfab07f8808ac5a6579d2ef27a2123a47064f105962a1baa547e9ac59,2024-05-21_52f05bde1051_2024-05-21_52f05bde1051_Fwd_Demand_CSV_52124.csv,2024-05-21,2024-05-21,0,1032,1363,2923,1763,768,462,1084
0e63dc543b440327f8d1ec7172d6978039b1e478edde2aadb52b621e116d50c4,2024-05-29_5136574c56fc_2024-05-29_5136574c56fc_Fwd_Demand_CSV_52924.csv,2024-05-29,2024-05-28,0,308,0,3764,2220,586,157,285
a2d8065009fcc41669eec3b1c49843f749485325066dcdc7a4f82b869d241a9d,2024-06-12_eba58ed66378_2024-06-12_eba58ed66378_Fwd_Demand_CSV_61224.csv,2024-06-12,2024-06-10,0,0,722,3624,1537,543,205,237
85eafd7313ca21a79001bf4ccd8b6b877d4e5ae09b9f4cb349cc4e367112c700,2024-06-18_923d42818a33_2024-06-18_923d42818a33_Fwd_Demand_CSV_61824.csv,2024-06-18,2024-06-18,0,1086,1445,2673,2208,1079,532,838
ff7c40bd675cabb0916d6dafdb714e9c465adad8be8634271b06de5545db3424,2024-06-26_33b80e7c926c_2024-06-26_33b80e7c926c_Fwd_Demand_CSV_62624.csv,2024-06-26,2024-06-25,0,827,773,2546,2549,1327,877,1790
ff480b784ed7ffd8f76424eb2cc9aa12bb2cf1929e773ee4e7df788f2920f175,2024-07-02_fb815a7ecc82_2024-07-02_fb815a7ecc82_Fwd_Demand_CSV_7224.csv,2024-07-02,2024-07-02,0,685,802,1858,1916,1258,721,1959
008d0cc643dfd0f37982b7a1ae115ba7bd7b651f87cf46b6cbfd2e6daf1f49df,2024-07-09_6c78b778be17_2024-07-09_6c78b778be17_Fwd_Demand_CSV_7924.csv,2024-07-09,2024-07-09,0,1146,438,2646,1663,856,438,795
df8da57aca37f5b8b1e261591f86096bf213432201d3ca5840173cab74b94374,2024-07-16_70cf2241e3a9_2024-07-16_70cf2241e3a9_Fwd_Demand_CSV_71624.csv,2024-07-16,2024-07-16,0,1001,552,2970,1734,718,294,373
546bef2183ee48d3411a7b55df82980f222908823b50ff64cbdc817cb647ed8c,2024-07-23_1478c7ef5c3c_2024-07-23_1478c7ef5c3c_Fwd_Demand_CSV_72324.csv,2024-07-23,2024-07-23,0,736,275,2250,1353,459,310,532
d40cf3135feb2a980128b679bdc30337dd956be37a573b10bd6614a367e4d559,2024-07-30_a144f79bb003_2024-07-30_a144f79bb003_Fwd_Demand_CSV_73024.csv,2024-07-30,2024-07-30,0,597,294,1864,1362,548,253,528
c69be4fa88387f57079ec340adc62536bc38a306169734ca26e7035f0b488cc4,2024-08-13_789f2993bd06_2024-08-13_789f2993bd06_Fwd_Demand_CSV_81324.csv,2024-08-13,2024-08-13,0,796,931,3163,1843,759,418,641
0caae3a99bb5434f25d3f6793f281c1c9a6437dd9272d37b1eeb16dc6c6c873e,2024-08-20_04ec1959c255_2024-08-20_04ec1959c255_Fwd_Demand_CSV_82024.csv,2024-08-20,2024-08-19,0,66,1510,2977,2094,1003,542,1098
0dae6f12b35223a51424d28f1fc2816d0b97311669edbd92e8a0a18792bc5d22,2024-08-27_336a5d5f40bb_2024-08-27_336a5d5f40bb_Fwd_Demand_CSV_82724.csv,2024-08-27,2024-08-27,0,892,1698,2190,2251,1012,658,1265
cb0ebb345ae19ae7065187d824326aaa9459f82532c423c70a704ec844f009ec,2024-09-03_dac59f6337a0_2024-09-03_dac59f6337a0_Fwd_Demand_CSV_9324.csv,2024-09-03,2024-08-31,0,2206,568,3060,1914,923,485,810
fe79f1c421d81914ae2af2d035b7ffc20ceec647c60290b4100df8e56576cc99,2024-09-17_fcbe94a5e6f9_2024-09-17_fcbe94a5e6f9_Fwd_Demand_CSV_91724.csv,2024-09-17,2024-09-17,0,944,648,3238,2104,918,400,575
57a4b3736db503c1945b58436e20c83a8f8c69aee02980b8b0e2c0dd99282d0c,2024-09-24_62328ea02c5d_2024-09-24_62328ea02c5d_Fwd_Demand_CSV_92424.csv,2024-09-24,2024-09-24,0,45,1166,2718,1821,854,397,695
c98e4269d228178bae6d48044bbbb7d45d7fde676167e014543e220f3a3a4f7c,2024-10-01_d63b9f5b55ab_2024-10-01_d63b9f5b55ab_Fwd_Demand_CSV_10124.csv,2024-10-01,2024-10-01,0,894,2020,3463,3177,1546,803,1513
3807571447f9b7f0f2100881f3e83a06d3bd1586b0ae683ab21c98dfb0e41849,2024-10-08_ba73b108a903_2024-10-08_ba73b108a903_Fwd_Demand_CSV_10824.csv,2024-10-08,2024-10-08,0,797,661,3009,3060,1772,1200,3286
2e243c0dd9550b56b460a83c342ddc0c9b8c1719f546ccc8941280a19f028989,2024-10-15_1cd6a4cd47fe_2024-10-15_1cd6a4cd47fe_Fwd_Demand_CSV_101524.csv,2024-10-15,2024-10-15,0,326,499,2044,2779,1785,1202,3969
c41b013d8c7250761c19e71dab8abc50de618871891717e3a3c4488f73409b7d,2024-10-24_a226d9e318e6_2024-10-24_a226d9e318e6_Fwd_Demand_CSV_102424.csv,2024-10-24,2024-10-22,0,1580,1151,3911,2807,1181,531,1047
267afb38f3e6625de36450ab1397d49b9253968fa22036e0dd943c8940ae9bde,2024-10-29_817ab69974e2_2024-10-29_817ab69974e2_Fwd_Demand_CSV_102924.csv,2024-10-29,2024-10-29,0,1939,671,3990,2426,1049,463,1189
b53637aa541d925303b162d96cc9c4d2e83692a10c94cbc767638ddeecf44ccf,2024-11-05_decb77623a88_2024-11-05_decb77623a88_Fwd_Demand_CSV_11524.csv,2024-11-05,2024-11-05,0,1188,873,3703,2445,962,544,1219
0870865c70d4f0156ed4d57e9417940c6d530c9565583b18a5e5073491696923,2024-11-11_25e4c0057374_2024-11-11_25e4c0057374_Fwd_Demand_CSV_111124.csv,2024-11-11,2024-11-12,0,993,1144,3045,2430,1216,623,2199
5776a1cc1f98eadc937f3648b0c840a52a4878e6c3419ddeebdba62d2442bef0,2024-11-19_969c7c901ce8_2024-11-19_969c7c901ce8_Fwd_Demand_CSV_111924.csv,2024-11-19,2024-11-19,0,613,480,1916,2143,1436,903,4035
0ddf515fa26673d497f63b127ecc325c3f2118a9500e4ef05d7fb23d8001b50c,2024-11-26_271c315640a0_2024-11-26_271c315640a0_Fwd_Demand_CSV_112624.csv,2024-11-26,2024-11-26,0,675,937,1778,2217,1441,937,3089
f532a4dcc735ad8465da27d202686ce4ace1c423374ca8c4f224b2695318110b,2024-12-03_7a103ef0ada8_2024-12-03_7a103ef0ada8_Fwd_Demand_CSV_12324.csv,2024-12-03,2024-12-03,0,1096,390,2385,1910,1129,597,1792
214d45ec4cdfc88a2956916820c798234c89c690006a29bd914d44390c9e9692,2024-12-10_fc36fb410864_2024-12-10_fc36fb410864_Fwd_Demand_CSV_121024.csv,2024-12-10,2024-12-10,0,1243,900,2221,1352,745,383,1046
ac0a0102c422fa13c95fbb93667aa0a9520f7416287d45f5f0ff996714dd4714,2024-12-17_41ed0be74a82_2024-12-17_41ed0be74a82_Fwd_Demand_CSV_121724.csv,2024-12-17,2024-12-16,0,1980,1030,2060,1580,651,390,976
eb7569d721364f870013f8b1b41fd8b843dacb48048f7298b693e1eb848e63bb,2024-12-23_b73ed1aefdaa_2024-12-23_b73ed1aefdaa_Fwd_Demand_CSV_122324.csv,2024-12-23,2024-12-24,0,1044,636,2029,1799,1007,650,1856
6baac5842b143745e2ecaa824e0839f5557064f4777210c959013e4e426086e2,2025-01-09_70dd87f731e4_2025-01-09_70dd87f731e4_Fwd_Demand_CSV_1925.csv,2025-01-09,2025-01-07,0,2524,198,2083,1295,466,238,599
734fc5c09c66a185e22891e2f4498f5ce356c6d50d6d2f7cd92341283ef1e390,2025-01-28_eac06acb8208_2025-01-28_eac06acb8208_Fwd_Demand_CSV_12825.csv,2025-01-28,2025-01-28,0,0,288,2508,1169,298,198,201
97164362332ca6eda24a513f7f130017158f7c1de15c83906b1018e5cc7501d7,2025-02-04_101ab8bf11cd_2025-02-04_101ab8bf11cd_Fwd_Demand_CSV_2425.csv,2025-02-04,2025-02-04,0,1471,292,1951,1302,522,200,309
fe4de78523d987920eea486cbdcd1911880404b34e6a29e5c2ae40503075a94b,2025-02-11_2c69239074fe_2025-02-11_2c69239074fe_Fwd_Demand_CSV_21125.csv,2025-02-11,2025-02-11,0,2937,889,3169,1812,547,211,206
8379ed0ab6bd3314f03036d2d9ae78c705c05487ccc7cbe5709788fef5ce9c28,2025-02-20_e9f588c8e2d3_2025-02-20_e9f588c8e2d3_Fwd_Demand_CSV_22025.csv,2025-02-20,2025-02-19,0,519,1100,3569,1394,393,124,110
95332712651f5c02b795c396f29b3787e5795782e89223bee2a723723a9ffc5c,2025-02-25_1166e8a21480_2025-02-25_1166e8a21480_Fwd_Demand_CSV_22525.csv,2025-02-25,2025-02-25,0,641,1715,3312,1358,431,160,141
56b296bdd5f6eda0022beeb89ce8e41d28927e5ffb773d92c2ddf658f6df5dd7,2025-03-04_9163bf81862c_2025-03-04_9163bf81862c_Fwd_Demand_CSV_3425.csv,2025-03-04,2025-03-04,0,575,626,3298,1689,505,208,269
f2f091b47c681ceb5bd37dc3b7cea4ab06aa5a0605ba9d3f407e51cdaebc51b3,2025-03-12_3f8d8d24820c_2025-03-12_3f8d8d24820c_Fwd_Demand_CSV_31225.csv,2025-03-12,2025-03-11,0,1270,731,3418,1932,649,261,369
5418187f10edd026461bba4a4a5695cfb810707dee672fd25b58abfc3233301b,2025-03-18_90d95ea75feb_2025-03-18_90d95ea75feb_Fwd_Demand_CSV_31825.csv,2025-03-18,2025-03-18,0,1421,477,3026,1676,592,308,343
b63dc2a53fdc26f652a5d284b22186c44e03f1ebb843aac561b75c76bfe9442c,2025-03-25_cc465cae508e_2025-03-25_cc465cae508e_Fwd_Demand_CSV_32525.csv,2025-03-25,2025-03-25,0,947,617,2985,1684,518,269,261
42e73a3613d17c859af44d2446c1e6861b8a8f359a8c0c98a475fb2963575341,2025-04-01_ed04147253d4_2025-04-01_ed04147253d4_Fwd_Demand_CSV_4125.csv,2025-04-01,2025-03-28,0,848,539,3175,1845,436,234,262
5eb6e1f4234a214e5f596fda2bef4e25f301c546da1cf67efd232dc738f0bcff,2025-04-15_8100e147d7a9_2025-04-15_8100e147d7a9_Fwd_Demand_CSV_41525.csv,2025-04-15,2025-04-15,0,1673,677,2668,1741,728,410,567
008db6dadc029cc6a454ffdfb8394487ca84ff7d4578260c61390c164be18c22,2025-04-22_dd3c72ac8b49_2025-04-22_dd3c72ac8b49_Fwd_Demand_CSV42225.csv,2025-04-22,2025-04-23,0,0,0,3770,2167,904,613,1178
71145b8341d2e2498e9fa8726477ed33485d97ed4e08bd78a3a5159ce4b0c0bb,2025-04-29_395b16a7bba5_2025-04-29_395b16a7bba5_Fwd_Demand_CSV_42925.csv,2025-04-29,2025-04-29,0,3047,1616,2429,1924,810,404,749
0b48eb1e26fda469e890eb7f27f59ccc42a9e5a0ae61ddbd305c4cdfdcefa225,2025-05-06_336f30cd410a_2025-05-06_336f30cd410a_Fwd_Demand_CSV_5625.csv,2025-05-06,2025-05-07,0,2461,915,3246,2338,837,345,374
2dd32449189ef8b1135bf6a62e8cc7f622b7e18ce7bc679a12fca71b33cef7ea,2025-05-13_deb85f624877_2025-05-13_deb85f624877_Fwd_Demand_CSV_51325.csv,2025-05-13,2025-05-07,0,1418,738,2587,1655,947,500,1092
f7d18f6d784f936a053feda943971b56fb5f8a9cf93c2637d034dfe9d8a9b84f,2025-05-15_e2b0b062940b_2025-05-15_e2b0b062940b_Fwd_Demand_CSV_51525.csv,2025-05-15,2025-05-13,0,1418,738,2587,1655,947,500,1092
58a792bb9a15808f207c8a7ab7ee0d79c17b29360d0696ab6d40ffa3f6f0376f,2025-05-20_5252b11a2129_2025-05-20_5252b11a2129_Fwd_Demand_CSV52025.csv,2025-05-20,2025-05-20,0,1530,1833,1477,1536,588,410,999
c0aad83291170262bec694eec2a79b06fd45a0fe32964d521e07543ca81f3e93,2025-05-26_735995862251_2025-05-26_735995862251_Fwd_Demand_CSV_52625.csv,2025-05-26,2025-05-27,0,696,715,2883,1379,515,221,307
ea1d7cfac2ca0e9cf29ef7f8da583b2537470c53dbbdb32bb50b19315b74fb71,2025-06-04_12a4ec744266_2025-06-04_12a4ec744266_Fwd_Demand_CSV_6425.csv,2025-06-04,2025-06-04,0,3052,1906,1406,1681,611,584,885
0bad631bafd0804a9e7305f50bbf868f151e3b94047a79f0e19386c01e8e1bd2,2025-06-11_37ce3116cc80_2025-06-11_37ce3116cc80_Fwd_Demand_CSV_61125.csv,2025-06-11,2025-06-10,0,1150,1179,2506,1830,731,310,379
b90b6f25a0e753ee546130043cf0b045650c816db05c5be6e7e0876f4ed22e27,2025-06-17_f0c6e2e4ce92_2025-06-17_f0c6e2e4ce92_Fwd_Demand_CSV_61725.csv,2025-06-17,2025-06-17,0,882,1577,2712,2267,979,564,1025
3c77137c4fb22b376f17c57e178d715f095f877f3dd47c82a5a7e787719e3996,2025-06-24_a94bac39585d_2025-06-24_a94bac39585d_Fwd_Demand_CSV_62425.csv,2025-06-24,2025-06-24,0,767,554,2511,2297,1246,653,1593
913d1875204661b31b0d888ae9f2091e821e8c37c1235faf725c16c2d4974622,2025-07-01_c67017063b4a_2025-07-01_c67017063b4a_Fwd_Demand_CSV_7125.csv,2025-07-01,2025-07-01,0,895,2558,1927,2032,1070,606,1128
ddf3656c930de1f47602b0a022824a2db09e29ec691532e9c56fda427668f1df,2025-07-08_a543cfca3f77_2025-07-08_a543cfca3f77_Fwd_Demand_CSV_7825.csv,2025-07-08,2025-07-07,0,2150,988,3076,1740,873,381,649
982b0a477c9a8417df5d239cbf33e0ec8bd60aa0dc287fd2ea60fb6185cea95d,2025-07-15_c5094ad66d9c_2025-07-15_c5094ad66d9c_Fwd_Demand_CSV_71525.csv,2025-07-15,2025-07-15,0,970,38,3050,1893,467,193,395
951327c4eeb32dcd9d6a3593534cb6fed6afccf4510cef4b2457dcf9cacf2c14,2025-07-22_c204475eaf92_2025-07-22_c204475eaf92_Fwd_Demand_CSV_72225.csv,2025-07-22,2025-07-23,0,1732,642,3131,1848,433,224,300
423939bc8bc80b788bf36c02f712d57e982d0e825ebca3f5e9ec03f87062e769,2025-08-05_f04046d0bc7d_2025-08-05_f04046d0bc7d_Fwd_Demand_CSV_8525.csv,2025-08-05,2025-08-05,0,2367,1379,3027,1300,394,191,321
23f7c1eb493e0cf97e8d7da51a9de4b333aca93aa44e09f65e3cbbaf1e2c2173,2025-08-13_28b5620d4662_2025-08-13_28b5620d4662_Fwd_Demand_CSV_81325.csv,2025-08-13,2025-08-12,0,799,1320,3576,2095,611,279,388
3ac4f712ed5f5168588d253ee997098f896acd50ac38df314c7799feeed88390,2025-08-19_35a5ee7d12be_2025-08-19_35a5ee7d12be_Fwd_Demand_CSV_81925.csv,2025-08-19,2025-08-19,0,2259,786,3503,2015,831,393,933
2b2efab2254e9524d1e0b0bd1b2504922847263d7f1cd2ee03aec19748063f7d,2025-08-28_b39aa417a01c_2025-08-28_b39aa417a01c_Fwd_Demand_CSV_82825.csv,2025-08-28,2025-08-19,0,804,1572,2783,2097,848,433,944
7d83740a8bd5c4f31b24dfe09b7e42e43729b9bb1b04811304a4cb4ce449c51d,2025-09-03_a7f0c7fe9644_2025-09-03_a7f0c7fe9644_Fwd_Demand_CSV_9325.csv,2025-09-03,2025-09-03,0,966,2343,3637,1532,443,172,238
35b7613706b8e7dc1e413592078d9253d6e06673c0b58f4220d56bbd2946653b,2025-09-09_3889242e0c63_2025-09-09_3889242e0c63_Fwd_Demand_CSV_9925.csv,2025-09-09,2025-09-09,0,1450,1307,3434,1770,556,282,404
742d4631aa4c49c22f2e07809c4f1481174a0ad73afadf620f25508f79981e72,2025-09-16_8cf98c15d779_2025-09-16_8cf98c15d779_Fwd_Demand_CSV_91625.csv,2025-09-16,2025-09-16,0,1303,1346,3142,1792,564,264,478
a7ff5f41a15524fda0ac6faec56c71973b6c3a52d7a202011d008cbc71a5395b,2025-09-23_67e8f71dbdf5_2025-09-23_67e8f71dbdf5_Fwd_Demand_CSV_92325.csv,2025-09-23,2025-09-22,0,1806,1618,3674,1959,629,208,342
e57ab3b22b6629475ce19ea01998ae6c5fb586e974341126be836aa0c0325b32,2025-09-30_9f02ff592bd0_2025-09-30_9f02ff592bd0_Fwd_Demand_CSV_93025.csv,2025-09-30,2025-09-29,0,1475,2505,4053,2978,1000,493,891
ef194b5f3f1abf573876741125fd98f2e92f6f731d1435f479a0b145f7dc7ee3,2025-10-07_ccc7e4c4cbbb_2025-10-07_ccc7e4c4cbbb_Fwd_Demand_CSV_10725.csv,2025-10-07,2025-10-07,0,9,0,5314,3431,1761,694,1821
6bd4daf6f8c3426ecba969bbf0a9edad4927d26de9faf24a66976b181349d028,2025-10-21_a5343cc46c05_2025-10-21_a5343cc46c05_Fwd_Demand_CSV_102125.csv,2025-10-21,2025-10-21,0,2013,1368,4150,2269,1026,469,917
51719c70906b517347908eedcfb6f531efd94af833733b43594d72c995f7eb1a,2025-10-28_316820550aaa_2025-10-28_316820550aaa_Fwd_Demand_CSV_102825.csv,2025-10-28,2025-10-28,0,2465,1514,3949,2465,1198,572,1232
bcfe6f67aabccd6b1ab9aae093697852e31dc739fd3fff625a622c1f03784dc8,2025-11-04_23aa0b34ff64_2025-11-04_23aa0b34ff64_Fwd_Demand_CSV_11425.csv,2025-11-04,2025-11-04,0,280,958,2791,2096,1058,528,1374
1845b457ca81abf0c4681022336e8bdf25e636d050bb86dd91f75a013687f8e6,2025-11-11_365c4ff815d1_2025-11-11_365c4ff815d1_Fwd_Demand_CSV_111125.csv,2025-11-11,2025-11-11,0,1572,1347,3641,2375,1250,610,1742
764844b9a2fd91e884b2cb7fdc5c8c103bfbfbab0e3470ee0604e707a38c83ee,2025-11-18_05a49491ec8b_2025-11-18_05a49491ec8b_Fwd_Demand_CSV_111825.csv,2025-11-18,2025-11-18,0,2093,1248,2872,2565,1474,921,3046
82e20aca38e8fe65c56e0816c4b64f9bb531d3a1391d801a11458b0deab25daa,2025-11-30_e170ff57e3e5_2025-11-30_e170ff57e3e5_Fwd_Demand_CSV_113025.csv,2025-11-30,2025-11-25,0,703,1166,3333,2346,1306,904,2807
338be0ca7d67a6ea1f6b0acdf88feabbbe26d43e0cf7c4ea524f2b265f56b422,2025-12-02_e1e0a3090271_2025-12-02_e1e0a3090271_Fwd_Demand_CSV_12225.csv,2025-12-02,2025-12-02,0,1292,1156,2801,2251,1272,668,1594
10b25b52de95abe5e0a0afcc678d0da302ae019c0c5a2107bc742b53bf28944b,2025-12-09_a5e2936c1b3e_2025-12-09_a5e2936c1b3e_Fwd_Demand_CSV_12925.csv,2025-12-09,2025-12-09,0,830,738,2993,1795,1044,559,1355
37d469319ef18eceb629f8c9244f813f916688552877df8a11dd802a13b99349,2025-12-17_a9c57e0f397a_2025-12-17_a9c57e0f397a_Fwd_Demand_CSV_121725.csv,2025-12-17,2025-12-16,0,1720,1546,2027,1830,672,460,889
255753817db2673cd09d2e9325d251092e00aef29b1b1fd92e1803af39fea564,2025-12-23_29d23eb103bd_2025-12-23_29d23eb103bd_Fwd_Demand_CSV_122325.csv,2025-12-23,2025-12-23,0,123,2698,2642,2042,957,446,1180
f7d7380cc1ca742b098baa794847b192389592b5babd47261c520fa04884edc3,2025-12-30_fa15df7218c6_2025-12-30_fa15df7218c6_Fwd_Demand_CSV_123025.csv,2025-12-30,2025-12-30,0,2436,1334,3023,1808,829,381,971
242cf471f204f65e2c49b88bee477b296a765a46231045c6241a227036413756,2026-01-09_01ebf5735bcd_2026-01-09_01ebf5735bcd_Fwd_Demand_CSV_1926.csv,2026-01-09,2026-01-07,0,649,1312,2478,1265,485,240,376
956a8c3c9dd9e3123c4ca63367cb11b5cfc8b2eff8e283dea1f0c1789e1e3627,2026-01-12_d9ea4442ac69_2026-01-12_d9ea4442ac69_Fwd_Demand_CSV_11226.csv,2026-01-12,2026-01-13,0,2123,694,2456,912,368,150,191
362fe88b79a25d88bb2901d780ce39f4958b29f7d9aaf1f083190dde2b4024e4,2026-01-20_d361c7061a9b_2026-01-20_d361c7061a9b_Fwd_Demand_CSV_12026.csv,2026-01-20,2026-01-21,0,1047,196,3134,878,200,76,89
95fd2bc65a62914546fe55c2b3aecdb0c0dcec27750c28ce3b3d2a7130f756df,2026-01-29_509b711b303c_2026-01-29_509b711b303c_Fwd_Demand_CSV_12926.csv,2026-01-29,2026-01-27,0,631,1007,2467,823,291,114,87
466287bf572c71b28c65c8700c8ad18b3eeca92c68bb7ed8752a575416af9463,2026-02-03_9835d6a82392_2026-02-03_9835d6a82392_Fwd_Demand_CSV_2326.csv,2026-02-03,2026-02-03,0,2109,36,1759,1206,423,151,300
ce879d7639da118a3ad71500628ce068af9149b013315aead8ec1d57563a1853,2026-02-10_9e91a0f1ee61_2026-02-10_9e91a0f1ee61_Fwd_Demand_CSV_21026.csv,2026-02-10,2026-02-10,0,1947,377,1974,951,376,192,299
8d1ee8adb3cc7180fb05db1d386ecccfa1433502769b5f487f54b062872ade27,2026-02-17_6d99a84b6e6c_2026-02-17_6d99a84b6e6c_Fwd_Demand_CSV_21726.csv,2026-02-17,2026-02-18,0,143,2004,1808,1030,465,163,294
9649a8a4064bb8a56e4020845fec1cd03b424dfc72d5c6a0df1dca9edbaad990,2026-02-26_641359bb5864_2026-02-26_641359bb5864_Fwd_Demand_CSV_22626.csv,2026-02-26,2026-02-24,0,1757,38,1621,972,501,176,360
003697153af9869116d7d485e8e43c72ff37632c0b52257358e67cce5864c2e3,2026-03-03_667539a74a93_2026-03-03_667539a74a93_Fwd_Demand_CSV_3326.csv,2026-03-03,2026-03-03,0,0,46,2703,1234,482,243,392
f1abfc7f10559a3e11bbd029acead8e56c3540a6a5601c7a7053a6a3ec552940,2026-03-10_53c52fa02abb_2026-03-10_53c52fa02abb_Fwd_Demand_CSV_31026.csv,2026-03-10,2026-03-10,0,3,192,2417,1170,465,192,604
cec3c3c0807ae09f3ed5c31b42ac64480460b09f9bdd59d06127ff1d6a14e73b,2026-03-16_50b589a0174b_2026-03-16_50b589a0174b_Fwd_Demand_CSV_31626.csv,2026-03-16,2026-03-17,0,6,75,2490,945,581,262,541
ee12cfdeea2150f7083b71e4a7dfe86d684a4959512813c234aa915da44133fa,2026-03-24_1838b0c73bbf_2026-03-24_1838b0c73bbf_Fwd_Demand_CSV_32426.csv,2026-03-24,2026-03-24,0,1657,163,1483,1149,341,142,378
e7d4a10cd8d9d41423db8e6f48a5918aa04893899cafb3d8e6d99b51abfedb35,2026-03-31_b5ef2c871e31_2026-03-31_b5ef2c871e31_Fwd_Demand_CSV_33126.csv,2026-03-31,2026-03-31,0,77,56,1832,934,299,136,415
5f19bd68d68057f7a8d1902d3ff952dc82e8d2db2598fc6a52821ce62227be3a,2026-04-07_9ed22b29c715_2026-04-07_9ed22b29c715_FwdDemandCSV_2026-04-07.csv,2026-04-07,2026-04-07,0,40,1706,1424,816,292,132,331
c725904ddd0190c6def0aa8c1aa8a80d6296ec4c8de0ad2259dbd718936d6942,2026-04-13_802b984ccf4c_2026-04-13_802b984ccf4c_FwdDemandCSV_2026-04-13.csv,2026-04-13,2026-04-14,0,394,25,1639,1434,565,277,602
c595c012c52e6c6f2b711c920337b1197361e2da9467b4042439f0c8688791e3,2026-04-22_1c248967e2ad_2026-04-22_1c248967e2ad_FwdDemandCSV_2026-04-22.csv,2026-04-22,2026-04-21,0,1671,0,1943,638,201,90,330
9db3f64ad9a2fc73b33db5462a6378038daa1180e1e4d4fcdfe9301430122efb,2026-04-29_83cf53c6d30b_2026-04-29_83cf53c6d30b_FwdDemandCSV_2026-04-29.csv,2026-04-29,2026-04-28,0,1513,40,1424,957,364,151,445
81c13a50f6936f6e259e2d2cfc2c1f2b3d4ed588fc9d30da8d9ed68f11cc96d4,2026-05-04_170e3915b134_2026-05-04_170e3915b134_FwdDemandCSV_2026-05-04.csv,2026-05-04,2026-05-05,0,1347,100,1633,914,350,237,551
e1ddb6093f7bbae06152990991d238b639af982b1aa8cdfac8f73e30d3011c52,2026-05-12_b29f5c51cbfc_2026-05-12_b29f5c51cbfc_Fwd_Demand_CSV_5.12.csv,2026-05-12,2026-05-12,0,359,25,1443,853,677,327,1021
6a8a9d25e555f7e0b7f8cd32be1bf771e3bc81f6db2e7891a7f1ff040c66b460,2026-05-18_35545c9dce78_2026-05-18_35545c9dce78_FwdDemandCSV_2026-05-18.csv,2026-05-18,2026-05-19,0,101,32,1735,1428,549,180,769
e9af1f9de307e0d419cd0d20cded35b0d3bee6cbebc13b92572c42a681366838,2026-05-28_5c86e49387c9_2026-05-28_5c86e49387c9_FwdDemandCSV_2026-05-28.csv,2026-05-28,2026-05-27,96,2921,1935,2438,524,230,118,291
b923142c0cde4d2d1f53c6759d828b7deb1d8555b9ce27321db0358416805608,2026-06-01_a7aec54f5044_2026-06-01_a7aec54f5044_FwdDemandCSV_2026-06-01.csv,2026-06-01,2026-06-02,85,5285,2238,2114,731,222,122,288
