Division,Department,Class,KeyCategoryView,Sale2025Units,Baseline2025Units,Baseline2025DailyUnits,BaselineExpected2025Units,CategoryLift2025,CurrentBaselineUnits,CurrentBaselineObservedDays,CurrentBaselineDailyUnits,DirectPickLiftProjection,CurrentPromoSkuDays,CurrentPromoSKUs,CurrentMaxDiscount,CurrentAvgDiscount,CurrentPDLAvailInv,hybrid_ml_raw_min20_recent_w0p05,hybrid_ml_raw_min20_recent_w0p05_cap_recent_x0p85,hybrid_ml_raw_min20_recent_w0p05_cap_recent_x1p0,hybrid_ml_raw_min20_recent_w0p05_cap_recent_x1p1,hybrid_ml_raw_min20_recent_w0p1,hybrid_ml_raw_min20_recent_w0p1_cap_recent_x0p85,hybrid_ml_raw_min20_recent_w0p1_cap_recent_x1p0,hybrid_ml_raw_min20_recent_w0p1_cap_recent_x1p1,recent_no_ml_no_promo_floor,GapVsHybrid10Cap085,ProjectionToHybridRatio
Girls,G dress,G SL dress,Dress,41008.0,37422.0,1386.0,19404.0,2.113378684807256,55785.0,28.0,1992.3214285714287,58947.41496598639,7925.0,965.0,0.6088405797101449,0.469772281943823,4709.0,11287.0,11287.0,11287.0,11287.0,11801.0,11801.0,11801.0,11801.0,26610.785737864997,47146.41496598639,4.995120325903431
Kids Unisex Sleep,S KU SJ,S KU SJ print,Sleep,39257.0,52481.0,1943.7407407407406,27212.37037037037,1.442615967139128,57681.0,28.0,2060.035714285714,41605.76580027602,11344.0,1242.0,0.6000000000000001,0.5196237617429078,7132.0,16631.0,16631.0,16631.0,16631.0,17210.0,17210.0,17210.0,17210.0,27748.149731913792,24395.76580027602,2.4175343288945976
Girls,G dress,G SS dress,Dress,22804.0,14993.0,555.2962962962963,7774.148148148148,2.9333117359529686,17328.0,28.0,618.8571428571429,25414.21288029652,7812.0,1044.0,0.7000000000000001,0.5152291479822382,5608.0,3408.0,3408.0,3408.0,3408.0,3736.0,3736.0,3736.0,3736.0,10515.083083401465,21678.21288029652,6.802519507574015
Kids Unisex,KU top,KU SS top,Top,12330.0,9980.0,369.6296296296296,5174.814814814815,2.382693959347266,22284.0,28.0,795.8571428571429,26547.976095047237,6320.0,698.0,0.61,0.42603205217877876,3542.0,6190.0,6190.0,6190.0,6190.0,6611.0,6611.0,6611.0,6611.0,13387.468118885725,19936.976095047237,4.015727740893547
Girls,G short,G k short,Short,25335.0,23204.0,859.4074074074074,12031.703703703704,2.1056868273942917,21066.0,28.0,752.3571428571429,22179.199352944073,4256.0,432.0,0.6,0.42290000000000005,3939.0,4463.0,4463.0,4463.0,4463.0,4696.0,4696.0,4696.0,4696.0,11537.044301758451,17483.199352944073,4.722998158633747
Boys,B top,B SS top,Top,24445.0,16324.0,604.5925925925926,8464.296296296296,2.888013267056394,13481.0,28.0,481.4642857142857,19466.653426593624,6969.0,839.0,0.63,0.47513891216977416,4200.0,2689.0,2689.0,2689.0,2689.0,3007.0,3007.0,3007.0,3007.0,6951.773671038231,16459.653426593624,6.473778991218365
Baby Sleepwear,BS footless sleeper,BS footless print,Sleep,18989.0,21400.0,792.5925925925926,11096.296296296296,1.7112917222963953,29279.0,28.0,1045.6785714285713,25052.455168558074,10539.0,1299.0,0.8,0.4595722482698279,11318.0,8394.0,8394.0,8394.0,8394.0,8818.0,8818.0,8818.0,8818.0,14639.240037111744,16234.455168558074,2.841058649190074
Girls,G sets,G SL set,Set,5135.0,1888.0,69.92592592592592,978.9629629629629,5.245346549636804,5088.0,28.0,181.71428571428572,13344.16162227603,1505.0,179.0,0.58,0.40479227511807825,1472.0,892.0,892.0,892.0,892.0,993.0,993.0,993.0,993.0,2763.946220394543,12351.16162227603,13.438229226864078
Baby Apparel,Bby sets,Bby SS set,Set,12503.0,8938.0,331.037037037037,4634.518518518518,2.6977991241249244,10917.0,28.0,389.89285714285717,14725.9365190359,3388.0,435.0,0.6103389830508474,0.48215026123153804,3847.0,3103.0,3103.0,3103.0,3103.0,3291.0,3291.0,3291.0,3291.0,7056.979218705549,11434.9365190359,4.474608483450592
Kids Unisex Sleep,S KU LJ,S KU LJ print,Sleep,11382.0,13211.0,489.2962962962963,6850.148148148148,1.661569903867989,15981.0,28.0,570.75,13276.774316857165,15072.0,1706.0,0.8,0.4338615362272617,15765.0,3881.0,3881.0,3881.0,3881.0,4254.0,4254.0,4254.0,4254.0,8532.0953019558,9022.774316857165,3.1210094773994275
Collab Sleepwear,CS Kids Unisex sleep,CS KU LJ,Sleep,9178.0,4489.0,166.25925925925927,2327.6296296296296,3.9430671800910164,5595.0,28.0,199.82142857142858,11030.730436304619,8108.0,1005.0,0.7000000000000001,0.4800490791548905,5477.0,2077.0,2077.0,2077.0,2077.0,2186.0,2186.0,2186.0,2186.0,2547.566015972402,8844.730436304619,5.0460797970286455
Girls,G pant,G k pant,Pant,14438.0,9473.0,350.85185185185185,4911.925925925926,2.9393765740224094,6712.0,28.0,239.71428571428572,9864.547782419206,5187.0,597.0,0.6003333333333334,0.4234605273912293,11473.0,1776.0,1776.0,1776.0,1776.0,1963.0,1963.0,1963.0,1963.0,5130.946686469848,7901.547782419206,5.025240846876824
Boys,B swimwear,B swim rash guard,Swim,10753.0,10735.0,397.5925925925926,5566.2962962962965,1.9318051766584603,12323.0,28.0,440.10714285714283,11902.817595981103,2089.0,247.0,0.63,0.42788461538461536,3649.0,3899.0,3899.0,3899.0,3899.0,4006.0,4006.0,4006.0,4006.0,6015.3696829355185,7896.817595981103,2.9712475277037202
Girls,G sweater,G swtr cardigan,Sweater,15.0,1.0,0.037037037037037035,0.5185185185185185,28.92857142857143,474.0,28.0,16.928571428571427,6856.071428571428,714.0,78.0,0.7000000000000001,0.39230836120401336,1237.0,153.0,153.0,153.0,153.0,165.0,165.0,165.0,165.0,266.62020590866103,6691.071428571428,41.55194805194805
Girls,G top,G SL top,Top,5972.0,4610.0,170.74074074074073,2390.3703703703704,2.4983576076851564,5927.0,28.0,211.67857142857142,7403.882770374961,985.0,135.0,0.5700000000000001,0.530625,1432.0,1274.0,1274.0,1274.0,1274.0,1348.0,1348.0,1348.0,1348.0,2916.1585021259802,6055.882770374961,5.492494636776677
Baby Apparel,Bby dress,Bby SL dress,Dress,6612.0,5656.0,209.4814814814815,2932.740740740741,2.254546373004647,6618.0,28.0,236.35714285714286,7460.293948272377,2381.0,321.0,0.6088405797101449,0.46296998071268847,2325.0,1394.0,1394.0,1394.0,1394.0,1496.0,1496.0,1496.0,1496.0,3126.81831033926,5964.293948272377,4.986827505529663
Girls,G skirt,G k skirt,Skirt,7473.0,3623.0,134.1851851851852,1878.5925925925926,3.977977997713024,3320.0,28.0,118.57142857142857,6603.44347620362,974.0,130.0,0.62,0.5095982905982905,1348.0,626.0,626.0,626.0,626.0,697.0,697.0,697.0,697.0,2000.14897007225,5906.44347620362,9.474093940033887
Kids Unisex Sleep,S KU non cotton,S KU non cttn PJ,Sleep,16409.0,5086.0,188.37037037037038,2637.185185185185,6.222164485141284,2317.0,28.0,82.75,7208.377556036177,6814.0,866.0,0.8,0.39917632469861164,6348.0,1239.0,1239.0,1239.0,1239.0,1335.0,1335.0,1335.0,1335.0,2174.7454108818397,5873.377556036177,5.399533749839833
Boys,B swimwear,B swim trunk,Swim,7613.0,8847.0,327.6666666666667,4587.333333333334,1.6595698299665744,12114.0,28.0,432.64285714285717,10052.01446010754,2802.0,318.0,0.64,0.4270288115246098,2415.0,4125.0,4125.0,4125.0,4125.0,4241.0,4241.0,4241.0,4241.0,5947.222354186476,5811.014460107541,2.370199118157873
Girls,G dress,G LS dress,Dress,3590.0,2367.0,87.66666666666667,1227.3333333333335,2.9250407387289514,4923.0,28.0,175.82142857142858,7199.987778381314,10249.0,1311.0,0.7000000000000001,0.4899992668621701,7208.0,1341.0,1341.0,1341.0,1341.0,1458.0,1458.0,1458.0,1458.0,2471.211162228037,5741.987778381314,4.938263222483754
Baby Apparel,Bby swimwear,Bby swim rash guard,Swim,7189.0,6605.0,244.62962962962962,3424.814814814815,2.099091597274792,6849.0,28.0,244.60714285714286,7188.339174867525,1442.0,150.0,0.6,0.3636112,2341.0,1529.0,1529.0,1529.0,1529.0,1618.0,1618.0,1618.0,1618.0,3627.4773350539376,5570.339174867525,4.442731257643711
Girls,G swimwear,G swim 1pc,Swim,6480.0,7777.0,288.037037037037,4032.5185185185182,1.6069362038244641,10684.0,28.0,381.57142857142856,8584.253200830288,3167.0,379.0,0.64,0.40784010799460024,1538.0,2908.0,2908.0,2908.0,2908.0,3079.0,3079.0,3079.0,3079.0,5468.947488549951,5505.253200830288,2.788000390006589
Baby Apparel,Bby 1pc,Bby SL 1pc,1pc,7872.0,5641.0,208.92592592592592,2924.962962962963,2.6913161293590293,4712.0,28.0,168.28571428571428,6340.740800769873,1886.0,261.0,0.6000000000000001,0.5134695779758427,1306.0,995.0,995.0,995.0,995.0,1082.0,1082.0,1082.0,1082.0,2673.9121583246406,5258.740800769873,5.860204067254966
Boys,B short,B w short,Short,6475.0,6912.0,256.0,3584.0,1.806640625,7307.0,28.0,260.9642857142857,6600.5615234375,2221.0,275.0,0.56,0.44894736842105265,1812.0,1563.0,1563.0,1563.0,1563.0,1691.0,1691.0,1691.0,1691.0,4038.3510105773594,4909.5615234375,3.903348032783856
Girls,G top,G SS top,Top,9763.0,6911.0,255.96296296296296,3583.4814814814813,2.7244455009612008,4394.0,28.0,156.92857142857142,5985.606765611758,2163.0,301.0,0.6000000000000001,0.4966388888888889,908.0,1058.0,1058.0,1058.0,1058.0,1170.0,1170.0,1170.0,1170.0,2966.149790733854,4815.606765611758,5.115903218471589
Girls,G swimwear,G swim 2pc,Swim,8957.0,14170.0,524.8148148148148,7347.407407407407,1.2190694626474443,18260.0,28.0,652.1428571428571,11130.104193971167,4399.0,537.0,0.64,0.4114470388262659,4451.0,6335.0,6335.0,6335.0,6335.0,6502.0,6502.0,6502.0,6502.0,7999.849741653062,4628.104193971167,1.7117970153754485
Boys,B top,B LS top,Top,4584.0,2943.0,109.0,1526.0,3.0039318479685453,3618.0,28.0,129.21428571428572,5434.1127129750985,5743.0,705.0,0.7000000000000001,0.46925462641254856,2567.0,913.0,913.0,913.0,913.0,1031.0,1031.0,1031.0,1031.0,2130.2258056041806,4403.1127129750985,5.2707203811591645
Kids Unisex,KU short,KU k short,Short,2195.0,1989.0,73.66666666666667,1031.3333333333335,2.128312863606981,4986.0,28.0,178.07142857142858,5305.883968972204,1528.0,144.0,0.62,0.3585395763656633,1764.0,1177.0,1177.0,1177.0,1177.0,1263.0,1263.0,1263.0,1263.0,2823.8860241482625,4042.8839689722035,4.2010166025116416
Collab Sleepwear,CS Kids Unisex sleep,CS KU SJ,Sleep,5914.0,5201.0,192.62962962962962,2696.814814814815,2.192957398302524,5269.0,28.0,188.17857142857142,5777.346265828,3328.0,383.0,0.7000000000000001,0.4611138141563916,3157.0,1663.0,1663.0,1663.0,1663.0,1771.0,1771.0,1771.0,1771.0,2482.65195464576,4006.3462658279996,3.2621943906425748
Baby Apparel,Bby swimwear,Bby swim 2pc,Swim,2166.0,1943.0,71.96296296296296,1007.4814814814815,2.1499154473935738,4202.0,28.0,150.07142857142858,4516.972354973898,1694.0,200.0,0.58,0.43510204384986995,1398.0,621.0,621.0,621.0,621.0,714.0,714.0,714.0,714.0,2073.270556394215,3802.9723549738983,6.3262918136889335
Baby Apparel,Bby pant,Bby k pant,Pant,5083.0,3243.0,120.11111111111111,1681.5555555555557,3.0227963525835864,2825.0,28.0,100.89285714285714,4269.6998480243155,1960.0,263.0,0.61,0.49564042672655817,1313.0,392.0,392.0,392.0,392.0,482.0,482.0,482.0,482.0,1607.9287604472888,3787.6998480243155,8.858298439884472
Girls,G swimwear,G swim rash guard,Swim,4607.0,4608.0,170.66666666666666,2389.333333333333,1.9281529017857146,5745.0,28.0,205.17857142857142,5538.619210379466,1736.0,208.0,0.52,0.402716049382716,1780.0,1869.0,1869.0,1869.0,1869.0,1934.0,1934.0,1934.0,1934.0,2522.6947281077883,3604.6192103794656,2.8638155172592894
Kids Unisex,KU top,KU LS top,Top,3729.0,3945.0,146.11111111111111,2045.5555555555557,1.8229766431287342,6845.0,28.0,244.46428571428572,6239.137561108093,7701.0,966.0,0.7000000000000001,0.4848464305522542,1544.0,2478.0,2478.0,2478.0,2478.0,2672.0,2672.0,2672.0,2672.0,4361.180327060048,3567.137561108093,2.3350065722709927
Boys,B pant,B k pant,Pant,2142.0,1663.0,61.592592592592595,862.2962962962963,2.4840649428743236,3020.0,28.0,107.85714285714286,3750.9380637402287,2408.0,232.0,0.7000000000000001,0.44972560514720794,5673.0,365.0,365.0,365.0,365.0,456.0,456.0,456.0,456.0,2025.26897081551,3294.9380637402287,8.225741367851379
Kids Unisex,KU pant,KU k pant,Pant,2977.0,3690.0,136.66666666666666,1913.3333333333333,1.5559233449477352,5783.0,28.0,206.53571428571428,4498.952351916377,1694.0,162.0,0.56,0.42191809837608846,3240.0,1183.0,1183.0,1183.0,1183.0,1270.0,1270.0,1270.0,1270.0,3435.7197056177647,3228.9523519163768,3.5424821668632887
Girls,G sets,G SS set,Set,987.0,799.0,29.59259259259259,414.2962962962963,2.3823529411764706,3385.0,28.0,120.89285714285714,4032.1323529411766,2261.0,283.0,0.62,0.4321864706974946,1429.0,732.0,732.0,732.0,732.0,831.0,831.0,831.0,831.0,1824.0602519907836,3201.1323529411766,4.852144829050754
Baby Apparel,Bby dress,Bby SL dress set,Dress,1077.0,449.0,16.62962962962963,232.8148148148148,4.625994272987591,1572.0,28.0,56.142857142857146,3636.0314985682467,448.0,63.0,0.6,0.52,1818.0,410.0,410.0,410.0,410.0,451.0,451.0,451.0,451.0,1128.6590432961789,3185.0314985682467,8.062154098820946
Adult Sleep,S W sleepwear,S W pajama,Sleep,2449.0,1618.0,59.925925925925924,838.9629629629629,2.9190799929366062,2560.0,28.0,91.42857142857143,3736.422390958856,6440.0,756.0,0.8,0.3471558123704513,7645.0,651.0,651.0,651.0,651.0,721.0,721.0,721.0,721.0,1561.916877897753,3015.422390958856,5.182277934755695
Kids Unders,U B underwear,U B unders bottom,Underwear,3776.0,6116.0,226.5185185185185,3171.259259259259,1.1906941978884424,10804.0,28.0,385.85714285714283,6432.130056993366,1516.0,147.0,0.6000000000000001,0.3759057482026506,4446.0,3639.0,3639.0,3639.0,3639.0,3709.0,3709.0,3709.0,3709.0,5068.022328172375,2723.1300569933665,1.7341952162290015
Collab Accessories,CA underwear,CA G underwear,Underwear,3564.0,2024.0,74.96296296296296,1049.4814814814815,3.3959627329192545,1818.0,28.0,64.92857142857143,3086.9301242236024,588.0,60.0,0.58,0.3656683708207053,2866.0,336.0,336.0,336.0,336.0,365.0,365.0,365.0,365.0,974.2083456569266,2721.9301242236024,8.457342806092061
Kids Unisex,KU sets,KU SS set,Set,1015.0,695.0,25.74074074074074,360.3703703703704,2.816546762589928,2370.0,28.0,84.64285714285714,3337.6079136690646,752.0,72.0,0.64,0.3697560975609756,592.0,589.0,589.0,589.0,589.0,621.0,621.0,621.0,621.0,913.2736903886225,2716.6079136690646,5.374569909289959
Girls,G 1pc,G SL 1pc,1pc,1990.0,1640.0,60.74074074074074,850.3703703703703,2.3401567944250874,2719.0,28.0,97.10714285714286,3181.443162020906,1505.0,191.0,0.7000000000000001,0.4795069098126037,1700.0,450.0,450.0,450.0,450.0,509.0,509.0,509.0,509.0,1418.4095469189308,2672.443162020906,6.250379493164845
Boys,B short,B k short,Short,2514.0,2768.0,102.51851851851852,1435.2592592592594,1.7515999174236168,4020.0,28.0,143.57142857142858,3520.71583402147,1354.0,142.0,0.62,0.4632354312354312,3161.0,1112.0,1112.0,1112.0,1112.0,1175.0,1175.0,1175.0,1175.0,2222.9957093391904,2345.71583402147,2.996353901294868
Collab Apparel,C Girl,C G dress,Collab Girl,3018.0,2356.0,87.25925925925925,1221.6296296296296,2.4704705311666264,2623.0,28.0,93.67857142857143,3240.0221016250307,2196.0,252.0,0.6001818181818181,0.3278699313040158,912.0,932.0,932.0,932.0,932.0,996.0,996.0,996.0,996.0,1562.9117294123375,2244.0221016250307,3.2530342385793483
Collab Sleepwear,CS Baby sleep,CS Bby footless,Sleep,940.0,709.0,26.25925925925926,367.6296296296296,2.5569212170058435,2309.0,28.0,82.46428571428571,2951.965545033246,2399.0,289.0,0.8,0.487908382467206,2102.0,667.0,667.0,667.0,667.0,724.0,724.0,724.0,724.0,1148.8047864665161,2227.965545033246,4.077300476565257
Baby Apparel,Bby outerwear,Bby jkt,Jacket,3769.0,1925.0,71.29629629629629,998.148148148148,3.775992578849722,1279.0,28.0,45.67857142857143,2414.7472541743973,1274.0,175.0,0.6000000000000001,0.4816203389830509,1102.0,266.0,266.0,266.0,266.0,313.0,313.0,313.0,313.0,667.296653407591,2101.7472541743973,7.714847457426189
Baby Apparel,Bby bodysuit,Bby SS bodysuit,1pc,826.0,654.0,24.22222222222222,339.1111111111111,2.4357798165137616,1912.0,28.0,68.28571428571429,2328.6055045871562,361.0,48.0,0.6000000000000001,0.4916666666666667,1422.0,246.0,246.0,246.0,246.0,285.0,285.0,285.0,285.0,938.8911168891748,2043.6055045871562,8.170545630130373
Boys,B sets,B SS set,Set,1627.0,669.0,24.77777777777778,346.8888888888889,4.6902626521460595,928.0,28.0,33.142857142857146,2176.281870595772,595.0,77.0,0.62,0.4169278283360475,1121.0,230.0,230.0,230.0,230.0,253.0,253.0,253.0,253.0,538.7120951475372,1923.281870595772,8.601904626860758
Girls,G pant,G w pant,Pant,1234.0,1055.0,39.074074074074076,547.0370370370371,2.255788761002031,1858.0,28.0,66.35714285714286,2095.627758970887,1988.0,234.0,0.7000000000000001,0.44297076720381073,1430.0,361.0,361.0,361.0,361.0,417.0,417.0,417.0,417.0,1274.4047901828164,1678.627758970887,5.025486232544093
Baby Apparel,Bby 1pc,Bby SS 1pc,1pc,4223.0,2885.0,106.85185185185185,1495.9259259259259,2.8230007427581087,1582.0,28.0,56.5,2232.993587521664,875.0,125.0,0.6000000000000001,0.5306973995271869,429.0,516.0,516.0,516.0,516.0,568.0,568.0,568.0,568.0,1781.0329239850016,1664.9935875216638,3.9313267385944783
Boys,B pant,B w pant,Pant,2444.0,1785.0,66.11111111111111,925.5555555555557,2.6405762304921967,1641.0,28.0,58.607142857142854,2166.5927971188476,2961.0,343.0,0.7000000000000001,0.4310204081632653,3060.0,501.0,501.0,501.0,501.0,557.0,557.0,557.0,557.0,1248.787363682264,1609.5927971188476,3.889753675258254
Girls,G short,G w short,Short,1589.0,2157.0,79.88888888888889,1118.4444444444443,1.4207232267037553,3834.0,28.0,136.92857142857142,2723.5264255910984,288.0,40.0,0.5700000000000001,0.5700000000000001,1563.0,1141.0,1141.0,1141.0,1141.0,1170.0,1170.0,1170.0,1170.0,1958.3652064596986,1553.5264255910984,2.3278003637530755
Girls,G top,G LS top,Top,2164.0,1976.0,73.18518518518519,1024.5925925925926,2.112058993637941,1830.0,28.0,65.35714285714286,1932.533979178716,3745.0,527.0,0.7000000000000001,0.5690616697994988,1044.0,449.0,449.0,449.0,449.0,499.0,499.0,499.0,499.0,1040.6146842554456,1433.533979178716,3.872813585528489
Kids Unisex,KU pant,KU w pant,Pant,1204.0,1602.0,59.333333333333336,830.6666666666667,1.4494382022471908,2634.0,28.0,94.07142857142857,1908.9101123595503,1414.0,151.0,0.572463768115942,0.44016358292772195,3393.0,458.0,458.0,458.0,458.0,526.0,526.0,526.0,526.0,1749.1976755182957,1382.9101123595503,3.629106677489639
Baby Apparel,Bby dress,Bby SS dress,Dress,2598.0,1969.0,72.92592592592592,1020.9629629629629,2.544656460857578,1325.0,28.0,47.32142857142857,1685.8349053181455,1148.0,157.0,0.7000000000000001,0.5510255239337677,1056.0,269.0,269.0,269.0,269.0,303.0,303.0,303.0,303.0,756.3358639629088,1382.8349053181455,5.56381156870675
Baby Apparel,Bby swimwear,Bby swim 1pc,Swim,1704.0,1565.0,57.96296296296296,811.4814814814815,2.0998630762209034,1839.0,28.0,65.67857142857143,1930.8240985851207,931.0,133.0,0.6000000000000001,0.5309727272727273,565.0,545.0,545.0,545.0,545.0,579.0,579.0,579.0,579.0,1046.3350804643069,1351.8240985851207,3.3347566469518495
Collab Apparel,C Kids Unisex,C KU top,Collab Kids Uni,1544.0,1506.0,55.77777777777778,780.8888888888889,1.977233921457029,2508.0,28.0,89.57142857142857,2479.451337507114,1506.0,175.0,0.59,0.3590541011180846,660.0,1269.0,1269.0,1269.0,1269.0,1299.0,1299.0,1299.0,1299.0,980.1774547444339,1180.4513375071142,1.908738520020873
W Baby Accessories,WBA hats,WBA pilot/knot hat,Other,8.0,2.0,0.07407407407407407,1.037037037037037,7.714285714285714,298.0,28.0,10.642857142857142,1149.4285714285716,0.0,0.0,0.0,0.0,0.0,5.0,5.0,5.0,5.0,9.0,9.0,9.0,9.0,148.23287567309887,1140.4285714285716,127.71428571428572
Kids Unders,U G underwear,U G unders bottom,Underwear,4335.0,8864.0,328.2962962962963,4596.148148148148,0.9431810856111398,13223.0,28.0,472.25,6235.84174751805,1610.0,125.0,0.51,0.38583089811026694,6976.0,5081.0,5081.0,5081.0,5081.0,5133.0,5133.0,5133.0,5133.0,6094.709091223637,1102.8417475180504,1.2148532529744887
Girls,G swimwear,G swim cover up,Swim,1335.0,2536.0,93.92592592592592,1314.962962962963,1.0152377196935556,4546.0,28.0,162.35714285714286,2307.635336863452,624.0,72.0,0.55,0.4358823529411765,2275.0,1298.0,1298.0,1298.0,1298.0,1338.0,1338.0,1338.0,1338.0,2424.7018539212095,969.6353368634518,1.7246900873418922
Kids Accessories,KA sock,KA sock misc,Accessories,1342.0,1866.0,69.11111111111111,967.5555555555557,1.387000459347726,2551.0,28.0,91.10714285714286,1769.1190858980247,1029.0,117.0,0.6000000000000001,0.35267056530214425,1378.0,779.0,779.0,779.0,779.0,828.0,828.0,828.0,828.0,1436.814299938745,941.1190858980247,2.1366172535000296
Kids Unisex,KU outerwear,KU jkt,Jacket,728.0,783.0,29.0,406.0,1.793103448275862,1076.0,28.0,38.42857142857143,964.6896551724138,1407.0,153.0,0.6001333333333334,0.434534444382156,1850.0,79.0,79.0,79.0,79.0,118.0,118.0,118.0,118.0,690.4269511216819,846.6896551724138,8.175336060783168
Baby Apparel,Bby sets,Bby LS set,Set,1517.0,1543.0,57.148148148148145,800.074074074074,1.8960744375520786,1973.0,28.0,70.46428571428571,1870.4774326451254,3913.0,527.0,0.7000000000000001,0.5043148314084104,5674.0,980.0,980.0,980.0,980.0,1034.0,1034.0,1034.0,1034.0,1055.0400312169218,836.4774326451254,1.80897237199722
Baby Sleepwear,BS footless sleeper,BS footless stripe,Sleep,2364.0,2357.0,87.29629629629629,1222.148148148148,1.9342990484271776,1176.0,28.0,42.0,1137.3678404751804,1589.0,208.0,0.7000000000000001,0.4260448771345273,1352.0,286.0,286.0,286.0,286.0,315.0,315.0,315.0,315.0,752.6051707832167,822.3678404751804,3.6106915570640647
Baby Apparel,Bby pant,Bby w pant,Pant,432.0,456.0,16.88888888888889,236.44444444444446,1.8270676691729322,1431.0,28.0,51.107142857142854,1307.266917293233,674.0,92.0,0.62,0.5089213114754099,788.0,516.0,516.0,516.0,516.0,556.0,556.0,556.0,556.0,1058.2732986393216,751.2669172932331,2.351199491534592
Baby Apparel,Bby dress,Bby SS dress set,Dress,936.0,561.0,20.77777777777778,290.8888888888889,3.2177234530175705,700.0,28.0,25.0,1126.2032085561495,784.0,112.0,0.7000000000000001,0.543943606625443,565.0,369.0,369.0,369.0,369.0,388.0,388.0,388.0,388.0,446.6883300484657,738.2032085561495,2.902585589062241
Baby Apparel,Bby short,Bby k short,Short,5.0,9.0,0.3333333333333333,4.666666666666666,1.0714285714285716,1801.0,28.0,64.32142857142857,964.8214285714288,504.0,44.0,0.5517241379310345,0.5258620689655172,2455.0,235.0,235.0,235.0,235.0,261.0,261.0,261.0,261.0,843.3853714890574,703.8214285714288,3.6966338259441716
Collab Apparel,C Kids Unisex,C KU jkt-vest,Collab Kids Uni,910.0,850.0,31.48148148148148,440.74074074074076,2.064705882352941,780.0,28.0,27.857142857142858,805.235294117647,644.0,52.0,0.7000000000000001,0.2867111637868297,3339.0,103.0,103.0,103.0,103.0,117.0,117.0,117.0,117.0,390.2305065957921,688.235294117647,6.88235294117647
Collab Apparel,C Girl,C G swimwear,Collab Girl,638.0,559.0,20.703703703703702,289.85185185185185,2.2011244569384103,900.0,28.0,32.142857142857146,990.5060056222848,714.0,74.0,0.54,0.2859615384615385,837.0,288.0,288.0,288.0,288.0,308.0,308.0,308.0,308.0,508.36912395270815,682.5060056222848,3.2159285896827425
Kids Unisex Sleep,S KU LJ,S KU LJ stripe,Sleep,2859.0,1884.0,69.77777777777777,976.8888888888888,2.926637852593267,573.0,28.0,20.464285714285715,838.481744767971,756.0,63.0,0.5045454545454545,0.35,5874.0,189.0,189.0,189.0,189.0,202.0,202.0,202.0,202.0,328.54971269154964,636.481744767971,4.150899726574114
Kids Unisex Sleep,S KU non cotton,S KU non cttn nightgown,Sleep,2538.0,2353.0,87.14814814814815,1220.0740740740741,2.0802015663894116,1293.0,28.0,46.17857142857143,1344.8503126707546,1533.0,198.0,0.8,0.34248466257668714,1653.0,713.0,713.0,713.0,713.0,738.0,738.0,738.0,738.0,786.1814094004454,606.8503126707546,1.8222903965728383
Baby Apparel,Bby bundle,Bby bundle misc,Other,1448.0,1179.0,43.666666666666664,611.3333333333333,2.3685932388222466,609.0,28.0,21.75,721.236641221374,693.0,99.0,0.4002,0.4002,0.0,109.0,109.0,109.0,109.0,127.0,127.0,127.0,127.0,340.2392179879182,594.236641221374,5.679028671034441
Kids Unisex Sleep,S KU SJ,S KU SJ stripe,Sleep,2761.0,2375.0,87.96296296296296,1231.4814814814815,2.2420150375939847,826.0,28.0,29.5,925.9522105263156,679.0,79.0,0.6000000000000001,0.41964285714285715,5062.0,323.0,323.0,323.0,323.0,336.0,336.0,336.0,336.0,423.3093194557286,589.9522105263156,2.7558101503759396
Unknown,Unknown,Unknown,Unknown,1270.0,543.0,20.11111111111111,281.55555555555554,4.510655090765588,356.0,28.0,12.714285714285714,802.8966061562746,118694.0,16753.0,0.8,0.5031015047280958,11318.0,333.0,333.0,333.0,333.0,333.0,333.0,333.0,333.0,115.15406281316237,469.89660615627463,2.411100919388212
Adult Sleep,S W sleepwear,S W LJ bottom,Sleep,288.0,160.0,5.925925925925926,82.96296296296296,3.4714285714285715,351.0,28.0,12.535714285714286,609.2357142857143,1099.0,144.0,0.8,0.4214285714285715,5723.0,181.0,181.0,181.0,181.0,189.0,189.0,189.0,189.0,211.6546597278643,420.23571428571427,3.223469387755102
Baby Apparel,Bby sets,Bby SL set,Set,940.0,1213.0,44.925925925925924,628.9629629629629,1.4945236132375457,935.0,28.0,33.392857142857146,698.6897891885527,483.0,69.0,0.54,0.5108603145235893,291.0,270.0,270.0,270.0,270.0,290.0,290.0,290.0,290.0,513.8408072829233,408.6897891885527,2.4092751351329404
Baby Apparel,Bby bodysuit,Bby LS bodysuit,1pc,1484.0,1272.0,47.111111111111114,659.5555555555557,2.2499999999999996,874.0,28.0,31.214285714285715,983.2499999999998,923.0,117.0,0.6000000000000001,0.4675019592476489,6375.0,552.0,552.0,552.0,552.0,579.0,579.0,579.0,579.0,629.4922958533779,404.2499999999998,1.698186528497409
Collab Sleepwear,CS W sleep,CS W pajama,Sleep,439.0,253.0,9.37037037037037,131.1851851851852,3.346414455110107,310.0,28.0,11.071428571428571,518.6942405420666,1421.0,190.0,0.8,0.503571186440678,1860.0,116.0,116.0,116.0,116.0,121.0,121.0,121.0,121.0,194.74218397992686,397.6942405420666,4.286729260678237
Baby Apparel,Bby sweater,Bby swtr pullover,Sweater,125.0,63.0,2.3333333333333335,32.66666666666667,3.8265306122448974,258.0,28.0,9.214285714285714,493.62244897959175,406.0,41.0,0.55,0.45918280355620505,1095.0,127.0,127.0,127.0,127.0,134.0,134.0,134.0,134.0,140.02535067777626,359.62244897959175,3.6837496192506847
Baby Sleepwear,BS footed sleeper,BS footed print,Sleep,518.0,398.0,14.74074074074074,206.37037037037038,2.5100502512562812,353.0,28.0,12.607142857142858,443.02386934673365,791.0,93.0,0.6000000000000001,0.3762244897959183,2458.0,78.0,78.0,78.0,78.0,86.0,86.0,86.0,86.0,191.2602036788809,357.02386934673365,5.151440341241089
Baby Sleepwear,BS 1pc,BS misc,Sleep,834.0,839.0,31.074074074074073,435.037037037037,1.917078154265282,570.0,28.0,20.357142857142858,546.3672739656054,651.0,75.0,0.7000000000000001,0.4595957446808511,2148.0,193.0,193.0,193.0,193.0,202.0,202.0,202.0,202.0,299.20159301130525,344.36727396560536,2.7047884849782444
Collab Sleepwear,CS AU sleep,CS AU bottom,Sleep,1231.0,580.0,21.48148148148148,300.74074074074076,4.093226600985221,259.0,28.0,9.25,530.0728448275861,1666.0,238.0,0.8,0.6357902298850575,2527.0,196.0,196.0,196.0,196.0,201.0,201.0,201.0,201.0,143.5073309788222,329.0728448275861,2.637178332475553
Baby Accessories,BA hats,BA pilot-knot hat,Accessories,222.0,255.0,9.444444444444445,132.22222222222223,1.6789915966386555,367.0,28.0,13.107142857142858,308.0949579831933,238.0,23.0,0.7000000000000001,0.5691176470588236,1462.0,33.0,33.0,33.0,33.0,44.0,44.0,44.0,44.0,191.01149080023478,264.0949579831933,7.002158135981666
Collab Accessories,CA underwear,CA B underwear,Underwear,1543.0,1019.0,37.74074074074074,528.3703703703703,2.920300014019347,210.0,28.0,7.5,306.63150147203146,112.0,13.0,0.5,0.3540450928381963,1962.0,41.0,41.0,41.0,41.0,50.0,50.0,50.0,50.0,193.0011938294039,256.63150147203146,6.132630029440629
Collab Apparel,C Kids Unisex,C KU swimwear,Collab Kids Uni,460.0,528.0,19.555555555555557,273.7777777777778,1.6801948051948048,365.0,28.0,13.035714285714286,306.6355519480519,260.0,36.0,0.54,0.47105263157894744,440.0,58.0,58.0,58.0,58.0,67.0,67.0,67.0,67.0,170.61703475125137,239.6355519480519,4.5766500290754015
Adult Sleep,S AU sleepwear,S AU LJ top,Sleep,585.0,579.0,21.444444444444443,300.2222222222222,1.9485566247224282,461.0,28.0,16.464285714285715,449.1423019985197,3780.0,450.0,0.8,0.44301210474308306,13850.0,211.0,211.0,211.0,211.0,221.0,221.0,221.0,221.0,253.43842334041565,228.1423019985197,2.032318108590587
Collab Accessories,CA underwear,CA BT underwear,Underwear,297.0,315.0,11.666666666666666,163.33333333333331,1.8183673469387758,420.0,28.0,15.0,381.8571428571429,70.0,6.0,0.5,0.38571428571428573,1384.0,158.0,158.0,158.0,158.0,160.0,160.0,160.0,160.0,187.2807976205427,221.8571428571429,2.386607142857143
Collab Apparel,C Baby,C Bby set,Collab Baby,296.0,413.0,15.296296296296296,214.14814814814815,1.3822206848841232,788.0,28.0,28.142857142857142,544.5949498443446,903.0,111.0,0.62,0.48888626041666666,2121.0,315.0,315.0,315.0,315.0,332.0,332.0,332.0,332.0,300.6938702831821,212.59494984434457,1.6403462344709174
Collab Sleepwear,CS AU sleep,CS AU SJ,Sleep,199.0,224.0,8.296296296296296,116.14814814814814,1.7133290816326532,269.0,28.0,9.607142857142858,230.44276147959187,105.0,14.0,0.49,0.4588888888888889,310.0,33.0,33.0,33.0,33.0,41.0,41.0,41.0,41.0,138.53307340589944,189.44276147959187,5.620555158038826
Baby Apparel,Bby dress,Bby LS dress set,Dress,142.0,132.0,4.888888888888889,68.44444444444446,2.0746753246753245,641.0,28.0,22.892857142857142,664.9334415584415,1974.0,247.0,0.8,0.4318026124818578,2745.0,464.0,464.0,464.0,464.0,484.0,484.0,484.0,484.0,387.9920906879769,180.93344155844147,1.3738294247075238
Boys,B outerwear,B jkt,Jacket,36.0,19.0,0.7037037037037037,9.851851851851851,3.654135338345865,114.0,28.0,4.071428571428571,208.2857142857143,168.0,24.0,0.7000000000000001,0.6500000000000001,776.0,31.0,31.0,31.0,31.0,34.0,34.0,34.0,34.0,89.78534919125619,174.2857142857143,6.126050420168068
Collab Apparel,C Boy,C B swimwear,Collab Boy,534.0,672.0,24.88888888888889,348.44444444444446,1.5325255102040816,314.0,28.0,11.214285714285714,240.6065051020408,238.0,26.0,0.8,0.2829850746268657,610.0,67.0,67.0,67.0,67.0,73.0,73.0,73.0,73.0,181.31168853303535,167.6065051020408,3.2959795219457644
Adult Sleep,S AU sleepwear,S AU Pajama,Sleep,44.0,45.0,1.6666666666666667,23.333333333333336,1.8857142857142855,364.0,28.0,13.0,343.19999999999993,1792.0,208.0,0.7000000000000001,0.35666015274034146,1838.0,171.0,171.0,171.0,171.0,181.0,181.0,181.0,181.0,238.51565062164732,162.19999999999993,1.8961325966850826
Boys,B swimwear,B swim cover up,Swim,909.0,1652.0,61.18518518518518,856.5925925925926,1.0611812521618817,837.0,28.0,29.892857142857142,444.1043540297475,144.0,20.0,0.62,0.5177777777777778,837.0,278.0,278.0,278.0,278.0,284.0,284.0,284.0,284.0,316.3627816378888,160.10435402974753,1.5637477254568575
Baby Accessories,BA sock,BA sock misc,Accessories,681.0,935.0,34.629629629629626,484.8148148148148,1.4046600458365166,479.0,28.0,17.107142857142858,336.41608097784575,392.0,44.0,0.6116666666666666,0.4802356902356903,2866.0,170.0,170.0,170.0,170.0,181.0,181.0,181.0,181.0,278.55842408367573,155.41608097784575,1.8586523810930704
Collab Sleepwear,CS AU sleep,CS AU top,Sleep,746.0,361.0,13.37037037037037,187.1851851851852,3.9853581321725366,126.0,28.0,4.5,251.0775623268698,1722.0,246.0,0.8,0.6603270042194094,2496.0,117.0,117.0,117.0,117.0,118.0,118.0,118.0,118.0,67.15247723445754,133.0775623268698,2.1277759519226254
Adult Sleep,S W sleepwear,S W LJ top,Sleep,169.0,110.0,4.074074074074074,57.03703703703704,2.962987012987013,193.0,28.0,6.892857142857143,285.92824675324675,1099.0,151.0,0.8,0.6285714285714287,5963.0,148.0,148.0,148.0,148.0,153.0,153.0,153.0,153.0,110.67723099753186,132.92824675324675,1.8688120702826585
Collab Accessories,CA non clothing,CA nc misc,Collab Access,463.0,356.0,13.185185185185185,184.59259259259258,2.5082263242375604,176.0,28.0,6.285714285714286,220.72391653290532,336.0,48.0,0.8,0.6932038834951457,1485.0,89.0,89.0,89.0,89.0,95.0,95.0,95.0,95.0,115.90020144910079,125.72391653290532,2.3234096477147927
Collab Accessories,CA misc,CA misc hat-glove,Collab Access,47.0,26.0,0.9629629629629629,13.481481481481481,3.4862637362637363,74.0,28.0,2.642857142857143,128.99175824175825,56.0,8.0,0.59,0.21772727272727274,513.0,2.0,2.0,2.0,2.0,4.0,4.0,4.0,4.0,53.97069466621217,124.99175824175825,32.24793956043956
Collab Sleepwear,CS AU sleep,CS AU misc,Sleep,76.0,39.0,1.4444444444444444,20.22222222222222,3.758241758241758,96.0,28.0,3.4285714285714284,180.39560439560438,434.0,56.0,0.6000000000000001,0.38623533548572714,2068.0,57.0,57.0,57.0,57.0,60.0,60.0,60.0,60.0,59.19366511778109,120.39560439560438,3.006593406593406
Boys,B outerwear,B ow,Outerwear,114.0,39.0,1.4444444444444444,20.22222222222222,5.637362637362638,44.0,28.0,1.5714285714285714,124.02197802197803,112.0,16.0,0.7000000000000001,0.7000000000000001,136.0,0.0,0.0,0.0,0.0,4.0,4.0,4.0,4.0,30.342971194828962,120.02197802197803,31.005494505494507
Boys,B sweater,B swtr pullover,Sweater,3.0,4.0,0.14814814814814814,2.074074074074074,1.4464285714285716,298.0,28.0,10.642857142857142,215.51785714285717,504.0,72.0,0.7000000000000001,0.6513157894736843,806.0,89.0,89.0,89.0,89.0,96.0,96.0,96.0,96.0,149.7251529449757,119.51785714285717,2.244977678571429
W Baby Sleepwear,WBS footless sleeper,WBS footless print,M&B,50.0,128.0,4.7407407407407405,66.37037037037037,0.7533482142857143,224.0,28.0,8.0,84.375,133.0,19.0,0.0,0.0,0.0,0.0,0.0,0.0,0.0,0.0,0.0,0.0,0.0,127.34099386682318,84.375,
Baby Apparel,Bby dress,Bby LS dress,Dress,112.0,97.0,3.5925925925925926,50.2962962962963,2.2268041237113403,490.0,28.0,17.5,545.5670103092783,2350.0,272.0,0.7000000000000001,0.37111130875240345,1919.0,450.0,450.0,450.0,450.0,463.0,463.0,463.0,463.0,272.0918892388761,82.56701030927832,1.1783304758299749
Collab Sleepwear,CS Kids Unisex sleep,CS KU set,Sleep,399.0,153.0,5.666666666666667,79.33333333333334,5.029411764705881,143.0,28.0,5.107142857142857,359.6029411764705,1246.0,169.0,0.7000000000000001,0.6029411764705882,1589.0,291.0,291.0,291.0,291.0,294.0,294.0,294.0,294.0,75.60871510842627,65.6029411764705,1.2231392557022807
Adult Apparel,O womens apparel,O womens apparel swim,Swim,274.0,957.0,35.44444444444444,496.2222222222222,0.5521719659650695,1050.0,28.0,37.5,289.8902821316615,308.0,44.0,0.49,0.49000000000000005,576.0,212.0,212.0,212.0,212.0,225.0,225.0,225.0,225.0,523.0431837928304,64.89028213166148,1.2884012539184955
Other,S Pet Johns,S pet johns print,Sleep,246.0,190.0,7.037037037037037,98.51851851851852,2.4969924812030073,114.0,28.0,4.071428571428571,142.32857142857142,1575.0,176.0,0.7000000000000001,0.27049180327868855,3371.0,84.0,84.0,84.0,84.0,85.0,85.0,85.0,85.0,55.21425905944286,57.32857142857142,1.674453781512605
Baby Accessories,BA moc-slipper,BA moc-slipper-misc,Accessories,222.0,411.0,15.222222222222221,213.1111111111111,1.0417101147028156,119.0,28.0,4.25,61.98175182481753,175.0,21.0,0.6000000000000001,0.4800888888888889,653.0,2.0,2.0,2.0,2.0,8.0,8.0,8.0,8.0,82.32396283187202,53.98175182481753,7.747718978102191
Collab Sleepwear,CS W sleep,CS W top,Sleep,680.0,233.0,8.62962962962963,120.81481481481481,5.62844880441447,29.0,28.0,1.0357142857142858,81.61250766400983,476.0,68.0,0.7000000000000001,0.7000000000000001,826.0,28.0,28.0,28.0,28.0,28.0,28.0,28.0,28.0,17.65861438387587,53.612507664009826,2.9147324165717796
Collab Apparel,C Baby,C Bby jkt-vest,Collab Baby,39.0,67.0,2.4814814814814814,34.74074074074074,1.1226012793176972,141.0,28.0,5.035714285714286,79.14339019189765,112.0,10.0,0.6428571428571428,0.6168181818181817,1442.0,30.0,30.0,30.0,30.0,34.0,34.0,34.0,34.0,54.219407544858306,45.14339019189765,2.327746770349931
Collab Apparel,C Boy,C B sweater,Collab Boy,73.0,131.0,4.851851851851852,67.92592592592592,1.074700109051254,89.0,28.0,3.1785714285714284,47.8241548527808,112.0,16.0,0.54,0.54,146.0,0.0,0.0,0.0,0.0,5.0,5.0,5.0,5.0,43.27604088442819,42.8241548527808,9.56483097055616
Adult Sleep,S AU sleepwear,S AU LJ bottom,Sleep,849.0,1222.0,45.25925925925926,633.6296296296297,1.3398994622398877,675.0,28.0,24.107142857142858,452.2160685059621,3640.0,435.0,0.8,0.371961257933125,6701.0,394.0,394.0,394.0,394.0,411.0,411.0,411.0,411.0,407.889120979668,41.216068505962085,1.1002824051239954
Adult Sleep,S W sleepwear,S W nightgown,Sleep,66.0,51.0,1.8888888888888888,26.444444444444443,2.495798319327731,54.0,28.0,1.9285714285714286,67.38655462184875,1008.0,111.0,0.7000000000000001,0.34123711340206186,852.0,28.0,28.0,28.0,28.0,28.0,28.0,28.0,28.0,34.32237725316718,39.386554621848745,2.4066626650660266
Kids Accessories,KA tight,KA tight footed,Accessories,21.0,12.0,0.4444444444444444,6.222222222222221,3.3750000000000004,23.0,28.0,0.8214285714285714,38.81250000000001,252.0,36.0,0.6000000000000001,0.6000000000000002,1.0,1.0,1.0,1.0,1.0,3.0,3.0,3.0,3.0,29.099406801598267,35.81250000000001,12.937500000000002
Collab Sleepwear,CS Kids Unisex sleep,CS KU 1pc,Sleep,18.0,6.0,0.2222222222222222,3.1111111111111107,5.7857142857142865,8.0,28.0,0.2857142857142857,23.142857142857146,35.0,5.0,0.2,0.2,37.0,0.0,0.0,0.0,0.0,0.0,0.0,0.0,0.0,4.228118936984363,23.142857142857146,
Collab Apparel,C Boy,C B top,Collab Boy,15.0,21.0,0.7777777777777778,10.88888888888889,1.3775510204081631,112.0,28.0,4.0,77.14285714285714,406.0,53.0,0.2,0.2,557.0,58.0,58.0,58.0,58.0,61.0,61.0,61.0,61.0,60.43722951101178,16.14285714285714,1.2646370023419202
Collab Sleepwear,CS W sleep,CS W bottom,Sleep,819.0,296.0,10.962962962962964,153.4814814814815,5.336148648648648,50.0,28.0,1.7857142857142858,133.4037162162162,518.0,68.0,0.7000000000000001,0.5365853658536587,2009.0,118.0,118.0,118.0,118.0,118.0,118.0,118.0,118.0,29.348119680244405,15.403716216216196,1.1305399679340356
W Baby Apparel,WBby dress,WBby SS dress,M&B,24.0,53.0,1.962962962962963,27.48148148148148,0.8733153638814016,35.0,28.0,1.25,15.283018867924529,112.0,16.0,0.0,0.0,0.0,0.0,0.0,0.0,0.0,0.0,0.0,0.0,0.0,14.674059840122203,15.283018867924529,
Collab Apparel,C Girl,C G pant,Collab Girl,33.0,64.0,2.3703703703703702,33.18518518518518,0.9944196428571429,487.0,28.0,17.392857142857142,242.1411830357143,168.0,16.0,0.2,0.2,631.0,234.0,234.0,234.0,234.0,237.0,237.0,237.0,237.0,121.62059765796198,5.141183035714306,1.0216927554249549
W Baby Apparel,WBby pant,WBby k pant,M&B,12.0,30.0,1.1111111111111112,15.555555555555557,0.7714285714285714,3.0,28.0,0.10714285714285714,1.157142857142857,56.0,8.0,0.0,0.0,0.0,0.0,0.0,0.0,0.0,0.0,0.0,0.0,0.0,7.212673480738031,1.157142857142857,
Collab Sleepwear,CS Kids Unisex sleep,CS KU nightgown,Sleep,246.0,231.0,8.555555555555555,119.77777777777777,2.0538033395176254,29.0,28.0,1.0357142857142858,29.78014842300557,252.0,36.0,0.7000000000000001,0.7000000000000001,37.0,28.0,28.0,28.0,28.0,29.0,29.0,29.0,29.0,13.927921204183786,0.7801484230055706,1.0269016697588127
W Baby Sleepwear,WBS footless sleeper,WBS footless print,M+B,3.0,11.0,0.4074074074074074,5.703703703703703,0.525974025974026,2.0,28.0,0.07142857142857142,0.525974025974026,42.0,6.0,0.0,0.0,0.0,0.0,0.0,0.0,0.0,0.0,0.0,0.0,0.0,1.243564393230695,0.525974025974026,
W Kids Unisex Slee,WS KU SJ,WS KU SJ print,M+B,0.0,0.0,0.0,0.0,0.0,0.0,0.0,0.0,0.0,35.0,5.0,0.0,0.0,0.0,0.0,0.0,0.0,0.0,0.0,0.0,0.0,0.0,0.497425757292278,0.0,
W Baby Sleepwear,WBS 1pc,WBS misc,M&B,0.0,4.0,0.14814814814814814,2.074074074074074,0.0,0.0,0.0,0.0,0.0,0.0,0.0,0.0,0.0,0.0,0.0,0.0,0.0,0.0,0.0,0.0,0.0,0.0,0.0,0.0,
W Baby Apparel,WBby top,WBby LS top,M&B,0.0,0.0,0.0,0.0,0.0,4.0,28.0,0.14285714285714285,0.0,0.0,0.0,0.0,0.0,0.0,0.0,0.0,0.0,0.0,0.0,0.0,0.0,0.0,1.740990150522973,0.0,
W Baby Apparel,WBby swimwear,WBby swim rash guard,M&B,0.0,0.0,0.0,0.0,0.0,0.0,0.0,0.0,0.0,0.0,0.0,0.0,0.0,0.0,0.0,0.0,0.0,0.0,0.0,0.0,0.0,0.0,8.704950752614867,0.0,
W Baby Apparel,WBby swimwear,WBby swim 2pc,M&B,0.0,0.0,0.0,0.0,0.0,33.0,28.0,1.1785714285714286,0.0,0.0,0.0,0.0,0.0,0.0,0.0,0.0,0.0,0.0,0.0,0.0,0.0,0.0,25.120000743260043,0.0,
W Baby Apparel,WBby sets,WBby SS set,Other,0.0,0.0,0.0,0.0,0.0,0.0,0.0,0.0,0.0,0.0,0.0,0.0,0.0,0.0,0.0,0.0,0.0,0.0,0.0,0.0,0.0,0.0,34.32237725316718,0.0,
W Baby Apparel,WBby dress,WBby SS dress,M+B,0.0,0.0,0.0,0.0,0.0,0.0,0.0,0.0,0.0,35.0,5.0,0.0,0.0,0.0,0.0,0.0,0.0,0.0,0.0,0.0,0.0,0.0,0.248712878646139,0.0,
W Baby Apparel,WBby sets,WBby LS set,Other,0.0,0.0,0.0,0.0,0.0,18.0,28.0,0.6428571428571429,0.0,0.0,0.0,0.0,0.0,0.0,0.0,0.0,0.0,0.0,0.0,0.0,0.0,0.0,13.927921204183784,0.0,
W Baby Apparel,WBby sets,WBby SL set,Other,0.0,85.0,3.1481481481481484,44.074074074074076,0.0,1.0,28.0,0.03571428571428571,0.0,196.0,28.0,0.0,0.0,0.0,0.0,0.0,0.0,0.0,0.0,0.0,0.0,0.0,1.243564393230695,0.0,
W Baby Apparel,WBby swimwear,WBby swim 1pc,M&B,0.0,0.0,0.0,0.0,0.0,38.0,28.0,1.3571428571428572,0.0,0.0,0.0,0.0,0.0,0.0,0.0,0.0,0.0,0.0,0.0,0.0,0.0,0.0,31.586535588059657,0.0,
W Baby Apparel,WBby sweater,WBby swtr cardigan,Other,0.0,0.0,0.0,0.0,0.0,15.0,28.0,0.5357142857142857,0.0,0.0,0.0,0.0,0.0,0.0,0.0,0.0,0.0,0.0,0.0,0.0,0.0,0.0,9.699802267199422,0.0,
W Baby Sleepwear,WBS footless sleeper,WBS footless stripe,M&B,0.0,10.0,0.37037037037037035,5.185185185185185,0.0,5.0,28.0,0.17857142857142858,0.0,0.0,0.0,0.0,0.0,0.0,0.0,0.0,0.0,0.0,0.0,0.0,0.0,0.0,17.409901505229733,0.0,
W Baby Apparel,WBby swimwear,WBby swim rash guard,M+B,0.0,0.0,0.0,0.0,0.0,0.0,0.0,0.0,0.0,0.0,0.0,0.0,0.0,0.0,0.0,0.0,0.0,0.0,0.0,0.0,0.0,0.0,0.248712878646139,0.0,
Baby Accessories,BA tight,BA tight footed,Accessories,0.0,22.0,0.8148148148148148,11.407407407407407,0.0,0.0,0.0,0.0,0.0,14.0,2.0,0.0,0.0,0.0,0.0,0.0,0.0,0.0,0.0,0.0,0.0,0.0,0.0,0.0,
Baby Accessories,BA non clothing,BA nc blankets,Accessories,261.0,283.0,10.481481481481481,146.74074074074073,1.7786471479050985,0.0,0.0,0.0,0.0,14.0,2.0,0.0,0.0,0.0,0.0,0.0,0.0,0.0,0.0,0.0,0.0,0.0,0.0,0.0,
Adult Apparel,O womens apparel,O womens apparel dress,Dress,147.0,293.0,10.851851851851851,151.92592592592592,0.9675767918088737,0.0,0.0,0.0,0.0,0.0,0.0,0.0,0.0,0.0,0.0,0.0,0.0,0.0,0.0,0.0,0.0,0.0,0.0,0.0,
Adult Sleep,S W sleepwear,S W Tank John,Sleep,329.0,313.0,11.592592592592593,162.2962962962963,2.027156549520767,0.0,0.0,0.0,0.0,0.0,0.0,0.0,0.0,0.0,0.0,0.0,0.0,0.0,0.0,0.0,0.0,0.0,0.0,0.0,
Baby Accessories,BA non clothing,BA nc misc,Accessories,25.0,66.0,2.4444444444444446,34.22222222222223,0.7305194805194803,0.0,0.0,0.0,0.0,7.0,1.0,0.0,0.0,0.0,0.0,0.0,0.0,0.0,0.0,0.0,0.0,0.0,0.0,0.0,
Adult Sleep,S W sleepwear,S W misc,Sleep,0.0,0.0,0.0,0.0,0.0,0.0,0.0,0.0,0.0,203.0,29.0,0.0,0.0,0.0,0.0,0.0,0.0,0.0,0.0,0.0,0.0,0.0,0.497425757292278,0.0,
Baby Accessories,BA hats,BA misc hat,Accessories,390.0,333.0,12.333333333333334,172.66666666666669,2.2586872586872584,0.0,0.0,0.0,0.0,133.0,19.0,0.0,0.0,0.0,0.0,0.0,0.0,0.0,0.0,0.0,0.0,0.0,0.0,0.0,
Baby Accessories,BA hats,BA swim hat,Accessories,7.0,447.0,16.555555555555557,231.7777777777778,0.030201342281879193,0.0,0.0,0.0,0.0,63.0,9.0,0.0,0.0,0.0,0.0,0.0,0.0,0.0,0.0,0.0,0.0,0.0,0.0,0.0,
Baby Sleepwear,BS footless sleeper,BS footless solid,Sleep,1403.0,1411.0,52.25925925925926,731.6296296296297,1.917636934291789,0.0,0.0,0.0,0.0,112.0,16.0,0.0,0.0,0.0,0.0,0.0,0.0,0.0,0.0,0.0,0.0,0.0,0.0,0.0,
Baby Apparel,Bby short,Bby w short,Short,0.0,0.0,0.0,0.0,0.0,0.0,0.0,0.0,0.0,49.0,7.0,0.0,0.0,0.0,0.0,0.0,0.0,0.0,0.0,0.0,0.0,0.0,0.0,0.0,
Collab Apparel,C Baby,C Bby sweater,Collab Baby,0.0,0.0,0.0,0.0,0.0,19.0,28.0,0.6785714285714286,0.0,42.0,6.0,0.6,0.6,238.0,0.0,0.0,0.0,0.0,0.0,0.0,0.0,0.0,8.456237873968727,0.0,
Collab Accessories,CA misc,CA misc sock/tight,Collab Access,0.0,0.0,0.0,0.0,0.0,0.0,0.0,0.0,0.0,77.0,11.0,0.0,0.0,0.0,0.0,0.0,0.0,0.0,0.0,0.0,0.0,0.0,0.0,0.0,
Collab Apparel,C Baby-Toddler,C BT jkt-vest,Collab Baby,179.0,227.0,8.407407407407407,117.7037037037037,1.5207677784770297,0.0,0.0,0.0,0.0,0.0,0.0,0.0,0.0,0.0,0.0,0.0,0.0,0.0,0.0,0.0,0.0,0.0,0.0,0.0,
Adult Apparel,O unisex apparel,O unisex apparel swim,Swim,12.0,125.0,4.62962962962963,64.81481481481481,0.18514285714285716,0.0,0.0,0.0,0.0,0.0,0.0,0.0,0.0,0.0,0.0,0.0,0.0,0.0,0.0,0.0,0.0,0.0,0.0,0.0,
W Baby Apparel,WBby dress,WBby SL dress,Other,0.0,0.0,0.0,0.0,0.0,18.0,28.0,0.6428571428571429,0.0,0.0,0.0,0.0,0.0,0.0,0.0,0.0,0.0,0.0,0.0,0.0,0.0,0.0,28.601981044305987,0.0,
Girls,G outerwear,G vest,Jacket,0.0,0.0,0.0,0.0,0.0,1.0,28.0,0.03571428571428571,0.0,112.0,16.0,0.0,0.0,0.0,0.0,0.0,0.0,0.0,0.0,0.0,0.0,0.0,1.243564393230695,0.0,
Collab Sleepwear,CS W sleep,CS W nightgown,Sleep,72.0,26.0,0.9629629629629629,13.481481481481481,5.340659340659341,0.0,0.0,0.0,0.0,0.0,0.0,0.0,0.0,0.0,0.0,0.0,0.0,0.0,0.0,0.0,0.0,0.0,0.0,0.0,
Girls,G 1pc,G SS 1pc,1pc,65.0,44.0,1.6296296296296295,22.814814814814813,2.8490259740259742,0.0,0.0,0.0,0.0,56.0,8.0,0.0,0.0,0.0,0.0,0.0,0.0,0.0,0.0,0.0,0.0,0.0,0.0,0.0,
Girls,G skirt,G w skirt,Skirt,2.0,0.0,0.0,0.0,0.0,4.0,28.0,0.14285714285714285,0.0,112.0,16.0,0.7000000000000001,0.7000000000000001,0.0,0.0,0.0,0.0,0.0,0.0,0.0,0.0,0.0,9.948515145845562,0.0,
Collab Apparel,C Boy,C B pant,Collab Boy,18.0,18.0,0.6666666666666666,9.333333333333332,1.9285714285714288,0.0,0.0,0.0,0.0,0.0,0.0,0.0,0.0,0.0,0.0,0.0,0.0,0.0,0.0,0.0,0.0,0.0,0.0,0.0,
Collab Apparel,C Kids Unisex,C KU sweater,Collab Kids Uni,0.0,0.0,0.0,0.0,0.0,0.0,0.0,0.0,0.0,56.0,8.0,0.0,0.0,0.0,0.0,0.0,0.0,0.0,0.0,0.0,0.0,0.0,0.0,0.0,
Collab Apparel,C Girl,C G jkt-vest,Collab Girl,186.0,129.0,4.777777777777778,66.88888888888889,2.780730897009967,0.0,0.0,0.0,0.0,0.0,0.0,0.0,0.0,0.0,0.0,0.0,0.0,0.0,0.0,0.0,0.0,0.0,0.0,0.0,
Girls,G 1pc,G LS 1pc,1pc,15.0,15.0,0.5555555555555556,7.777777777777779,1.9285714285714284,0.0,0.0,0.0,0.0,77.0,11.0,0.0,0.0,0.0,0.0,0.0,0.0,0.0,0.0,0.0,0.0,0.0,0.0,0.0,
W Girls,WG dress,WG SS dress,M&B,0.0,0.0,0.0,0.0,0.0,10.0,28.0,0.35714285714285715,0.0,0.0,0.0,0.0,0.0,0.0,0.0,0.0,0.0,0.0,0.0,0.0,0.0,0.0,23.876436350029348,0.0,
W Baby Apparel,WBby bodysuit,WBby LS bodysuit,M&B,0.0,34.0,1.2592592592592593,17.62962962962963,0.0,3.0,28.0,0.10714285714285714,0.0,0.0,0.0,0.0,0.0,0.0,0.0,0.0,0.0,0.0,0.0,0.0,0.0,0.0,1.740990150522973,0.0,
W Baby Apparel,WBby dress,WBby LS dress,M&B,0.0,0.0,0.0,0.0,0.0,0.0,0.0,0.0,0.0,49.0,7.0,0.0,0.0,0.0,0.0,0.0,0.0,0.0,0.0,0.0,0.0,0.0,0.0,0.0,
Boys,B top,B SL top,Top,22.0,22.0,0.8148148148148148,11.407407407407407,1.9285714285714288,0.0,0.0,0.0,0.0,77.0,11.0,0.0,0.0,0.0,0.0,0.0,0.0,0.0,0.0,0.0,0.0,0.0,0.0,0.0,
Collab Accessories,CA misc,CA misc hat/glove,Collab Access,32.0,8.0,0.2962962962962963,4.148148148148148,7.714285714285714,0.0,0.0,0.0,0.0,28.0,4.0,0.59,0.59,198.0,0.0,0.0,0.0,0.0,0.0,0.0,0.0,0.0,0.0,0.0,
Collab Apparel,C Baby,C Bby jkt/vest,Collab Baby,110.0,203.0,7.518518518518518,105.25925925925925,1.0450387051372274,0.0,0.0,0.0,0.0,21.0,3.0,0.0,0.0,0.0,0.0,0.0,0.0,0.0,0.0,0.0,0.0,0.0,0.0,0.0,
Collab Apparel,C Baby/Toddler,C BT set,Collab Baby,131.0,84.0,3.111111111111111,43.55555555555556,3.00765306122449,0.0,0.0,0.0,0.0,79.0,11.0,0.7000000000000001,0.5840826873385013,1357.0,0.0,0.0,0.0,0.0,0.0,0.0,0.0,0.0,3.4819803010459465,0.0,
Collab Apparel,C Baby/Toddler,C BT jkt/vest,Collab Baby,89.0,88.0,3.259259259259259,45.629629629629626,1.950487012987013,0.0,0.0,0.0,0.0,0.0,0.0,0.0,0.0,0.0,0.0,0.0,0.0,0.0,0.0,0.0,0.0,0.0,0.0,0.0,
Baby Apparel,Bby outerwear,Bby vest,Jacket,1.0,0.0,0.0,0.0,0.0,0.0,0.0,0.0,0.0,0.0,0.0,0.0,0.0,0.0,0.0,0.0,0.0,0.0,0.0,0.0,0.0,0.0,0.0,0.0,
W Kids Unisex Sleep,WS KU SJ,WS KU SJ print,M&B,0.0,24.0,0.8888888888888888,12.444444444444443,0.0,0.0,0.0,0.0,0.0,63.0,9.0,0.0,0.0,0.0,0.0,0.0,0.0,0.0,0.0,0.0,0.0,0.0,3.2332674223998072,0.0,
W Kids Unisex Slee,WS KU non cotton,WS KU non cttn PJ,Other,2.0,0.0,0.0,0.0,0.0,0.0,0.0,0.0,0.0,35.0,5.0,0.0,0.0,0.0,0.0,0.0,0.0,0.0,0.0,0.0,0.0,0.0,0.0,0.0,
W Kids Unisex Sleep,WS KU LJ,WS KU LJ print,M&B,33.0,27.0,1.0,14.0,2.357142857142857,0.0,0.0,0.0,0.0,0.0,0.0,0.0,0.0,0.0,0.0,0.0,0.0,0.0,0.0,0.0,0.0,0.0,0.0,0.0,
W Kids Unisex Sleep,WS KU LJ,WS KU LJ stripe,M&B,0.0,12.0,0.4444444444444444,6.222222222222221,0.0,0.0,0.0,0.0,0.0,0.0,0.0,0.0,0.0,0.0,0.0,0.0,0.0,0.0,0.0,0.0,0.0,0.0,0.0,0.0,
W Kids Unisex Sleep,WS KU non cotton,WS KU non cttn PJ,Other,34.0,0.0,0.0,0.0,0.0,2.0,28.0,0.07142857142857142,0.0,168.0,24.0,0.0,0.0,0.0,0.0,0.0,0.0,0.0,0.0,0.0,0.0,0.0,25.36871362190618,0.0,
W Kids Unisex Sleep,WS KU SJ,WS KU SJ stripe,M&B,0.0,0.0,0.0,0.0,0.0,0.0,0.0,0.0,0.0,0.0,0.0,0.0,0.0,0.0,0.0,0.0,0.0,0.0,0.0,0.0,0.0,0.0,0.497425757292278,0.0,
W Kids Unisex Sleep,WS KU non cotton,WS KU non cttn nightgown,Other,0.0,0.0,0.0,0.0,0.0,0.0,0.0,0.0,0.0,84.0,12.0,0.0,0.0,0.0,0.0,0.0,0.0,0.0,0.0,0.0,0.0,0.0,10.1972280244917,0.0,
W Baby Apparel,WBby 1pc,WBby SS 1pc,M&B,0.0,0.0,0.0,0.0,0.0,10.0,28.0,0.35714285714285715,0.0,0.0,0.0,0.0,0.0,0.0,0.0,0.0,0.0,0.0,0.0,0.0,0.0,0.0,7.4613863593841705,0.0,
Kids Accessories,KA shoes,KA B shoe,Accessories,0.0,5.0,0.18518518518518517,2.5925925925925926,0.0,0.0,0.0,0.0,0.0,7.0,1.0,0.0,0.0,0.0,0.0,0.0,0.0,0.0,0.0,0.0,0.0,0.0,0.0,0.0,
Kids Unders,U B underwear,U B unders top,Underwear,89.0,55.0,2.037037037037037,28.51851851851852,3.120779220779221,0.0,0.0,0.0,0.0,35.0,5.0,0.0,0.0,0.0,0.0,0.0,0.0,0.0,0.0,0.0,0.0,0.0,0.0,0.0,
Kids Unisex Sleep,S KU LJ,S KU LJ misc,Sleep,391.0,88.0,3.259259259259259,45.629629629629626,8.568993506493507,0.0,0.0,0.0,0.0,0.0,0.0,0.0,0.0,0.0,0.0,0.0,0.0,0.0,0.0,0.0,0.0,0.0,0.0,0.0,
Kids Unisex Sleep,S KU non cotton,S KU non cttn 1pc,Sleep,0.0,9.0,0.3333333333333333,4.666666666666666,0.0,0.0,0.0,0.0,0.0,105.0,15.0,0.0,0.0,0.0,0.0,0.0,0.0,0.0,0.0,0.0,0.0,0.0,0.0,0.0,
Kids Unders,U G underwear,U G unders top,Underwear,1019.0,1577.0,58.407407407407405,817.7037037037037,1.2461726605670804,0.0,0.0,0.0,0.0,77.0,11.0,0.0,0.0,0.0,0.0,0.0,0.0,0.0,0.0,0.0,0.0,0.0,0.0,0.0,
Kids Accessories,KA shoes,KA G shoe,Accessories,0.0,0.0,0.0,0.0,0.0,0.0,0.0,0.0,0.0,7.0,1.0,0.0,0.0,0.0,0.0,0.0,0.0,0.0,0.0,0.0,0.0,0.0,0.0,0.0,
Kids Accessories,KA costume accessories,KA costume accessories misc,Accessories,0.0,0.0,0.0,0.0,0.0,19.0,28.0,0.6785714285714286,0.0,98.0,8.0,0.7000000000000001,0.2384615384615385,805.0,0.0,0.0,0.0,0.0,1.0,1.0,1.0,1.0,16.663762869291315,-1.0,0.0
Collab Apparel,C Baby,C Bby dress,Collab Baby,0.0,0.0,0.0,0.0,0.0,38.0,28.0,1.3571428571428572,0.0,42.0,6.0,0.6,0.6,488.0,0.0,0.0,0.0,0.0,1.0,1.0,1.0,1.0,14.176634082829924,-1.0,0.0
Collab Apparel,C Kids Unisex,C KU pant,Collab Kids Uni,0.0,0.0,0.0,0.0,0.0,23.0,28.0,0.8214285714285714,0.0,112.0,16.0,0.5002500000000001,0.5002500000000001,25.0,0.0,0.0,0.0,0.0,2.0,2.0,2.0,2.0,14.425346961476063,-2.0,0.0
Collab Apparel,C Baby-Toddler,C BT top,Collab Baby,3.0,33.0,1.2222222222222223,17.111111111111114,0.1753246753246753,527.0,28.0,18.821428571428573,46.19805194805194,326.0,38.0,0.7000000000000001,0.436319018404908,614.0,38.0,38.0,38.0,38.0,49.0,49.0,49.0,49.0,266.86891878730717,-2.8019480519480595,0.9428173866949375
Collab Sleepwear,CS Baby sleep,CS Bby footed,Sleep,0.0,0.0,0.0,0.0,0.0,71.0,28.0,2.5357142857142856,0.0,42.0,6.0,0.5,0.5,76.0,2.0,2.0,2.0,2.0,3.0,3.0,3.0,3.0,36.80950603962858,-3.0,0.0
Kids Unisex,KU outerwear,KU vest,Jacket,0.0,0.0,0.0,0.0,0.0,61.0,28.0,2.1785714285714284,0.0,168.0,24.0,0.6000000000000001,0.6000000000000002,1107.0,0.0,0.0,0.0,0.0,3.0,3.0,3.0,3.0,34.32237725316718,-3.0,0.0
Collab Apparel,C Girl,C G set,Collab Girl,0.0,4.0,0.14814814814814814,2.074074074074074,0.0,158.0,28.0,5.642857142857143,0.0,140.0,14.0,0.62,0.5995652173913043,4443.0,5.0,5.0,5.0,5.0,8.0,8.0,8.0,8.0,86.55208176885638,-8.0,0.0
Adult Sleep,S AU sleepwear,S AU misc,Sleep,6.0,3.0,0.1111111111111111,1.5555555555555554,3.8571428571428577,6.0,28.0,0.21428571428571427,11.571428571428573,154.0,20.0,0.5001,0.3909727272727273,6.0,28.0,28.0,28.0,28.0,28.0,28.0,28.0,28.0,5.969109087507337,-16.428571428571427,0.41326530612244905
Baby Apparel,Bby 1pc,Bby LS 1pc,1pc,120.0,101.0,3.740740740740741,52.370370370370374,2.2913719943422914,164.0,28.0,5.857142857142857,187.8925035360679,924.0,122.0,0.7000000000000001,0.4799023998004903,919.0,204.0,204.0,204.0,204.0,207.0,207.0,207.0,207.0,96.74930979334808,-19.107496463932108,0.9076932537974294
Boys,B sweater,B swtr cardigan,Sweater,2.0,15.0,0.5555555555555556,7.777777777777779,0.2571428571428571,95.0,28.0,3.392857142857143,12.214285714285714,448.0,64.0,0.7000000000000001,0.7000000000000001,355.0,29.0,29.0,29.0,29.0,36.0,36.0,36.0,36.0,69.14218026362664,-23.785714285714285,0.33928571428571425
Collab Apparel,C Girl,C G top,Collab Girl,41.0,73.0,2.7037037037037037,37.851851851851855,1.083170254403131,0.0,0.0,0.0,0.0,112.0,16.0,0.0,0.0,0.0,24.0,24.0,24.0,24.0,24.0,24.0,24.0,24.0,0.0,-24.0,0.0
Collab Apparel,C Baby,C Bby 1pc,Collab Baby,319.0,255.0,9.444444444444445,132.22222222222223,2.4126050420168066,0.0,0.0,0.0,0.0,91.0,13.0,0.0,0.0,0.0,28.0,28.0,28.0,28.0,28.0,28.0,28.0,28.0,0.248712878646139,-28.0,0.0
Baby Accessories,BA hats,BA sweater hat,Accessories,23.0,22.0,0.8148148148148148,11.407407407407407,2.0162337662337664,0.0,0.0,0.0,0.0,49.0,7.0,0.7000000000000001,0.7000000000000001,2.0,28.0,28.0,28.0,28.0,28.0,28.0,28.0,28.0,0.0,-28.0,0.0
Adult Apparel,O unisex apparel,O unisex apparel top,Top,0.0,1.0,0.037037037037037035,0.5185185185185185,0.0,14.0,28.0,0.5,0.0,280.0,33.0,0.6000000000000001,0.3280952380952381,2003.0,28.0,28.0,28.0,28.0,28.0,28.0,28.0,28.0,13.927921204183786,-28.0,0.0
Collab Apparel,C Baby-Toddler,C BT swimwear,Collab Baby,0.0,0.0,0.0,0.0,0.0,0.0,0.0,0.0,0.0,49.0,7.0,0.52,0.52,224.0,28.0,28.0,28.0,28.0,28.0,28.0,28.0,28.0,12.43564393230695,-28.0,0.0
Collab Accessories,CA misc,CA misc sock-tight,Collab Access,0.0,0.0,0.0,0.0,0.0,0.0,0.0,0.0,0.0,56.0,8.0,0.5003846153846154,0.5003846153846154,3.0,28.0,28.0,28.0,28.0,28.0,28.0,28.0,28.0,0.0,-28.0,0.0
Kids Unisex,KU sweater,KU swtr cardigan,Sweater,3.0,0.0,0.0,0.0,0.0,1.0,28.0,0.03571428571428571,0.0,112.0,16.0,0.0,0.0,0.0,28.0,28.0,28.0,28.0,28.0,28.0,28.0,28.0,0.746138635938417,-28.0,0.0
Collab Apparel,C Boy,C B jkt-vest,Collab Boy,0.0,2.0,0.07407407407407407,1.037037037037037,0.0,24.0,28.0,0.8571428571428571,0.0,21.0,3.0,0.5,0.5,66.0,28.0,28.0,28.0,28.0,29.0,29.0,29.0,29.0,8.953663631261005,-29.0,0.0
Baby Accessories,BA hats,BA sun hat,Accessories,743.0,567.0,21.0,294.0,2.5272108843537415,0.0,0.0,0.0,0.0,28.0,4.0,0.0,0.0,0.0,29.0,29.0,29.0,29.0,29.0,29.0,29.0,29.0,0.0,-29.0,0.0
Baby Apparel,Bby outerwear,Bby OW,Outerwear,9.0,262.0,9.703703703703704,135.85185185185185,0.06624863685932389,33.0,28.0,1.1785714285714286,1.0931025081788441,273.0,34.0,0.6000000000000001,0.49705882352941183,1482.0,28.0,28.0,28.0,28.0,31.0,31.0,31.0,31.0,29.348119680244405,-29.906897491821155,0.03526137123157562
Kids Unisex,KU top,KU SL top,Top,0.0,0.0,0.0,0.0,0.0,359.0,28.0,12.821428571428571,0.0,112.0,16.0,0.48,0.48,98.0,15.0,15.0,15.0,15.0,31.0,31.0,31.0,31.0,290.4966422586904,-31.0,0.0
Kids Accessories,KA hats,KA sun hat,Accessories,1111.0,1627.0,60.25925925925926,843.6296296296297,1.3169286153305821,30.0,28.0,1.0714285714285714,19.753929229958732,84.0,12.0,0.53,0.53,28.0,53.0,53.0,53.0,53.0,53.0,53.0,53.0,53.0,18.15604014116815,-33.24607077004127,0.372715645848278
Collab Apparel,C Boy,C B set,Collab Boy,0.0,0.0,0.0,0.0,0.0,125.0,28.0,4.464285714285714,0.0,96.0,8.0,0.5001249999999999,0.5001041666666666,652.0,32.0,32.0,32.0,32.0,39.0,39.0,39.0,39.0,104.4594090313784,-39.0,0.0
Collab Apparel,C Boy,C B jkt/vest,Collab Boy,1.0,8.0,0.2962962962962963,4.148148148148148,0.24107142857142858,0.0,0.0,0.0,0.0,35.0,5.0,0.5,0.5,66.0,42.0,42.0,42.0,42.0,42.0,42.0,42.0,42.0,0.0,-42.0,0.0
Other,S Pet Johns,S pet johns stripe,Sleep,131.0,64.0,2.3703703703703702,33.18518518518518,3.9475446428571432,0.0,0.0,0.0,0.0,175.0,25.0,0.0,0.0,0.0,43.0,43.0,43.0,43.0,43.0,43.0,43.0,43.0,1.492277271876834,-43.0,0.0
Collab Apparel,C Girl,C G skirt,Collab Girl,38.0,41.0,1.5185185185185186,21.25925925925926,1.7874564459930313,13.0,28.0,0.4642857142857143,11.618466898954704,224.0,32.0,0.6000000000000001,0.6000000000000002,0.0,59.0,59.0,59.0,59.0,59.0,59.0,59.0,59.0,9.202376509907143,-47.38153310104529,0.1969231677788933
Adult Apparel,O womens apparel,O womens apparel top,Top,21.0,106.0,3.925925925925926,54.96296296296296,0.38207547169811323,69.0,28.0,2.4642857142857144,13.181603773584907,224.0,32.0,0.49,0.48999999999999994,146.0,58.0,58.0,58.0,58.0,62.0,62.0,62.0,62.0,51.23485300110464,-48.81839622641509,0.21260651247717594
Kids Accessories,KA hats,KA sweater hat,Accessories,0.0,0.0,0.0,0.0,0.0,4.0,28.0,0.14285714285714285,0.0,56.0,8.0,0.0,0.0,0.0,56.0,56.0,56.0,56.0,56.0,56.0,56.0,56.0,0.994851514584556,-56.0,0.0
Girls,G sets,G LS set,Set,0.0,0.0,0.0,0.0,0.0,675.0,28.0,24.107142857142858,0.0,462.0,66.0,0.6068539325842697,0.5222558168192053,919.0,34.0,34.0,34.0,34.0,56.0,56.0,56.0,56.0,311.6372369436122,-56.0,0.0
Collab Apparel,C Girl,C G short,Collab Girl,0.0,0.0,0.0,0.0,0.0,212.0,28.0,7.571428571428571,0.0,112.0,8.0,0.2,0.2,559.0,53.0,53.0,53.0,53.0,57.0,57.0,57.0,57.0,52.72713027298147,-57.0,0.0
Collab Apparel,C Baby-Toddler,C BT pant,Collab Baby,0.0,0.0,0.0,0.0,0.0,73.0,28.0,2.607142857142857,0.0,35.0,5.0,0.5,0.5,467.0,56.0,56.0,56.0,56.0,59.0,59.0,59.0,59.0,54.96554618079672,-59.0,0.0
Collab Apparel,C Kids Unisex,C KU jkt/vest,Collab Kids Uni,167.0,189.0,7.0,98.0,1.7040816326530612,0.0,0.0,0.0,0.0,154.0,22.0,0.7000000000000001,0.7000000000000001,210.0,59.0,59.0,59.0,59.0,59.0,59.0,59.0,59.0,0.0,-59.0,0.0
Collab Apparel,C Adult,C Womens,Collab Adult,1.0,3.0,0.1111111111111111,1.5555555555555554,0.6428571428571429,1.0,28.0,0.03571428571428571,0.32142857142857145,84.0,12.0,0.2,0.2,166.0,64.0,64.0,64.0,64.0,64.0,64.0,64.0,64.0,9.699802267199422,-63.67857142857143,0.005022321428571429
Baby Apparel,Bby top,Bby SL top,Top,0.0,0.0,0.0,0.0,0.0,0.0,0.0,0.0,0.0,49.0,7.0,0.0,0.0,0.0,70.0,70.0,70.0,70.0,70.0,70.0,70.0,70.0,0.0,-70.0,0.0
Baby Accessories,BA hats,BA pilot/knot hat,Accessories,258.0,221.0,8.185185185185185,114.5925925925926,2.251454427925016,3.0,28.0,0.10714285714285714,3.3771816418875242,70.0,9.0,0.7000000000000001,0.6450000000000001,1364.0,78.0,78.0,78.0,78.0,78.0,78.0,78.0,78.0,7.4613863593841705,-74.62281835811248,0.04329720053701954
Collab Sleepwear,CS W sleep,CS W SJ,Sleep,74.0,46.0,1.7037037037037037,23.85185185185185,3.1024844720496896,0.0,0.0,0.0,0.0,0.0,0.0,0.0,0.0,0.0,84.0,84.0,84.0,84.0,84.0,84.0,84.0,84.0,0.0,-84.0,0.0
Collab Apparel,C Baby-Toddler,C BT set,Collab Baby,0.0,3.0,0.1111111111111111,1.5555555555555554,0.0,625.0,28.0,22.321428571428573,0.0,491.0,53.0,0.7000000000000001,0.3640431253170979,1357.0,68.0,68.0,68.0,68.0,86.0,86.0,86.0,86.0,304.92198922016644,-86.0,0.0
Kids Unisex,KU sweater,KU swtr pullover,Sweater,0.0,9.0,0.3333333333333333,4.666666666666666,0.0,95.0,28.0,3.392857142857143,0.0,728.0,88.0,0.7000000000000001,0.38333333333333336,2336.0,87.0,87.0,87.0,87.0,89.0,89.0,89.0,89.0,50.240001486520086,-89.0,0.0
Kids Unisex,KU outerwear,KU ow,Outerwear,3.0,0.0,0.0,0.0,0.0,315.0,28.0,11.25,0.0,896.0,88.0,0.7000000000000001,0.4253623188405796,4433.0,79.0,79.0,79.0,79.0,93.0,93.0,93.0,93.0,241.99763092269328,-93.0,0.0
Collab Apparel,C Adult,C Adult Unisex,Collab Adult,266.0,382.0,14.148148148148149,198.07407407407408,1.3429319371727748,235.0,28.0,8.392857142857142,157.79450261780104,413.0,58.0,0.6026923076923076,0.5366646316646317,526.0,261.0,261.0,261.0,261.0,267.0,267.0,267.0,267.0,121.86931053660813,-109.20549738219896,0.5909906465086181
Collab Apparel,C Baby/Toddler,C BT top,Collab Baby,0.0,0.0,0.0,0.0,0.0,1.0,28.0,0.03571428571428571,0.0,168.0,24.0,0.7000000000000001,0.5583333333333333,614.0,119.0,119.0,119.0,119.0,120.0,120.0,120.0,120.0,18.902178777106567,-120.0,0.0
Girls,G outerwear,G jkt,Jacket,0.0,1.0,0.037037037037037035,0.5185185185185185,0.0,138.0,28.0,4.928571428571429,0.0,357.0,51.0,0.7000000000000001,0.6350505050505051,343.0,130.0,130.0,130.0,130.0,137.0,137.0,137.0,137.0,139.77663779913013,-137.0,0.0
Collab Apparel,C Kids Unisex,C KU set,Collab Kids Uni,0.0,0.0,0.0,0.0,0.0,247.0,28.0,8.821428571428571,0.0,176.0,24.0,0.58,0.508,218.0,150.0,150.0,150.0,150.0,157.0,157.0,157.0,157.0,182.3065400476199,-157.0,0.0
Collab Sleepwear,CS AU sleep,CS AU Pajama,Sleep,0.0,0.0,0.0,0.0,0.0,243.0,28.0,8.678571428571429,0.0,728.0,104.0,0.6000000000000001,0.4988181818181818,1723.0,154.0,154.0,154.0,154.0,164.0,164.0,164.0,164.0,154.94812339654462,-164.0,0.0
Kids Unisex,KU short,KU w short,Short,0.0,0.0,0.0,0.0,0.0,1045.0,28.0,37.32142857142857,0.0,352.0,40.0,0.56,0.42977272727272725,1085.0,157.0,157.0,157.0,157.0,180.0,180.0,180.0,180.0,518.3176390985537,-180.0,0.0
Girls,G sweater,G swtr pullover,Sweater,20.0,52.0,1.9259259259259258,26.962962962962962,0.7417582417582418,398.0,28.0,14.214285714285714,147.6098901098901,1309.0,163.0,0.7000000000000001,0.4875000000000001,2772.0,348.0,348.0,348.0,348.0,358.0,358.0,358.0,358.0,260.89980969979985,-210.3901098901099,0.4123181287985757
Adult Sleep,S AU sleepwear,S AU SJ,Sleep,296.0,1081.0,40.03703703703704,560.5185185185185,0.5280824633276068,195.0,28.0,6.964285714285714,51.48804017444166,524.0,72.0,0.5001249999999999,0.47672499999999995,0.0,257.0,257.0,257.0,257.0,270.0,270.0,270.0,270.0,294.4760483170286,-218.51195982555834,0.19069644509052466
Baby Apparel,Bby sweater,Bby swtr cardigan,Sweater,25.0,67.0,2.4814814814814814,34.74074074074074,0.7196162046908315,409.0,28.0,14.607142857142858,147.16151385927506,882.0,119.0,0.7000000000000001,0.5384159694699009,2048.0,375.0,375.0,375.0,375.0,387.0,387.0,387.0,387.0,268.361196059184,-239.83848614072494,0.380262309713889
Baby Apparel,Bby top,Bby LS top,Top,4.0,0.0,0.0,0.0,0.0,235.0,28.0,8.392857142857142,0.0,749.0,107.0,0.6001818181818181,0.5745627313862608,414.0,314.0,314.0,314.0,314.0,321.0,321.0,321.0,321.0,134.05624159026894,-321.0,0.0
Baby Apparel,Bby top,Bby SS top,Top,0.0,0.0,0.0,0.0,0.0,4510.0,28.0,161.07142857142858,0.0,952.0,111.0,0.55,0.37717898832684826,1581.0,878.0,878.0,878.0,878.0,964.0,964.0,964.0,964.0,2644.066612887104,-964.0,0.0
