SKU,DirectPickLookbackUnits,DirectPickDemandDays,DailyBaseUnits,WeeklyBaseUnits,ValidReservationUnits,ReservationPhysicalTotal,ReservationSalesAllocatedPhysicalTotal,InboundTotalUnits,InboundNext14Units,InboundNext30Units,HasDirectPickHistory,HasValidReservation,HasInbound,Future14DayPromoDays,FutureWeeklyPromoWeeks,HasFuturePromo,FD1ToFD14Units,First13WeekUnits
15233-EH2-30,0.0,0.0,0.0,0.0,1.0,1.0,0.0,0.0,0.0,0.0,False,True,False,0,0,False,1,1.0
28554-011-1,0.0,0.0,0.0,0.0,1.0,1.0,0.0,0.0,0.0,0.0,False,True,False,0,0,False,1,1.0
28554-M23-1,0.0,0.0,0.0,0.0,1.0,1.0,0.0,0.0,0.0,0.0,False,True,False,0,0,False,1,1.0
30070-011-L,18.0,13.0,0.32142857142857145,2.25,2.0,1.0,1.0,0.0,0.0,0.0,True,True,False,2,1,True,7,37.0
30070-011-M,22.0,21.0,0.39285714285714285,2.75,0.0,0.0,0.0,0.0,0.0,0.0,True,False,False,2,1,True,8,43.0
30070-011-S,0.0,0.0,0.0,0.0,0.0,0.0,0.0,0.0,0.0,0.0,False,False,False,2,1,True,3,10.0
30070-011-XL,6.0,4.0,0.10714285714285714,0.75,1.0,1.0,0.0,0.0,0.0,0.0,True,True,False,2,1,True,4,19.0
30070-011-XS,17.0,9.0,0.30357142857142855,2.125,4.0,2.0,2.0,0.0,0.0,0.0,True,True,False,2,1,True,8,35.5
30070-011-XXL,5.0,4.0,0.08928571428571429,0.625,2.0,1.0,1.0,0.0,0.0,0.0,True,True,False,2,1,True,4,17.5
30070-1AY-L,0.0,0.0,0.0,0.0,0.0,0.0,0.0,0.0,0.0,0.0,False,False,False,2,1,True,0,0.0
30070-1AY-M,0.0,0.0,0.0,0.0,0.0,0.0,0.0,0.0,0.0,0.0,False,False,False,2,1,True,0,0.0
30070-1AY-S,0.0,0.0,0.0,0.0,0.0,0.0,0.0,0.0,0.0,0.0,False,False,False,2,1,True,0,0.0
30070-1AY-XL,0.0,0.0,0.0,0.0,0.0,0.0,0.0,0.0,0.0,0.0,False,False,False,2,1,True,0,0.0
30070-1AY-XS,0.0,0.0,0.0,0.0,0.0,0.0,0.0,0.0,0.0,0.0,False,False,False,2,1,True,0,0.0
30070-1AY-XXL,0.0,0.0,0.0,0.0,0.0,0.0,0.0,0.0,0.0,0.0,False,False,False,2,1,True,0,0.0
30070-S74-L,0.0,0.0,0.0,0.0,1.0,1.0,0.0,0.0,0.0,0.0,False,True,False,0,0,False,1,1.0
30070-S74-XS,0.0,0.0,0.0,0.0,1.0,1.0,0.0,0.0,0.0,0.0,False,True,False,0,0,False,1,1.0
30070-SR4-L,22.0,15.0,0.39285714285714285,2.75,2.0,1.0,1.0,0.0,0.0,0.0,True,True,False,2,1,True,7,36.9875
30070-SR4-M,4.0,3.0,0.07142857142857142,0.5,0.0,0.0,0.0,0.0,0.0,0.0,True,False,False,2,1,True,1,8.0
30070-SR4-S,0.0,0.0,0.0,0.0,0.0,0.0,0.0,0.0,0.0,0.0,False,False,False,2,1,True,1,2.0
30070-SR4-XL,9.0,4.0,0.16071428571428573,1.125,1.0,1.0,0.0,0.0,0.0,0.0,True,True,False,2,1,True,3,15.5
30070-SR4-XS,13.0,10.0,0.23214285714285715,1.625,0.0,0.0,0.0,0.0,0.0,0.0,True,False,False,2,1,True,3,21.85625
30070-SR4-XXL,6.0,6.0,0.10714285714285714,0.75,2.0,1.0,1.0,0.0,0.0,0.0,True,True,False,2,1,True,3,11.0
30070-U74-L,0.0,0.0,0.0,0.0,0.0,0.0,0.0,0.0,0.0,0.0,False,False,False,2,1,True,1,2.0
30070-U74-M,0.0,0.0,0.0,0.0,0.0,0.0,0.0,0.0,0.0,0.0,False,False,False,2,1,True,1,2.0
30070-U74-S,0.0,0.0,0.0,0.0,0.0,0.0,0.0,0.0,0.0,0.0,False,False,False,2,1,True,1,2.0
30070-U74-XL,0.0,0.0,0.0,0.0,0.0,0.0,0.0,0.0,0.0,0.0,False,False,False,2,1,True,1,2.0
30070-U74-XS,14.0,9.0,0.25,1.75,2.0,1.0,1.0,0.0,0.0,0.0,True,True,False,2,1,True,5,23.8
30070-U74-XXL,0.0,0.0,0.0,0.0,0.0,0.0,0.0,0.0,0.0,0.0,False,False,False,2,1,True,1,2.0
30071-GN1-L,0.0,0.0,0.0,0.0,0.0,0.0,0.0,5.0,0.0,0.0,False,False,True,0,0,False,0,0.0
30071-GN1-S,0.0,0.0,0.0,0.0,0.0,0.0,0.0,12.0,0.0,0.0,False,False,True,0,0,False,0,0.0
30071-GN1-XS,0.0,0.0,0.0,0.0,0.0,0.0,0.0,10.0,0.0,0.0,False,False,True,0,0,False,0,0.0
30071-QN6-L,0.0,0.0,0.0,0.0,0.0,0.0,0.0,22.0,0.0,0.0,False,False,True,0,0,False,0,0.0
30071-QN6-M,0.0,0.0,0.0,0.0,0.0,0.0,0.0,25.0,0.0,0.0,False,False,True,0,0,False,0,0.0
30071-QN6-XL,0.0,0.0,0.0,0.0,0.0,0.0,0.0,11.0,0.0,0.0,False,False,True,0,0,False,0,0.0
30071-QN6-XS,0.0,0.0,0.0,0.0,0.0,0.0,0.0,9.0,0.0,0.0,False,False,True,0,0,False,0,0.0
30071-S74-XS,0.0,0.0,0.0,0.0,1.0,1.0,0.0,0.0,0.0,0.0,False,True,False,0,0,False,1,1.0
30071-TB4-L,0.0,0.0,0.0,0.0,0.0,0.0,0.0,1.0,0.0,0.0,False,False,True,0,0,False,0,0.0
30071-TB4-M,0.0,0.0,0.0,0.0,0.0,0.0,0.0,3.0,0.0,0.0,False,False,True,0,0,False,0,0.0
30071-TB4-S,0.0,0.0,0.0,0.0,0.0,0.0,0.0,4.0,0.0,0.0,False,False,True,0,0,False,0,0.0
30071-TB4-XXL,0.0,0.0,0.0,0.0,0.0,0.0,0.0,1.0,0.0,0.0,False,False,True,0,0,False,0,0.0
30810-011-L,0.0,0.0,0.0,0.0,0.0,0.0,0.0,0.0,0.0,0.0,False,False,False,2,1,True,0,0.0
30810-011-M,0.0,0.0,0.0,0.0,0.0,0.0,0.0,0.0,0.0,0.0,False,False,False,2,1,True,0,0.0
30810-011-S,0.0,0.0,0.0,0.0,0.0,0.0,0.0,0.0,0.0,0.0,False,False,False,2,1,True,0,0.0
30810-011-XL,0.0,0.0,0.0,0.0,0.0,0.0,0.0,0.0,0.0,0.0,False,False,False,2,1,True,0,0.0
30810-011-XS,0.0,0.0,0.0,0.0,0.0,0.0,0.0,0.0,0.0,0.0,False,False,False,2,1,True,0,0.0
30810-011-XXL,0.0,0.0,0.0,0.0,0.0,0.0,0.0,0.0,0.0,0.0,False,False,False,2,1,True,0,0.0
30810-011-XXS,0.0,0.0,0.0,0.0,0.0,0.0,0.0,0.0,0.0,0.0,False,False,False,2,1,True,0,0.0
30810-16N-L,0.0,0.0,0.0,0.0,0.0,0.0,0.0,4.0,0.0,0.0,False,False,True,0,0,False,0,0.0
30810-16N-M,0.0,0.0,0.0,0.0,0.0,0.0,0.0,5.0,0.0,0.0,False,False,True,0,0,False,0,0.0
30810-16N-S,0.0,0.0,0.0,0.0,0.0,0.0,0.0,5.0,0.0,0.0,False,False,True,0,0,False,0,0.0
30810-16N-XL,0.0,0.0,0.0,0.0,0.0,0.0,0.0,1.0,0.0,0.0,False,False,True,0,0,False,0,0.0
30810-16N-XS,0.0,0.0,0.0,0.0,0.0,0.0,0.0,3.0,0.0,0.0,False,False,True,0,0,False,0,0.0
30810-16N-XXL,0.0,0.0,0.0,0.0,0.0,0.0,0.0,1.0,0.0,0.0,False,False,True,0,0,False,0,0.0
30810-1FL-L,0.0,0.0,0.0,0.0,0.0,0.0,0.0,0.0,0.0,0.0,False,False,False,2,1,True,0,0.0
30810-1FL-M,0.0,0.0,0.0,0.0,0.0,0.0,0.0,0.0,0.0,0.0,False,False,False,2,1,True,0,0.0
30810-1FL-S,0.0,0.0,0.0,0.0,0.0,0.0,0.0,0.0,0.0,0.0,False,False,False,2,1,True,0,0.0
30810-1FL-XL,0.0,0.0,0.0,0.0,0.0,0.0,0.0,0.0,0.0,0.0,False,False,False,2,1,True,0,0.0
30810-1FL-XS,0.0,0.0,0.0,0.0,0.0,0.0,0.0,0.0,0.0,0.0,False,False,False,2,1,True,0,0.0
30810-1FL-XXL,0.0,0.0,0.0,0.0,0.0,0.0,0.0,0.0,0.0,0.0,False,False,False,2,1,True,0,0.0
30810-TB4-L,0.0,0.0,0.0,0.0,0.0,0.0,0.0,8.0,0.0,0.0,False,False,True,0,0,False,0,0.0
30810-TB4-M,0.0,0.0,0.0,0.0,0.0,0.0,0.0,8.0,0.0,0.0,False,False,True,0,0,False,0,0.0
30810-TB4-XL,0.0,0.0,0.0,0.0,0.0,0.0,0.0,5.0,0.0,0.0,False,False,True,0,0,False,0,0.0
30810-TB4-XS,0.0,0.0,0.0,0.0,0.0,0.0,0.0,3.0,0.0,0.0,False,False,True,0,0,False,0,0.0
30810-TB4-XXL,0.0,0.0,0.0,0.0,0.0,0.0,0.0,2.0,0.0,0.0,False,False,True,0,0,False,0,0.0
30991,18.0,13.0,0.32142857142857145,2.25,0.0,0.0,0.0,0.0,0.0,0.0,True,False,False,0,0,False,5,29.25
33080-GQ6-60,0.0,0.0,0.0,0.0,1.0,1.0,0.0,0.0,0.0,0.0,False,True,False,0,0,False,1,1.0
33081-GN1-50,0.0,0.0,0.0,0.0,0.0,0.0,0.0,35.0,0.0,0.0,False,False,True,0,0,False,0,0.0
33081-GN1-60,0.0,0.0,0.0,0.0,0.0,0.0,0.0,68.0,0.0,0.0,False,False,True,0,0,False,0,0.0
33081-GN1-70,0.0,0.0,0.0,0.0,0.0,0.0,0.0,47.0,0.0,0.0,False,False,True,0,0,False,0,0.0
33081-GN1-75,0.0,0.0,0.0,0.0,0.0,0.0,0.0,63.0,0.0,0.0,False,False,True,0,0,False,0,0.0
33081-GN1-80,0.0,0.0,0.0,0.0,0.0,0.0,0.0,44.0,0.0,0.0,False,False,True,0,0,False,0,0.0
33081-GN1-85,0.0,0.0,0.0,0.0,1.0,1.0,0.0,0.0,0.0,0.0,False,True,False,0,0,False,1,1.0
33081-GN1-90,0.0,0.0,0.0,0.0,0.0,0.0,0.0,27.0,0.0,0.0,False,False,True,0,0,False,0,0.0
33081-NW2-50,0.0,0.0,0.0,0.0,0.0,0.0,0.0,96.0,0.0,0.0,False,False,True,0,0,False,0,0.0
33081-QE1-70,0.0,0.0,0.0,0.0,0.0,0.0,0.0,5.0,0.0,0.0,False,False,True,0,0,False,0,0.0
33081-QE1-75,0.0,0.0,0.0,0.0,0.0,0.0,0.0,1.0,0.0,0.0,False,False,True,0,0,False,0,0.0
33081-QE1-85,0.0,0.0,0.0,0.0,0.0,0.0,0.0,2.0,0.0,0.0,False,False,True,0,0,False,0,0.0
33081-QE1-90,0.0,0.0,0.0,0.0,0.0,0.0,0.0,1.0,0.0,0.0,False,False,True,0,0,False,0,0.0
33081-S74-80,0.0,0.0,0.0,0.0,1.0,1.0,0.0,0.0,0.0,0.0,False,True,False,0,0,False,1,1.0
33081-TB4-70,0.0,0.0,0.0,0.0,0.0,0.0,0.0,2.0,0.0,0.0,False,False,True,0,0,False,0,0.0
33081-TB4-75,0.0,0.0,0.0,0.0,0.0,0.0,0.0,1.0,0.0,0.0,False,False,True,0,0,False,0,0.0
33081-TD4-60,0.0,0.0,0.0,0.0,0.0,0.0,0.0,2.0,0.0,0.0,False,False,True,0,0,False,0,0.0
33081-U74-70,0.0,0.0,0.0,0.0,1.0,1.0,0.0,0.0,0.0,0.0,False,True,False,0,0,False,1,1.0
33081-U74-85,0.0,0.0,0.0,0.0,1.0,1.0,0.0,0.0,0.0,0.0,False,True,False,0,0,False,1,1.0
33175-011-100,10.0,9.0,0.17857142857142858,1.25,0.0,0.0,0.0,0.0,0.0,0.0,True,False,False,2,1,True,8,37.0
33175-011-110,13.0,10.0,0.23214285714285715,1.625,0.0,0.0,0.0,0.0,0.0,0.0,True,False,False,2,1,True,9,41.5
33175-011-120,20.0,16.0,0.35714285714285715,2.5,0.0,0.0,0.0,0.0,0.0,0.0,True,False,False,2,1,True,11,52.0
33175-011-130,44.0,25.0,0.7857142857142857,5.5,0.0,0.0,0.0,0.0,0.0,0.0,True,False,False,2,1,True,16,88.0
33175-011-140,93.0,28.0,1.6607142857142858,11.625,0.0,0.0,0.0,0.0,0.0,0.0,True,False,False,2,1,True,26,161.5
33175-011-150,0.0,0.0,0.0,0.0,0.0,0.0,0.0,0.0,0.0,0.0,False,False,False,2,1,True,6,22.0
33175-011-160,0.0,0.0,0.0,0.0,0.0,0.0,0.0,0.0,0.0,0.0,False,False,False,2,1,True,6,22.0
33175-011-85,7.0,6.0,0.125,0.875,0.0,0.0,0.0,0.0,0.0,0.0,True,False,False,2,1,True,8,32.5
33175-011-90,9.0,8.0,0.16071428571428573,1.125,0.0,0.0,0.0,0.0,0.0,0.0,True,False,False,2,1,True,8,35.5
33175-145-100,39.0,27.0,0.6964285714285714,4.875,0.0,0.0,0.0,0.0,0.0,0.0,True,False,False,2,1,True,15,82.5
33175-145-110,37.0,23.0,0.6607142857142857,4.625,1.0,1.0,0.0,0.0,0.0,0.0,True,True,False,2,1,True,15,79.5
33175-145-120,63.0,30.0,1.125,7.875,3.0,2.0,1.0,0.0,0.0,0.0,True,True,False,2,1,True,20,118.5
33175-145-130,26.0,8.0,0.4642857142857143,3.25,2.0,1.0,1.0,0.0,0.0,0.0,True,True,False,2,1,True,12,63.0
33175-145-140,36.0,10.0,0.6428571428571429,4.5,0.0,0.0,0.0,0.0,0.0,0.0,True,False,False,2,1,True,14,78.0
33175-145-150,0.0,0.0,0.0,0.0,0.0,0.0,0.0,0.0,0.0,0.0,False,False,False,2,1,True,7,24.0
33175-145-160,0.0,0.0,0.0,0.0,0.0,0.0,0.0,0.0,0.0,0.0,False,False,False,2,1,True,7,24.0
33175-145-85,18.0,11.0,0.32142857142857145,2.25,0.0,0.0,0.0,0.0,0.0,0.0,True,False,False,2,1,True,11,51.0
33175-145-90,29.0,18.0,0.5178571428571429,3.6250000000000004,6.0,3.0,3.0,0.0,0.0,0.0,True,True,False,2,1,True,13,67.5
33175-16N-150,0.0,0.0,0.0,0.0,0.0,0.0,0.0,28.0,0.0,0.0,False,False,True,0,0,False,0,0.0
33175-16N-85,0.0,0.0,0.0,0.0,0.0,0.0,0.0,39.0,0.0,0.0,False,False,True,0,0,False,0,0.0
33175-1AY-100,27.0,18.0,0.48214285714285715,3.375,0.0,0.0,0.0,0.0,0.0,0.0,True,False,False,2,1,True,13,65.5
33175-1AY-110,31.0,24.0,0.5535714285714286,3.875,0.0,0.0,0.0,0.0,0.0,0.0,True,False,False,2,1,True,14,71.5
33175-1AY-120,32.0,20.0,0.5714285714285714,4.0,0.0,0.0,0.0,0.0,0.0,0.0,True,False,False,2,1,True,14,73.0
33175-1AY-130,51.0,30.0,0.9107142857142857,6.375,0.0,0.0,0.0,0.0,0.0,0.0,True,False,False,2,1,True,18,101.5
33175-1AY-140,5.0,4.0,0.08928571428571429,0.625,0.0,0.0,0.0,0.0,0.0,0.0,True,False,False,2,1,True,8,32.5
33175-1AY-150,0.0,0.0,0.0,0.0,0.0,0.0,0.0,0.0,0.0,0.0,False,False,False,2,1,True,7,25.0
33175-1AY-160,0.0,0.0,0.0,0.0,0.0,0.0,0.0,0.0,0.0,0.0,False,False,False,2,1,True,7,25.0
33175-1AY-85,26.0,17.0,0.4642857142857143,3.25,0.0,0.0,0.0,0.0,0.0,0.0,True,False,False,2,1,True,13,64.0
33175-1AY-90,45.0,28.0,0.8035714285714286,5.625,0.0,0.0,0.0,0.0,0.0,0.0,True,False,False,2,1,True,17,92.5
33175-1FL-100,0.0,0.0,0.0,0.0,0.0,0.0,0.0,0.0,0.0,0.0,False,False,False,2,1,True,5,17.0
33175-1FL-110,40.0,26.0,0.7142857142857143,5.0,0.0,0.0,0.0,0.0,0.0,0.0,True,False,False,2,1,True,13,77.0
33175-1FL-120,25.0,17.0,0.44642857142857145,3.125,0.0,0.0,0.0,0.0,0.0,0.0,True,False,False,2,1,True,10,54.5
33175-1FL-130,19.0,13.0,0.3392857142857143,2.375,0.0,0.0,0.0,0.0,0.0,0.0,True,False,False,2,1,True,9,45.5
33175-1FL-140,21.0,15.0,0.375,2.625,0.0,0.0,0.0,0.0,0.0,0.0,True,False,False,2,1,True,9,48.5
33175-1FL-150,0.0,0.0,0.0,0.0,0.0,0.0,0.0,0.0,0.0,0.0,False,False,False,2,1,True,5,17.0
33175-1FL-160,0.0,0.0,0.0,0.0,0.0,0.0,0.0,0.0,0.0,0.0,False,False,False,2,1,True,5,17.0
33175-1FL-85,0.0,0.0,0.0,0.0,0.0,0.0,0.0,0.0,0.0,0.0,False,False,False,2,1,True,5,17.0
33175-1FL-90,54.0,26.0,0.9642857142857143,6.75,0.0,0.0,0.0,0.0,0.0,0.0,True,False,False,2,1,True,16,98.0
33175-QE4-120,0.0,0.0,0.0,0.0,0.0,0.0,0.0,60.0,0.0,0.0,False,False,True,0,0,False,0,0.0
33175-S74-100,0.0,0.0,0.0,0.0,2.0,2.0,0.0,0.0,0.0,0.0,False,True,False,0,0,False,2,2.0
33175-S74-110,0.0,0.0,0.0,0.0,1.0,1.0,0.0,0.0,0.0,0.0,False,True,False,0,0,False,1,1.0
33175-S74-120,0.0,0.0,0.0,0.0,1.0,1.0,0.0,0.0,0.0,0.0,False,True,False,0,0,False,1,1.0
33175-S74-130,0.0,0.0,0.0,0.0,2.0,2.0,0.0,0.0,0.0,0.0,False,True,False,0,0,False,2,2.0
33175-S74-90,0.0,0.0,0.0,0.0,1.0,1.0,0.0,0.0,0.0,0.0,False,True,False,0,0,False,1,1.0
33175-SR4-100,41.0,24.0,0.7321428571428571,5.125,0.0,0.0,0.0,0.0,0.0,0.0,True,False,False,2,1,True,22,107.5
33175-SR4-110,55.0,30.0,0.9821428571428571,6.875,0.0,0.0,0.0,0.0,0.0,0.0,True,False,False,2,1,True,25,128.5
33175-SR4-120,102.0,37.0,1.8214285714285714,12.75,0.0,0.0,0.0,0.0,0.0,0.0,True,False,False,2,1,True,35,199.0
33175-SR4-130,190.0,48.0,3.392857142857143,23.75,0.0,0.0,0.0,0.0,0.0,0.0,True,False,False,2,1,True,53,331.0
33175-SR4-140,0.0,0.0,0.0,0.0,0.0,0.0,0.0,0.0,0.0,0.0,False,False,False,2,1,True,13,46.0
33175-SR4-150,0.0,0.0,0.0,0.0,0.0,0.0,0.0,0.0,0.0,0.0,False,False,False,2,1,True,13,46.0
33175-SR4-160,0.0,0.0,0.0,0.0,0.0,0.0,0.0,0.0,0.0,0.0,False,False,False,2,1,True,13,46.0
33175-SR4-85,33.0,20.0,0.5892857142857143,4.125,0.0,0.0,0.0,0.0,0.0,0.0,True,False,False,2,1,True,20,95.5
33175-SR4-90,45.0,24.0,0.8035714285714286,5.625,2.0,1.0,1.0,0.0,0.0,0.0,True,True,False,2,1,True,23,113.5
33175-TD4-110,0.0,0.0,0.0,0.0,0.0,0.0,0.0,22.0,0.0,0.0,False,False,True,0,0,False,0,0.0
33175-TD4-130,0.0,0.0,0.0,0.0,0.0,0.0,0.0,6.0,0.0,0.0,False,False,True,0,0,False,0,0.0
33175-TD4-140,0.0,0.0,0.0,0.0,55.0,55.0,0.0,0.0,0.0,0.0,False,True,False,0,0,False,55,55.0
33175-TD4-85,0.0,0.0,0.0,0.0,0.0,0.0,0.0,23.0,0.0,0.0,False,False,True,0,0,False,0,0.0
33175-TT2-100,0.0,0.0,0.0,0.0,0.0,0.0,0.0,3.0,0.0,0.0,False,False,True,0,0,False,0,0.0
33175-TT2-110,0.0,0.0,0.0,0.0,0.0,0.0,0.0,8.0,0.0,0.0,False,False,True,0,0,False,0,0.0
33175-TT2-120,0.0,0.0,0.0,0.0,0.0,0.0,0.0,4.0,0.0,0.0,False,False,True,0,0,False,0,0.0
33175-TT2-130,0.0,0.0,0.0,0.0,0.0,0.0,0.0,2.0,0.0,0.0,False,False,True,0,0,False,0,0.0
33175-TT2-140,0.0,0.0,0.0,0.0,0.0,0.0,0.0,5.0,0.0,0.0,False,False,True,0,0,False,0,0.0
33175-TT2-90,0.0,0.0,0.0,0.0,0.0,0.0,0.0,8.0,0.0,0.0,False,False,True,0,0,False,0,0.0
33175-U74-100,0.0,0.0,0.0,0.0,1.0,1.0,0.0,0.0,0.0,0.0,False,True,False,0,0,False,1,1.0
33175-U74-120,0.0,0.0,0.0,0.0,2.0,2.0,0.0,0.0,0.0,0.0,False,True,False,0,0,False,2,2.0
33175-VF3-160,0.0,0.0,0.0,0.0,0.0,0.0,0.0,42.0,0.0,0.0,False,False,True,0,0,False,0,0.0
33176-NQ3-130,0.0,0.0,0.0,0.0,1.0,1.0,0.0,0.0,0.0,0.0,False,True,False,0,0,False,1,1.0
33176-NQ8-160,0.0,0.0,0.0,0.0,1.0,1.0,0.0,0.0,0.0,0.0,False,True,False,0,0,False,1,1.0
33218-011-100,23.0,17.0,0.4107142857142857,2.875,0.0,0.0,0.0,0.0,0.0,0.0,True,False,False,2,1,True,17,76.5
33218-011-110,59.0,28.0,1.0535714285714286,7.375,0.0,0.0,0.0,0.0,0.0,0.0,True,False,False,2,1,True,25,130.5
33218-011-120,133.0,34.0,2.375,16.625,0.0,0.0,0.0,0.0,0.0,0.0,True,False,False,2,1,True,40,241.5
33218-011-130,178.0,37.0,3.1785714285714284,22.25,0.0,0.0,0.0,0.0,0.0,0.0,True,False,False,2,1,True,50,309.0
33218-011-140,0.0,0.0,0.0,0.0,0.0,0.0,0.0,0.0,0.0,0.0,False,False,False,2,1,True,12,42.0
33218-011-150,0.0,0.0,0.0,0.0,0.0,0.0,0.0,0.0,0.0,0.0,False,False,False,2,1,True,12,42.0
33218-011-160,0.0,0.0,0.0,0.0,0.0,0.0,0.0,0.0,0.0,0.0,False,False,False,2,1,True,12,42.0
33218-011-85,18.0,14.0,0.32142857142857145,2.25,0.0,0.0,0.0,0.0,0.0,0.0,True,False,False,2,1,True,16,69.0
33218-011-90,22.0,15.0,0.39285714285714285,2.75,0.0,0.0,0.0,0.0,0.0,0.0,True,False,False,2,1,True,17,75.0
33218-16N-100,0.0,0.0,0.0,0.0,0.0,0.0,0.0,62.0,0.0,0.0,False,False,True,0,0,False,0,0.0
33218-16N-120,0.0,0.0,0.0,0.0,0.0,0.0,0.0,1.0,0.0,0.0,False,False,True,0,0,False,0,0.0
33218-16N-130,0.0,0.0,0.0,0.0,0.0,0.0,0.0,4.0,0.0,0.0,False,False,True,0,0,False,0,0.0
33218-1AY-100,134.0,30.0,2.392857142857143,16.75,0.0,0.0,0.0,0.0,0.0,0.0,True,False,False,0,0,False,34,217.75
33218-1AY-130,1.0,1.0,0.017857142857142856,0.125,0.0,0.0,0.0,0.0,0.0,0.0,True,False,False,0,0,False,0,1.625
33218-1AY-85,103.0,29.0,1.8392857142857142,12.875,0.0,0.0,0.0,0.0,0.0,0.0,True,False,False,0,0,False,26,167.375
33218-1AY-90,101.0,28.0,1.8035714285714286,12.625,0.0,0.0,0.0,0.0,0.0,0.0,True,False,False,0,0,False,25,164.125
33218-1KJ-100,7.0,4.0,0.125,0.875,0.0,0.0,0.0,0.0,0.0,0.0,True,False,False,0,0,False,2,11.375
33218-1KJ-110,46.0,20.0,0.8214285714285714,5.75,0.0,0.0,0.0,0.0,0.0,0.0,True,False,False,0,0,False,12,74.75
33218-1KJ-120,69.0,20.0,1.2321428571428572,8.625,0.0,0.0,0.0,0.0,0.0,0.0,True,False,False,0,0,False,17,112.125
33218-1KJ-130,55.0,18.0,0.9821428571428571,6.875,0.0,0.0,0.0,0.0,0.0,0.0,True,False,False,0,0,False,14,89.375
33218-1KJ-90,1.0,1.0,0.017857142857142856,0.125,0.0,0.0,0.0,0.0,0.0,0.0,True,False,False,0,0,False,0,1.625
33218-2SZ-100,39.0,18.0,0.6964285714285714,4.875,8.0,5.0,3.0,0.0,0.0,0.0,True,True,False,2,1,True,22,105.5
33218-2SZ-110,56.0,28.0,1.0,7.0,6.0,3.0,3.0,0.0,0.0,0.0,True,True,False,2,1,True,25,131.0
33218-2SZ-120,114.0,37.0,2.0357142857142856,14.25,6.0,3.0,3.0,0.0,0.0,0.0,True,True,False,2,1,True,38,218.0
33218-2SZ-130,203.0,42.0,3.625,25.375,39.0,20.0,19.0,0.0,0.0,0.0,True,True,False,2,1,True,82,351.5
33218-2SZ-140,0.0,0.0,0.0,0.0,0.0,0.0,0.0,0.0,0.0,0.0,False,False,False,2,1,True,13,47.0
33218-2SZ-150,0.0,0.0,0.0,0.0,0.0,0.0,0.0,0.0,0.0,0.0,False,False,False,2,1,True,13,47.0
33218-2SZ-160,0.0,0.0,0.0,0.0,0.0,0.0,0.0,0.0,0.0,0.0,False,False,False,2,1,True,13,47.0
33218-2SZ-85,15.0,12.0,0.26785714285714285,1.875,0.0,0.0,0.0,0.0,0.0,0.0,True,False,False,2,1,True,17,69.5
33218-2SZ-90,16.0,8.0,0.2857142857142857,2.0,4.0,3.0,1.0,0.0,0.0,0.0,True,True,False,2,1,True,17,71.0
33218-SR4-100,20.0,12.0,0.35714285714285715,2.5,0.0,0.0,0.0,0.0,0.0,0.0,True,False,False,0,0,False,5,32.5
33218-SR4-110,17.0,8.0,0.30357142857142855,2.125,0.0,0.0,0.0,0.0,0.0,0.0,True,False,False,0,0,False,4,27.625
33218-SR4-120,109.0,27.0,1.9464285714285714,13.625,0.0,0.0,0.0,0.0,0.0,0.0,True,False,False,0,0,False,27,177.125
33218-SR4-85,4.0,2.0,0.07142857142857142,0.5,0.0,0.0,0.0,0.0,0.0,0.0,True,False,False,0,0,False,1,6.5
33218-SR4-90,67.0,22.0,1.1964285714285714,8.375,0.0,0.0,0.0,0.0,0.0,0.0,True,False,False,0,0,False,17,108.875
33218-TB4-100,0.0,0.0,0.0,0.0,0.0,0.0,0.0,4.0,0.0,0.0,False,False,True,0,0,False,0,0.0
33218-TB4-120,0.0,0.0,0.0,0.0,0.0,0.0,0.0,1.0,0.0,0.0,False,False,True,0,0,False,0,0.0
33218-TB4-140,0.0,0.0,0.0,0.0,0.0,0.0,0.0,1.0,0.0,0.0,False,False,True,0,0,False,0,0.0
33218-TB4-90,0.0,0.0,0.0,0.0,0.0,0.0,0.0,5.0,0.0,0.0,False,False,True,0,0,False,0,0.0
33218-TD4-140,0.0,0.0,0.0,0.0,0.0,0.0,0.0,4.0,0.0,0.0,False,False,True,0,0,False,0,0.0
33218-TD4-90,0.0,0.0,0.0,0.0,0.0,0.0,0.0,27.0,0.0,0.0,False,False,True,0,0,False,0,0.0
33218-TT2-90,0.0,0.0,0.0,0.0,0.0,0.0,0.0,62.0,0.0,0.0,False,False,True,0,0,False,0,0.0
3333,13.0,8.0,0.23214285714285715,1.625,0.0,0.0,0.0,0.0,0.0,0.0,True,False,False,0,0,False,3,21.125
36086-011-110,0.0,0.0,0.0,0.0,1.0,1.0,0.0,0.0,0.0,0.0,False,True,False,0,0,False,1,1.0
36086-011-120,0.0,0.0,0.0,0.0,1.0,1.0,0.0,0.0,0.0,0.0,False,True,False,0,0,False,1,1.0
36086-011-130,0.0,0.0,0.0,0.0,1.0,1.0,0.0,0.0,0.0,0.0,False,True,False,0,0,False,1,1.0
36086-011-140,0.0,0.0,0.0,0.0,1.0,1.0,0.0,0.0,0.0,0.0,False,True,False,0,0,False,1,1.0
36086-015-100,0.0,0.0,0.0,0.0,1.0,1.0,0.0,0.0,0.0,0.0,False,True,False,0,0,False,1,1.0
36086-015-120,0.0,0.0,0.0,0.0,2.0,2.0,0.0,0.0,0.0,0.0,False,True,False,0,0,False,2,2.0
36086-015-130,0.0,0.0,0.0,0.0,2.0,2.0,0.0,0.0,0.0,0.0,False,True,False,0,0,False,2,2.0
36086-015-140,0.0,0.0,0.0,0.0,1.0,1.0,0.0,0.0,0.0,0.0,False,True,False,0,0,False,1,1.0
36086-45H-130,0.0,0.0,0.0,0.0,1.0,1.0,0.0,0.0,0.0,0.0,False,True,False,0,0,False,1,1.0
36086-A91-120,0.0,0.0,0.0,0.0,1.0,1.0,0.0,0.0,0.0,0.0,False,True,False,0,0,False,1,1.0
36086-A91-130,0.0,0.0,0.0,0.0,2.0,2.0,0.0,0.0,0.0,0.0,False,True,False,0,0,False,2,2.0
36086-A91-140,0.0,0.0,0.0,0.0,1.0,1.0,0.0,0.0,0.0,0.0,False,True,False,0,0,False,1,1.0
36086-KZ0-130,0.0,0.0,0.0,0.0,1.0,1.0,0.0,0.0,0.0,0.0,False,True,False,0,0,False,1,1.0
36086-KZ6-110,0.0,0.0,0.0,0.0,1.0,1.0,0.0,0.0,0.0,0.0,False,True,False,0,0,False,1,1.0
36754-05T-150,0.0,0.0,0.0,0.0,1.0,1.0,0.0,0.0,0.0,0.0,False,True,False,0,0,False,1,1.0
36754-A91-110,0.0,0.0,0.0,0.0,1.0,1.0,0.0,0.0,0.0,0.0,False,True,False,0,0,False,1,1.0
36754-GK3-120,0.0,0.0,0.0,0.0,1.0,1.0,0.0,0.0,0.0,0.0,False,True,False,0,0,False,1,1.0
36754-M23-120,0.0,0.0,0.0,0.0,1.0,1.0,0.0,0.0,0.0,0.0,False,True,False,0,0,False,1,1.0
36754-M23-130,0.0,0.0,0.0,0.0,1.0,1.0,0.0,0.0,0.0,0.0,False,True,False,0,0,False,1,1.0
37028-3QB-100,75.0,35.0,1.3392857142857142,9.375,0.0,0.0,0.0,0.0,0.0,0.0,True,False,False,2,1,True,21,129.5
37028-3QB-110,0.0,0.0,0.0,0.0,0.0,0.0,0.0,0.0,0.0,0.0,False,False,False,2,1,True,5,17.0
37028-3QB-120,0.0,0.0,0.0,0.0,0.0,0.0,0.0,0.0,0.0,0.0,False,False,False,2,1,True,5,17.0
37028-3QB-130,0.0,0.0,0.0,0.0,0.0,0.0,0.0,0.0,0.0,0.0,False,False,False,2,1,True,5,17.0
37028-3QB-140,0.0,0.0,0.0,0.0,0.0,0.0,0.0,0.0,0.0,0.0,False,False,False,2,1,True,5,17.0
37028-3QB-150,0.0,0.0,0.0,0.0,0.0,0.0,0.0,0.0,0.0,0.0,False,False,False,2,1,True,5,17.0
37028-3QB-160,0.0,0.0,0.0,0.0,0.0,0.0,0.0,0.0,0.0,0.0,False,False,False,2,1,True,5,17.0
37028-3QB-85,14.0,12.0,0.25,1.75,0.0,0.0,0.0,0.0,0.0,0.0,True,False,False,2,1,True,8,38.0
37028-3QB-90,39.0,26.0,0.6964285714285714,4.875,0.0,0.0,0.0,0.0,0.0,0.0,True,False,False,2,1,True,13,75.5
37028-4KZ-100,100.0,41.0,1.7857142857142858,12.5,0.0,0.0,0.0,0.0,0.0,0.0,True,False,False,2,1,True,36,202.0
37028-4KZ-110,164.0,43.0,2.9285714285714284,20.5,0.0,0.0,0.0,0.0,0.0,0.0,True,False,False,2,1,True,50,298.0
37028-4KZ-120,0.0,0.0,0.0,0.0,0.0,0.0,0.0,0.0,0.0,0.0,False,False,False,2,1,True,15,52.0
37028-4KZ-130,1.0,1.0,0.017857142857142856,0.125,0.0,0.0,0.0,0.0,0.0,0.0,True,False,False,2,1,True,15,53.5
37028-4KZ-140,0.0,0.0,0.0,0.0,0.0,0.0,0.0,0.0,0.0,0.0,False,False,False,2,1,True,15,52.0
37028-4KZ-150,0.0,0.0,0.0,0.0,0.0,0.0,0.0,0.0,0.0,0.0,False,False,False,2,1,True,15,52.0
37028-4KZ-160,0.0,0.0,0.0,0.0,0.0,0.0,0.0,0.0,0.0,0.0,False,False,False,2,1,True,15,52.0
37028-4KZ-85,39.0,28.0,0.6964285714285714,4.875,0.0,0.0,0.0,0.0,0.0,0.0,True,False,False,2,1,True,23,110.5
37028-4KZ-90,80.0,40.0,1.4285714285714286,10.0,0.0,0.0,0.0,0.0,0.0,0.0,True,False,False,2,1,True,32,172.0
37028-4LF-100,8.0,8.0,0.14285714285714285,1.0,0.0,0.0,0.0,0.0,0.0,0.0,True,False,False,2,1,True,2,13.075
37028-4LF-110,5.0,5.0,0.08928571428571429,0.625,0.0,0.0,0.0,0.0,0.0,0.0,True,False,False,2,1,True,1,8.171875
37028-4LF-120,12.0,9.0,0.21428571428571427,1.5,0.0,0.0,0.0,0.0,0.0,0.0,True,False,False,2,1,True,3,19.6125
37028-4LF-130,14.0,10.0,0.25,1.75,0.0,0.0,0.0,0.0,0.0,0.0,True,False,False,2,1,True,4,22.88125
37028-4LF-140,0.0,0.0,0.0,0.0,0.0,0.0,0.0,0.0,0.0,0.0,False,False,False,2,1,True,0,0.0
37028-4LF-150,0.0,0.0,0.0,0.0,0.0,0.0,0.0,0.0,0.0,0.0,False,False,False,2,1,True,0,0.0
37028-4LF-160,0.0,0.0,0.0,0.0,0.0,0.0,0.0,0.0,0.0,0.0,False,False,False,2,1,True,0,0.0
37028-4LF-85,2.0,2.0,0.03571428571428571,0.25,0.0,0.0,0.0,0.0,0.0,0.0,True,False,False,2,1,True,1,3.26875
37028-4LF-90,2.0,2.0,0.03571428571428571,0.25,0.0,0.0,0.0,0.0,0.0,0.0,True,False,False,2,1,True,1,3.26875
37028-4ND-100,2.0,2.0,0.03571428571428571,0.25,0.0,0.0,0.0,0.0,0.0,0.0,True,False,False,2,1,True,2,7.0
37028-4ND-110,6.0,5.0,0.10714285714285714,0.75,0.0,0.0,0.0,0.0,0.0,0.0,True,False,False,2,1,True,2,13.0
37028-4ND-120,13.0,9.0,0.23214285714285715,1.625,0.0,0.0,0.0,0.0,0.0,0.0,True,False,False,2,1,True,4,23.5
37028-4ND-130,0.0,0.0,0.0,0.0,0.0,0.0,0.0,0.0,0.0,0.0,False,False,False,2,1,True,1,4.0
37028-4ND-140,0.0,0.0,0.0,0.0,0.0,0.0,0.0,0.0,0.0,0.0,False,False,False,2,1,True,1,4.0
37028-4ND-150,0.0,0.0,0.0,0.0,0.0,0.0,0.0,0.0,0.0,0.0,False,False,False,2,1,True,1,4.0
37028-4ND-160,0.0,0.0,0.0,0.0,0.0,0.0,0.0,0.0,0.0,0.0,False,False,False,2,1,True,1,4.0
37028-4ND-85,0.0,0.0,0.0,0.0,0.0,0.0,0.0,0.0,0.0,0.0,False,False,False,2,1,True,1,4.0
37028-4ND-90,3.0,3.0,0.05357142857142857,0.375,0.0,0.0,0.0,0.0,0.0,0.0,True,False,False,2,1,True,2,8.5
37028-69U,0.0,0.0,0.0,0.0,0.0,0.0,0.0,0.0,0.0,0.0,False,False,False,2,1,True,0,0.0
37028-69U-100,0.0,0.0,0.0,0.0,0.0,0.0,0.0,0.0,0.0,0.0,False,False,False,2,1,True,0,0.0
37028-69U-110,0.0,0.0,0.0,0.0,0.0,0.0,0.0,0.0,0.0,0.0,False,False,False,2,1,True,0,0.0
37028-69U-120,0.0,0.0,0.0,0.0,0.0,0.0,0.0,0.0,0.0,0.0,False,False,False,2,1,True,0,0.0
37028-69U-130,0.0,0.0,0.0,0.0,0.0,0.0,0.0,0.0,0.0,0.0,False,False,False,2,1,True,0,0.0
37028-69U-140,0.0,0.0,0.0,0.0,0.0,0.0,0.0,0.0,0.0,0.0,False,False,False,2,1,True,0,0.0
37028-69U-150,0.0,0.0,0.0,0.0,0.0,0.0,0.0,0.0,0.0,0.0,False,False,False,2,1,True,0,0.0
37028-69U-160,0.0,0.0,0.0,0.0,0.0,0.0,0.0,0.0,0.0,0.0,False,False,False,2,1,True,0,0.0
37028-69U-60,0.0,0.0,0.0,0.0,0.0,0.0,0.0,0.0,0.0,0.0,False,False,False,2,1,True,0,0.0
37028-69U-70,0.0,0.0,0.0,0.0,0.0,0.0,0.0,0.0,0.0,0.0,False,False,False,2,1,True,0,0.0
37028-69U-75,0.0,0.0,0.0,0.0,0.0,0.0,0.0,0.0,0.0,0.0,False,False,False,2,1,True,0,0.0
37028-69U-80,0.0,0.0,0.0,0.0,0.0,0.0,0.0,0.0,0.0,0.0,False,False,False,2,1,True,0,0.0
37028-69U-80_85,0.0,0.0,0.0,0.0,0.0,0.0,0.0,0.0,0.0,0.0,False,False,False,2,1,True,0,0.0
37028-69U-85,0.0,0.0,0.0,0.0,0.0,0.0,0.0,0.0,0.0,0.0,False,False,False,2,1,True,0,0.0
37028-69U-90,0.0,0.0,0.0,0.0,0.0,0.0,0.0,0.0,0.0,0.0,False,False,False,2,1,True,0,0.0
37028-6NU-100,0.0,0.0,0.0,0.0,0.0,0.0,0.0,1683.0,0.0,0.0,False,False,True,0,0,False,0,0.0
37028-6NU-110,0.0,0.0,0.0,0.0,0.0,0.0,0.0,1624.0,0.0,0.0,False,False,True,0,0,False,0,0.0
37028-6NU-120,0.0,0.0,0.0,0.0,0.0,0.0,0.0,1783.0,0.0,0.0,False,False,True,0,0,False,0,0.0
37028-6NU-130,0.0,0.0,0.0,0.0,0.0,0.0,0.0,1321.0,0.0,0.0,False,False,True,0,0,False,0,0.0
37028-6NU-140,0.0,0.0,0.0,0.0,0.0,0.0,0.0,884.0,0.0,0.0,False,False,True,0,0,False,0,0.0
37028-6NU-150,0.0,0.0,0.0,0.0,0.0,0.0,0.0,527.0,0.0,0.0,False,False,True,0,0,False,0,0.0
37028-6NU-85,0.0,0.0,0.0,0.0,0.0,0.0,0.0,781.0,0.0,0.0,False,False,True,0,0,False,0,0.0
37028-6NU-90,0.0,0.0,0.0,0.0,0.0,0.0,0.0,1565.0,0.0,0.0,False,False,True,0,0,False,0,0.0
37028-6NV-100,0.0,0.0,0.0,0.0,0.0,0.0,0.0,2043.0,0.0,0.0,False,False,True,0,0,False,0,0.0
37028-6NV-110,0.0,0.0,0.0,0.0,0.0,0.0,0.0,1990.0,0.0,0.0,False,False,True,0,0,False,0,0.0
37028-6NV-120,0.0,0.0,0.0,0.0,0.0,0.0,0.0,2167.0,0.0,0.0,False,False,True,0,0,False,0,0.0
37028-6NV-130,0.0,0.0,0.0,0.0,0.0,0.0,0.0,1604.0,0.0,0.0,False,False,True,0,0,False,0,0.0
37028-6NV-140,0.0,0.0,0.0,0.0,0.0,0.0,0.0,1091.0,0.0,0.0,False,False,True,0,0,False,0,0.0
37028-6NV-150,0.0,0.0,0.0,0.0,0.0,0.0,0.0,657.0,0.0,0.0,False,False,True,0,0,False,0,0.0
37028-6NV-85,0.0,0.0,0.0,0.0,0.0,0.0,0.0,971.0,0.0,0.0,False,False,True,0,0,False,0,0.0
37028-6NV-90,0.0,0.0,0.0,0.0,0.0,0.0,0.0,1924.0,0.0,0.0,False,False,True,0,0,False,0,0.0
37028-6NW-100,0.0,0.0,0.0,0.0,0.0,0.0,0.0,1363.0,673.0,673.0,False,False,True,0,0,False,0,0.0
37028-6NW-110,0.0,0.0,0.0,0.0,0.0,0.0,0.0,1506.0,743.0,743.0,False,False,True,0,0,False,0,0.0
37028-6NW-120,0.0,0.0,0.0,0.0,0.0,0.0,0.0,1672.0,826.0,826.0,False,False,True,0,0,False,0,0.0
37028-6NW-130,0.0,0.0,0.0,0.0,0.0,0.0,0.0,1404.0,693.0,693.0,False,False,True,0,0,False,0,0.0
37028-6NW-140,0.0,0.0,0.0,0.0,0.0,0.0,0.0,820.0,405.0,405.0,False,False,True,0,0,False,0,0.0
37028-6NW-150,0.0,0.0,0.0,0.0,0.0,0.0,0.0,478.0,239.0,239.0,False,False,True,0,0,False,0,0.0
37028-6NW-85,0.0,0.0,0.0,0.0,0.0,0.0,0.0,646.0,319.0,319.0,False,False,True,0,0,False,0,0.0
37028-6NW-90,0.0,0.0,0.0,0.0,0.0,0.0,0.0,1220.0,602.0,602.0,False,False,True,0,0,False,0,0.0
37028-6NX-100,0.0,0.0,0.0,0.0,0.0,0.0,0.0,886.0,0.0,0.0,False,False,True,0,0,False,0,0.0
37028-6NX-110,0.0,0.0,0.0,0.0,0.0,0.0,0.0,1174.0,0.0,0.0,False,False,True,0,0,False,0,0.0
37028-6NX-120,0.0,0.0,0.0,0.0,0.0,0.0,0.0,1620.0,0.0,0.0,False,False,True,0,0,False,0,0.0
37028-6NX-130,0.0,0.0,0.0,0.0,0.0,0.0,0.0,1200.0,0.0,0.0,False,False,True,0,0,False,0,0.0
37028-6NX-140,0.0,0.0,0.0,0.0,0.0,0.0,0.0,764.0,0.0,0.0,False,False,True,0,0,False,0,0.0
37028-6NX-150,0.0,0.0,0.0,0.0,0.0,0.0,0.0,414.0,0.0,0.0,False,False,True,0,0,False,0,0.0
37028-6NX-85,0.0,0.0,0.0,0.0,0.0,0.0,0.0,471.0,0.0,0.0,False,False,True,0,0,False,0,0.0
37028-6NX-90,0.0,0.0,0.0,0.0,0.0,0.0,0.0,748.0,0.0,0.0,False,False,True,0,0,False,0,0.0
37028-6NZ-100,0.0,0.0,0.0,0.0,0.0,0.0,0.0,876.0,428.0,428.0,False,False,True,0,0,False,0,0.0
37028-6NZ-110,0.0,0.0,0.0,0.0,0.0,0.0,0.0,848.0,415.0,415.0,False,False,True,0,0,False,0,0.0
37028-6NZ-120,0.0,0.0,0.0,0.0,0.0,0.0,0.0,927.0,453.0,453.0,False,False,True,0,0,False,0,0.0
37028-6NZ-130,0.0,0.0,0.0,0.0,0.0,0.0,0.0,687.0,336.0,336.0,False,False,True,0,0,False,0,0.0
37028-6NZ-140,0.0,0.0,0.0,0.0,0.0,0.0,0.0,464.0,227.0,227.0,False,False,True,0,0,False,0,0.0
37028-6NZ-150,0.0,0.0,0.0,0.0,0.0,0.0,0.0,279.0,137.0,137.0,False,False,True,0,0,False,0,0.0
37028-6NZ-85,0.0,0.0,0.0,0.0,0.0,0.0,0.0,414.0,202.0,202.0,False,False,True,0,0,False,0,0.0
37028-6NZ-90,0.0,0.0,0.0,0.0,0.0,0.0,0.0,823.0,402.0,402.0,False,False,True,0,0,False,0,0.0
37028-6O6-100,0.0,0.0,0.0,0.0,0.0,0.0,0.0,723.0,353.0,353.0,False,False,True,0,0,False,0,0.0
37028-6O6-110,0.0,0.0,0.0,0.0,0.0,0.0,0.0,822.0,402.0,402.0,False,False,True,0,0,False,0,0.0
37028-6O6-120,0.0,0.0,0.0,0.0,0.0,0.0,0.0,1046.0,511.0,511.0,False,False,True,0,0,False,0,0.0
37028-6O6-130,0.0,0.0,0.0,0.0,0.0,0.0,0.0,884.0,432.0,432.0,False,False,True,0,0,False,0,0.0
37028-6O6-140,0.0,0.0,0.0,0.0,0.0,0.0,0.0,575.0,281.0,281.0,False,False,True,0,0,False,0,0.0
37028-6O6-150,0.0,0.0,0.0,0.0,0.0,0.0,0.0,320.0,156.0,156.0,False,False,True,0,0,False,0,0.0
37028-6O6-85,0.0,0.0,0.0,0.0,0.0,0.0,0.0,347.0,170.0,170.0,False,False,True,0,0,False,0,0.0
37028-6O6-90,0.0,0.0,0.0,0.0,0.0,0.0,0.0,603.0,295.0,295.0,False,False,True,0,0,False,0,0.0
37028-6OA-100,0.0,0.0,0.0,0.0,0.0,0.0,0.0,529.0,0.0,0.0,False,False,True,0,0,False,0,0.0
37028-6OA-110,0.0,0.0,0.0,0.0,0.0,0.0,0.0,615.0,0.0,0.0,False,False,True,0,0,False,0,0.0
37028-6OA-120,0.0,0.0,0.0,0.0,0.0,0.0,0.0,784.0,0.0,0.0,False,False,True,0,0,False,0,0.0
37028-6OA-130,0.0,0.0,0.0,0.0,0.0,0.0,0.0,663.0,0.0,0.0,False,False,True,0,0,False,0,0.0
37028-6OA-140,0.0,0.0,0.0,0.0,0.0,0.0,0.0,431.0,0.0,0.0,False,False,True,0,0,False,0,0.0
37028-6OA-150,0.0,0.0,0.0,0.0,0.0,0.0,0.0,240.0,0.0,0.0,False,False,True,0,0,False,0,0.0
37028-6OA-85,0.0,0.0,0.0,0.0,0.0,0.0,0.0,260.0,0.0,0.0,False,False,True,0,0,False,0,0.0
37028-6OA-90,0.0,0.0,0.0,0.0,0.0,0.0,0.0,452.0,0.0,0.0,False,False,True,0,0,False,0,0.0
37028-BS8-110,0.0,0.0,0.0,0.0,30.0,30.0,0.0,0.0,0.0,0.0,False,True,False,0,0,False,30,30.0
37028-NA4-130,0.0,0.0,0.0,0.0,1.0,1.0,0.0,0.0,0.0,0.0,False,True,False,0,0,False,1,1.0
37028-NA4-90,0.0,0.0,0.0,0.0,1.0,1.0,0.0,0.0,0.0,0.0,False,True,False,0,0,False,1,1.0
37028-TA8-130,0.0,0.0,0.0,0.0,1.0,1.0,0.0,0.0,0.0,0.0,False,True,False,0,0,False,1,1.0
37741-HE2-M,0.0,0.0,0.0,0.0,1.0,1.0,0.0,0.0,0.0,0.0,False,True,False,0,0,False,1,1.0
39973-48Q-100,5.0,4.0,0.08928571428571429,0.625,0.0,0.0,0.0,0.0,0.0,0.0,True,False,False,2,1,True,5,20.5
39973-48Q-110,34.0,21.0,0.6071428571428571,4.25,0.0,0.0,0.0,0.0,0.0,0.0,True,False,False,2,1,True,11,64.0
39973-48Q-120,54.0,30.0,0.9642857142857143,6.75,2.0,1.0,1.0,0.0,0.0,0.0,True,True,False,2,1,True,15,94.0
39973-48Q-130,55.0,23.0,0.9821428571428571,6.875,2.0,1.0,1.0,0.0,0.0,0.0,True,True,False,2,1,True,15,95.5
39973-48Q-140,0.0,0.0,0.0,0.0,0.0,0.0,0.0,0.0,0.0,0.0,False,False,False,2,1,True,4,13.0
39973-48Q-150,0.0,0.0,0.0,0.0,0.0,0.0,0.0,0.0,0.0,0.0,False,False,False,2,1,True,4,13.0
39973-48Q-60,3.0,3.0,0.05357142857142857,0.375,0.0,0.0,0.0,0.0,0.0,0.0,True,False,False,2,1,True,4,17.5
39973-48Q-85,8.0,7.0,0.14285714285714285,1.0,0.0,0.0,0.0,0.0,0.0,0.0,True,False,False,2,1,True,5,25.0
39973-48Q-90,4.0,4.0,0.07142857142857142,0.5,0.0,0.0,0.0,0.0,0.0,0.0,True,False,False,2,1,True,5,19.0
39973-AH1-100,16.0,12.0,0.2857142857142857,2.0,0.0,0.0,0.0,0.0,0.0,0.0,True,False,False,2,1,True,6,32.0
39973-AH1-110,22.0,15.0,0.39285714285714285,2.75,0.0,0.0,0.0,0.0,0.0,0.0,True,False,False,2,1,True,7,41.0
39973-AH1-120,79.0,33.0,1.4107142857142858,9.875,3.0,2.0,1.0,0.0,0.0,0.0,True,True,False,2,1,True,21,131.5731534090909
39973-AH1-130,0.0,0.0,0.0,0.0,0.0,0.0,0.0,0.0,0.0,0.0,False,False,False,2,1,True,2,8.0
39973-AH1-140,0.0,0.0,0.0,0.0,0.0,0.0,0.0,0.0,0.0,0.0,False,False,False,2,1,True,2,8.0
39973-AH1-150,0.0,0.0,0.0,0.0,0.0,0.0,0.0,0.0,0.0,0.0,False,False,False,2,1,True,2,8.0
39973-AH1-60,5.0,3.0,0.08928571428571429,0.625,2.0,1.0,1.0,0.0,0.0,0.0,True,True,False,2,1,True,3,15.5
39973-AH1-85,9.0,8.0,0.16071428571428573,1.125,0.0,0.0,0.0,0.0,0.0,0.0,True,False,False,2,1,True,4,21.5
39973-AH1-90,14.0,10.0,0.25,1.75,0.0,0.0,0.0,0.0,0.0,0.0,True,False,False,2,1,True,5,29.0
40152-011-1,0.0,0.0,0.0,0.0,0.0,0.0,0.0,7.0,0.0,0.0,False,False,True,0,0,False,0,0.0
40152-011-10,0.0,0.0,0.0,0.0,0.0,0.0,0.0,1.0,0.0,0.0,False,False,True,0,0,False,0,0.0
40152-011-12,0.0,0.0,0.0,0.0,0.0,0.0,0.0,10.0,0.0,0.0,False,False,True,0,0,False,0,0.0
40152-011-1Y,0.0,0.0,0.0,0.0,0.0,0.0,0.0,5.0,0.0,0.0,False,False,True,0,0,False,0,0.0
40152-011-2,0.0,0.0,0.0,0.0,0.0,0.0,0.0,36.0,0.0,0.0,False,False,True,0,0,False,0,0.0
40152-011-3Y,0.0,0.0,0.0,0.0,0.0,0.0,0.0,33.0,0.0,0.0,False,False,True,0,0,False,0,0.0
40152-011-5,0.0,0.0,0.0,0.0,0.0,0.0,0.0,6.0,0.0,0.0,False,False,True,0,0,False,0,0.0
40152-05T-1,0.0,0.0,0.0,0.0,0.0,0.0,0.0,6.0,0.0,0.0,False,False,True,0,0,False,0,0.0
40152-05T-10,0.0,0.0,0.0,0.0,0.0,0.0,0.0,6.0,0.0,0.0,False,False,True,0,0,False,0,0.0
40152-05T-12,0.0,0.0,0.0,0.0,0.0,0.0,0.0,3.0,0.0,0.0,False,False,True,0,0,False,0,0.0
40152-05T-1Y,0.0,0.0,0.0,0.0,0.0,0.0,0.0,7.0,0.0,0.0,False,False,True,0,0,False,0,0.0
40152-05T-2,0.0,0.0,0.0,0.0,0.0,0.0,0.0,26.0,0.0,0.0,False,False,True,0,0,False,0,0.0
40152-05T-3Y,0.0,0.0,0.0,0.0,0.0,0.0,0.0,3.0,0.0,0.0,False,False,True,0,0,False,0,0.0
40152-05T-5,0.0,0.0,0.0,0.0,0.0,0.0,0.0,4.0,0.0,0.0,False,False,True,0,0,False,0,0.0
40152-05T-7,0.0,0.0,0.0,0.0,0.0,0.0,0.0,12.0,0.0,0.0,False,False,True,0,0,False,0,0.0
40152-41T-1,0.0,0.0,0.0,0.0,0.0,0.0,0.0,8.0,0.0,0.0,False,False,True,0,0,False,0,0.0
40152-41T-10,0.0,0.0,0.0,0.0,0.0,0.0,0.0,7.0,0.0,0.0,False,False,True,0,0,False,0,0.0
40152-41T-12,0.0,0.0,0.0,0.0,0.0,0.0,0.0,10.0,0.0,0.0,False,False,True,0,0,False,0,0.0
40152-41T-1Y,0.0,0.0,0.0,0.0,0.0,0.0,0.0,20.0,0.0,0.0,False,False,True,0,0,False,0,0.0
40152-41T-2,0.0,0.0,0.0,0.0,0.0,0.0,0.0,11.0,0.0,0.0,False,False,True,0,0,False,0,0.0
40152-41T-3Y,0.0,0.0,0.0,0.0,0.0,0.0,0.0,38.0,0.0,0.0,False,False,True,0,0,False,0,0.0
40152-41T-7,0.0,0.0,0.0,0.0,0.0,0.0,0.0,6.0,0.0,0.0,False,False,True,0,0,False,0,0.0
40152-A79-10,0.0,0.0,0.0,0.0,1.0,1.0,0.0,0.0,0.0,0.0,False,True,False,0,0,False,1,1.0
40152-A79-5,0.0,0.0,0.0,0.0,1.0,1.0,0.0,0.0,0.0,0.0,False,True,False,0,0,False,1,1.0
40152-A91-10,0.0,0.0,0.0,0.0,0.0,0.0,0.0,2.0,0.0,0.0,False,False,True,0,0,False,0,0.0
40152-A91-12,0.0,0.0,0.0,0.0,0.0,0.0,0.0,12.0,0.0,0.0,False,False,True,0,0,False,0,0.0
40152-A91-1Y,0.0,0.0,0.0,0.0,0.0,0.0,0.0,36.0,0.0,0.0,False,False,True,0,0,False,0,0.0
40152-A91-2,0.0,0.0,0.0,0.0,0.0,0.0,0.0,26.0,0.0,0.0,False,False,True,0,0,False,0,0.0
40152-A91-3Y,0.0,0.0,0.0,0.0,0.0,0.0,0.0,4.0,0.0,0.0,False,False,True,0,0,False,0,0.0
40152-A91-5,0.0,0.0,0.0,0.0,0.0,0.0,0.0,54.0,0.0,0.0,False,False,True,0,0,False,0,0.0
40152-A91-7,0.0,0.0,0.0,0.0,0.0,0.0,0.0,3.0,0.0,0.0,False,False,True,0,0,False,0,0.0
40152-LA0-10,0.0,0.0,0.0,0.0,1.0,1.0,0.0,0.0,0.0,0.0,False,True,False,0,0,False,1,1.0
40152-LA0-12,0.0,0.0,0.0,0.0,1.0,1.0,0.0,0.0,0.0,0.0,False,True,False,0,0,False,1,1.0
40152-M23-1Y,0.0,0.0,0.0,0.0,0.0,0.0,0.0,97.0,0.0,0.0,False,False,True,0,0,False,0,0.0
40152-NV2-1,0.0,0.0,0.0,0.0,0.0,0.0,0.0,10.0,0.0,0.0,False,False,True,0,0,False,0,0.0
40152-NV2-10,0.0,0.0,0.0,0.0,0.0,0.0,0.0,12.0,0.0,0.0,False,False,True,0,0,False,0,0.0
40152-NV2-12,0.0,0.0,0.0,0.0,0.0,0.0,0.0,2.0,0.0,0.0,False,False,True,0,0,False,0,0.0
40152-NV2-1Y,0.0,0.0,0.0,0.0,0.0,0.0,0.0,5.0,0.0,0.0,False,False,True,0,0,False,0,0.0
40152-NV2-2,0.0,0.0,0.0,0.0,0.0,0.0,0.0,30.0,0.0,0.0,False,False,True,0,0,False,0,0.0
40152-NV2-3Y,0.0,0.0,0.0,0.0,0.0,0.0,0.0,34.0,0.0,0.0,False,False,True,0,0,False,0,0.0
40152-NV2-5,0.0,0.0,0.0,0.0,0.0,0.0,0.0,9.0,0.0,0.0,False,False,True,0,0,False,0,0.0
40152-NV2-7,0.0,0.0,0.0,0.0,0.0,0.0,0.0,2.0,0.0,0.0,False,False,True,0,0,False,0,0.0
40152-PV5-1,0.0,0.0,0.0,0.0,0.0,0.0,0.0,20.0,0.0,0.0,False,False,True,0,0,False,0,0.0
40152-PV5-10,0.0,0.0,0.0,0.0,0.0,0.0,0.0,8.0,0.0,0.0,False,False,True,0,0,False,0,0.0
40152-PV5-1Y,0.0,0.0,0.0,0.0,0.0,0.0,0.0,12.0,0.0,0.0,False,False,True,0,0,False,0,0.0
40152-PV5-2,0.0,0.0,0.0,0.0,0.0,0.0,0.0,21.0,0.0,0.0,False,False,True,0,0,False,0,0.0
40152-PV5-5,0.0,0.0,0.0,0.0,0.0,0.0,0.0,30.0,0.0,0.0,False,False,True,0,0,False,0,0.0
40152-PV5-7,0.0,0.0,0.0,0.0,0.0,0.0,0.0,20.0,0.0,0.0,False,False,True,0,0,False,0,0.0
40152-PV5-NB,0.0,0.0,0.0,0.0,0.0,0.0,0.0,4.0,0.0,0.0,False,False,True,0,0,False,0,0.0
40899-TN6-S,0.0,0.0,0.0,0.0,0.0,0.0,0.0,4.0,0.0,0.0,False,False,True,0,0,False,0,0.0
40899-TN6-XS,0.0,0.0,0.0,0.0,0.0,0.0,0.0,2.0,0.0,0.0,False,False,True,0,0,False,0,0.0
40899-TU9-L,0.0,0.0,0.0,0.0,0.0,0.0,0.0,32.0,0.0,0.0,False,False,True,0,0,False,0,0.0
40899-TU9-M,0.0,0.0,0.0,0.0,0.0,0.0,0.0,6.0,0.0,0.0,False,False,True,0,0,False,0,0.0
40899-TU9-S,0.0,0.0,0.0,0.0,0.0,0.0,0.0,3.0,0.0,0.0,False,False,True,0,0,False,0,0.0
40899-TU9-XL,0.0,0.0,0.0,0.0,0.0,0.0,0.0,2.0,0.0,0.0,False,False,True,0,0,False,0,0.0
40899-TU9-XS,0.0,0.0,0.0,0.0,0.0,0.0,0.0,1.0,0.0,0.0,False,False,True,0,0,False,0,0.0
40899-TU9-XXL,0.0,0.0,0.0,0.0,0.0,0.0,0.0,3.0,0.0,0.0,False,False,True,0,0,False,0,0.0
41355-015-90,0.0,0.0,0.0,0.0,1.0,1.0,0.0,0.0,0.0,0.0,False,True,False,0,0,False,1,1.0
41378-015-100,0.0,0.0,0.0,0.0,1.0,1.0,0.0,0.0,0.0,0.0,False,True,False,0,0,False,1,1.0
41378-015-130,0.0,0.0,0.0,0.0,1.0,1.0,0.0,0.0,0.0,0.0,False,True,False,0,0,False,1,1.0
41378-45H-100,0.0,0.0,0.0,0.0,1.0,1.0,0.0,0.0,0.0,0.0,False,True,False,0,0,False,1,1.0
41378-45H-130,0.0,0.0,0.0,0.0,1.0,1.0,0.0,0.0,0.0,0.0,False,True,False,0,0,False,1,1.0
41378-A91-120,0.0,0.0,0.0,0.0,1.0,1.0,0.0,0.0,0.0,0.0,False,True,False,0,0,False,1,1.0
41378-A91-130,0.0,0.0,0.0,0.0,1.0,1.0,0.0,0.0,0.0,0.0,False,True,False,0,0,False,1,1.0
41378-GK3-100,0.0,0.0,0.0,0.0,2.0,2.0,0.0,0.0,0.0,0.0,False,True,False,0,0,False,2,2.0
41378-GK3-110,0.0,0.0,0.0,0.0,1.0,1.0,0.0,0.0,0.0,0.0,False,True,False,0,0,False,1,1.0
41378-GK3-120,0.0,0.0,0.0,0.0,1.0,1.0,0.0,0.0,0.0,0.0,False,True,False,0,0,False,1,1.0
41378-GK3-130,0.0,0.0,0.0,0.0,2.0,2.0,0.0,0.0,0.0,0.0,False,True,False,0,0,False,2,2.0
41378-GK3-160,0.0,0.0,0.0,0.0,1.0,1.0,0.0,0.0,0.0,0.0,False,True,False,0,0,False,1,1.0
41378-GK3-90,0.0,0.0,0.0,0.0,1.0,1.0,0.0,0.0,0.0,0.0,False,True,False,0,0,False,1,1.0
41378-JB9-120,0.0,0.0,0.0,0.0,1.0,1.0,0.0,0.0,0.0,0.0,False,True,False,0,0,False,1,1.0
41378-JB9-90,0.0,0.0,0.0,0.0,1.0,1.0,0.0,0.0,0.0,0.0,False,True,False,0,0,False,1,1.0
41378-M23-90,0.0,0.0,0.0,0.0,1.0,1.0,0.0,0.0,0.0,0.0,False,True,False,0,0,False,1,1.0
41423-SR4-100,0.0,0.0,0.0,0.0,0.0,0.0,0.0,2.0,0.0,0.0,False,False,True,0,0,False,0,0.0
41423-SR4-110,0.0,0.0,0.0,0.0,0.0,0.0,0.0,8.0,0.0,0.0,False,False,True,0,0,False,0,0.0
41423-SR4-130,0.0,0.0,0.0,0.0,0.0,0.0,0.0,1.0,0.0,0.0,False,False,True,0,0,False,0,0.0
41423-SR4-140,0.0,0.0,0.0,0.0,0.0,0.0,0.0,4.0,0.0,0.0,False,False,True,0,0,False,0,0.0
41516-19H-110,0.0,0.0,0.0,0.0,1.0,1.0,0.0,0.0,0.0,0.0,False,True,False,0,0,False,1,1.0
41904-GN1-60,0.0,0.0,0.0,0.0,1.0,1.0,0.0,0.0,0.0,0.0,False,True,False,0,0,False,1,1.0
41904-HR1-80,0.0,0.0,0.0,0.0,1.0,1.0,0.0,0.0,0.0,0.0,False,True,False,0,0,False,1,1.0
41904-NF1-70,0.0,0.0,0.0,0.0,1.0,1.0,0.0,0.0,0.0,0.0,False,True,False,0,0,False,1,1.0
42026-FV7-100,0.0,0.0,0.0,0.0,0.0,0.0,0.0,0.0,0.0,0.0,False,False,False,2,1,True,0,1.0
42026-FV7-110,0.0,0.0,0.0,0.0,0.0,0.0,0.0,0.0,0.0,0.0,False,False,False,2,1,True,0,1.0
42026-FV7-120,0.0,0.0,0.0,0.0,0.0,0.0,0.0,0.0,0.0,0.0,False,False,False,2,1,True,0,1.0
42026-FV7-130,0.0,0.0,0.0,0.0,0.0,0.0,0.0,0.0,0.0,0.0,False,False,False,2,1,True,0,1.0
42026-FV7-140,0.0,0.0,0.0,0.0,0.0,0.0,0.0,0.0,0.0,0.0,False,False,False,2,1,True,0,1.0
42026-FV7-150,0.0,0.0,0.0,0.0,0.0,0.0,0.0,0.0,0.0,0.0,False,False,False,2,1,True,0,1.0
42026-FV7-160,0.0,0.0,0.0,0.0,0.0,0.0,0.0,0.0,0.0,0.0,False,False,False,2,1,True,0,1.0
42026-FV7-60,1.0,1.0,0.017857142857142856,0.125,0.0,0.0,0.0,0.0,0.0,0.0,True,False,False,2,1,True,0,2.5
42026-FV7-70,14.0,12.0,0.25,1.75,2.0,1.0,1.0,0.0,0.0,0.0,True,True,False,2,1,True,5,23.66875
42026-FV7-75,0.0,0.0,0.0,0.0,0.0,0.0,0.0,0.0,0.0,0.0,False,False,False,2,1,True,0,1.0
42026-FV7-80,0.0,0.0,0.0,0.0,0.0,0.0,0.0,0.0,0.0,0.0,False,False,False,2,1,True,0,1.0
42026-FV7-80_85,0.0,0.0,0.0,0.0,0.0,0.0,0.0,0.0,0.0,0.0,False,False,False,2,1,True,0,1.0
42026-FV7-85,0.0,0.0,0.0,0.0,0.0,0.0,0.0,0.0,0.0,0.0,False,False,False,2,1,True,0,1.0
42026-FV7-90,0.0,0.0,0.0,0.0,0.0,0.0,0.0,0.0,0.0,0.0,False,False,False,2,1,True,0,1.0
42067-75Z-100,13.0,12.0,0.23214285714285715,1.625,0.0,0.0,0.0,9132.0,3037.0,3037.0,True,False,True,0,0,False,3,21.125
42067-75Z-110,13.0,10.0,0.23214285714285715,1.625,1.0,1.0,0.0,10837.0,3560.0,3560.0,True,True,True,0,0,False,4,21.125
42067-75Z-120,13.0,10.0,0.23214285714285715,1.625,0.0,0.0,0.0,12632.0,4232.0,4232.0,True,False,True,0,0,False,3,21.125
42067-75Z-130,1.0,1.0,0.017857142857142856,0.125,0.0,0.0,0.0,10263.0,3463.0,3463.0,True,False,True,0,0,False,0,1.625
42067-75Z-140,0.0,0.0,0.0,0.0,1.0,1.0,0.0,7473.0,2513.0,2513.0,False,True,True,0,0,False,1,1.0
42067-75Z-150,0.0,0.0,0.0,0.0,0.0,0.0,0.0,5040.0,1615.0,1615.0,False,False,True,0,0,False,0,0.0
42067-75Z-160,2.0,2.0,0.03571428571428571,0.25,0.0,0.0,0.0,3444.0,1263.0,1263.0,True,False,True,0,0,False,1,3.25
42067-75Z-75,0.0,0.0,0.0,0.0,0.0,0.0,0.0,1309.0,397.0,397.0,False,False,True,0,0,False,0,0.0
42067-75Z-80,1.0,1.0,0.017857142857142856,0.125,0.0,0.0,0.0,2008.0,645.0,645.0,True,False,True,0,0,False,0,1.625
42067-75Z-85,7.0,7.0,0.125,0.875,0.0,0.0,0.0,4509.0,1487.0,1487.0,True,False,True,0,0,False,2,11.375
42067-75Z-90,7.0,7.0,0.125,0.875,2.0,2.0,0.0,8353.0,2788.0,2788.0,True,True,True,0,0,False,3,12.5
42068-75Z-L,5.0,3.0,0.08928571428571429,0.625,2.0,1.0,1.0,0.0,0.0,0.0,True,True,False,2,1,True,3,9.5
42068-75Z-M,1.0,1.0,0.017857142857142856,0.125,3.0,2.0,1.0,0.0,0.0,0.0,True,True,False,2,1,True,3,4.5
42068-75Z-S,2.0,2.0,0.03571428571428571,0.25,0.0,0.0,0.0,0.0,0.0,0.0,True,False,False,2,1,True,1,4.0
42068-75Z-XL,0.0,0.0,0.0,0.0,2.0,1.0,1.0,0.0,0.0,0.0,False,True,False,2,1,True,2,2.0
42068-75Z-XS,0.0,0.0,0.0,0.0,2.0,1.0,1.0,0.0,0.0,0.0,False,True,False,2,1,True,2,2.0
42068-75Z-XXL,0.0,0.0,0.0,0.0,0.0,0.0,0.0,0.0,0.0,0.0,False,False,False,2,1,True,0,1.0
42318-75Z-50,12.0,11.0,0.21428571428571427,1.5,0.0,0.0,0.0,0.0,0.0,0.0,True,False,False,2,1,True,4,23.0
42318-75Z-60,13.0,11.0,0.23214285714285715,1.625,0.0,0.0,0.0,0.0,0.0,0.0,True,False,False,2,1,True,4,24.5
42318-75Z-70,9.0,7.0,0.16071428571428573,1.125,0.0,0.0,0.0,0.0,0.0,0.0,True,False,False,2,1,True,3,18.5
42318-75Z-75,7.0,7.0,0.125,0.875,0.0,0.0,0.0,2300.0,0.0,0.0,True,False,True,2,1,True,3,15.5
42318-75Z-80,1.0,1.0,0.017857142857142856,0.125,0.0,0.0,0.0,1500.0,0.0,0.0,True,False,True,2,1,True,2,6.5
42318-75Z-85,5.0,5.0,0.08928571428571429,0.625,0.0,0.0,0.0,500.0,0.0,0.0,True,False,True,2,1,True,2,12.5
42318-75Z-90,4.0,4.0,0.07142857142857142,0.5,0.0,0.0,0.0,300.0,0.0,0.0,True,False,True,2,1,True,2,11.0
42318-75Z-NB,0.0,0.0,0.0,0.0,0.0,0.0,0.0,0.0,0.0,0.0,False,False,False,2,1,True,1,5.0
42835-NV2-M,0.0,0.0,0.0,0.0,0.0,0.0,0.0,246.0,0.0,0.0,False,False,True,0,0,False,0,0.0
42835-PV5-L,0.0,0.0,0.0,0.0,0.0,0.0,0.0,8.0,0.0,0.0,False,False,True,0,0,False,0,0.0
42835-PV5-XXS,0.0,0.0,0.0,0.0,0.0,0.0,0.0,4.0,0.0,0.0,False,False,True,0,0,False,0,0.0
43197-011-100,0.0,0.0,0.0,0.0,0.0,0.0,0.0,2.0,0.0,0.0,False,False,True,0,0,False,0,0.0
43197-011-110,0.0,0.0,0.0,0.0,0.0,0.0,0.0,6.0,0.0,0.0,False,False,True,0,0,False,0,0.0
43197-011-120,0.0,0.0,0.0,0.0,1.0,1.0,0.0,14.0,0.0,0.0,False,True,True,0,0,False,1,1.0
43197-011-130,0.0,0.0,0.0,0.0,0.0,0.0,0.0,11.0,0.0,0.0,False,False,True,0,0,False,0,0.0
43197-011-140,0.0,0.0,0.0,0.0,0.0,0.0,0.0,12.0,0.0,0.0,False,False,True,0,0,False,0,0.0
43197-011-150,0.0,0.0,0.0,0.0,0.0,0.0,0.0,13.0,0.0,0.0,False,False,True,0,0,False,0,0.0
43197-015-120,0.0,0.0,0.0,0.0,1.0,1.0,0.0,0.0,0.0,0.0,False,True,False,0,0,False,1,1.0
43197-AM7-100,0.0,0.0,0.0,0.0,1.0,1.0,0.0,0.0,0.0,0.0,False,True,False,0,0,False,1,1.0
43197-PV5-120,0.0,0.0,0.0,0.0,1.0,1.0,0.0,0.0,0.0,0.0,False,True,False,0,0,False,1,1.0
43205-011-100,237.0,43.0,4.232142857142857,29.624999999999996,9.0,5.0,4.0,0.0,0.0,0.0,True,True,False,2,1,True,99,525.5
43205-011-110,262.0,46.0,4.678571428571429,32.75,23.0,12.0,11.0,0.0,0.0,0.0,True,True,False,2,1,True,104,563.0
43205-011-120,346.0,48.0,6.178571428571429,43.25,13.0,9.0,4.0,0.0,0.0,0.0,True,True,False,2,1,True,122,689.0
43205-011-130,254.0,45.0,4.535714285714286,31.75,18.0,12.0,6.0,0.0,0.0,0.0,True,True,False,2,1,True,102,551.0
43205-011-140,149.0,45.0,2.6607142857142856,18.625,4.0,3.0,1.0,0.0,0.0,0.0,True,True,False,2,1,True,80,393.5
43205-011-150,114.0,41.0,2.0357142857142856,14.25,4.0,2.0,2.0,0.0,0.0,0.0,True,True,False,2,1,True,73,341.0
43205-011-85,83.0,36.0,1.4821428571428572,10.375,6.0,3.0,3.0,0.0,0.0,0.0,True,True,False,2,1,True,66,294.5
43205-011-90,165.0,42.0,2.9464285714285716,20.625,12.0,6.0,6.0,0.0,0.0,0.0,True,True,False,2,1,True,84,417.5
43205-015-100,112.0,28.0,2.0,14.0,0.0,0.0,0.0,0.0,0.0,0.0,True,False,False,2,1,True,73,340.0
43205-015-110,265.0,45.0,4.732142857142857,33.125,28.0,15.0,13.0,0.0,0.0,0.0,True,True,False,2,1,True,105,569.5
43205-015-120,400.0,47.0,7.142857142857143,50.0,11.0,6.0,5.0,0.0,0.0,0.0,True,True,False,2,1,True,134,772.0
43205-015-130,316.0,45.0,5.642857142857143,39.5,27.0,14.0,13.0,0.0,0.0,0.0,True,True,False,2,1,True,116,646.0
43205-015-140,212.0,43.0,3.7857142857142856,26.5,17.0,9.0,8.0,0.0,0.0,0.0,True,True,False,2,1,True,94,490.0
43205-015-150,173.0,39.0,3.0892857142857144,21.625,5.0,3.0,2.0,0.0,0.0,0.0,True,True,False,2,1,True,86,431.5
43205-015-85,85.0,34.0,1.5178571428571428,10.625,0.0,0.0,0.0,0.0,0.0,0.0,True,False,False,2,1,True,67,299.5
43205-015-90,167.0,43.0,2.982142857142857,20.875,12.0,6.0,6.0,0.0,0.0,0.0,True,True,False,2,1,True,85,422.5
43205-5HC-100,598.0,48.0,10.678571428571429,74.75,36.0,19.0,17.0,0.0,0.0,0.0,True,True,False,2,1,True,235,1274.0
43205-5HC-110,716.0,47.0,12.785714285714286,89.5,35.0,21.0,14.0,0.0,0.0,0.0,True,True,False,2,1,True,260,1451.0
43205-5HC-120,835.0,48.0,14.910714285714286,104.375,43.0,24.0,19.0,0.0,0.0,0.0,True,True,False,2,1,True,285,1629.5
43205-5HC-130,508.0,47.0,9.071428571428571,63.5,30.0,16.0,14.0,0.0,0.0,0.0,True,True,False,2,1,True,215,1139.0
43205-5HC-140,257.0,45.0,4.589285714285714,32.125,6.0,3.0,3.0,0.0,0.0,0.0,True,True,False,2,1,True,162,762.5
43205-5HC-150,147.0,41.0,2.625,18.375,5.0,3.0,2.0,0.0,0.0,0.0,True,True,False,2,1,True,139,597.5
43205-5HC-85,210.0,45.0,3.75,26.25,7.0,4.0,3.0,0.0,0.0,0.0,True,True,False,2,1,True,152,692.0
43205-5HC-90,413.0,48.0,7.375,51.625,38.0,20.0,18.0,0.0,0.0,0.0,True,True,False,2,1,True,195,996.5
43205-5HV-100,196.0,37.0,3.5,24.5,0.0,0.0,0.0,0.0,0.0,0.0,True,False,False,2,1,True,84,443.0
43205-5HV-110,270.0,46.0,4.821428571428571,33.75,13.0,7.0,6.0,0.0,0.0,0.0,True,True,False,2,1,True,100,554.0
43205-5HV-120,278.0,43.0,4.964285714285714,34.75,21.0,11.0,10.0,0.0,0.0,0.0,True,True,False,2,1,True,102,566.0
43205-5HV-130,193.0,44.0,3.4464285714285716,24.125,25.0,13.0,12.0,0.0,0.0,0.0,True,True,False,2,1,True,84,438.5
43205-5HV-140,111.0,42.0,1.9821428571428572,13.875,8.0,4.0,4.0,0.0,0.0,0.0,True,True,False,2,1,True,66,315.5
43205-5HV-150,77.0,35.0,1.375,9.625,4.0,2.0,2.0,0.0,0.0,0.0,True,True,False,2,1,True,59,264.5
43205-5HV-85,45.0,19.0,0.8035714285714286,5.625,0.0,0.0,0.0,0.0,0.0,0.0,True,False,False,2,1,True,52,216.5
43205-5HV-90,153.0,37.0,2.732142857142857,19.125,2.0,1.0,1.0,0.0,0.0,0.0,True,True,False,2,1,True,75,378.5
43205-GK3-100,363.0,48.0,6.482142857142857,45.375,8.0,4.0,4.0,0.0,0.0,0.0,True,True,False,2,1,True,150,801.5
43205-GK3-110,427.0,47.0,7.625,53.375,20.0,10.0,10.0,0.0,0.0,0.0,True,True,False,2,1,True,164,897.5
43205-GK3-120,548.0,47.0,9.785714285714286,68.5,52.0,28.0,24.0,0.0,0.0,0.0,True,True,False,2,1,True,190,1079.0
43205-GK3-130,406.0,46.0,7.25,50.75,18.0,10.0,8.0,0.0,0.0,0.0,True,True,False,2,1,True,160,866.0
43205-GK3-140,243.0,44.0,4.339285714285714,30.375,13.0,7.0,6.0,0.0,0.0,0.0,True,True,False,2,1,True,125,621.5
43205-GK3-150,153.0,43.0,2.732142857142857,19.125,1.0,1.0,0.0,0.0,0.0,0.0,True,True,False,2,1,True,106,486.5
43205-GK3-85,149.0,42.0,2.6607142857142856,18.625,1.0,1.0,0.0,0.0,0.0,0.0,True,True,False,2,1,True,105,480.5
43205-GK3-90,244.0,48.0,4.357142857142857,30.499999999999996,18.0,9.0,9.0,0.0,0.0,0.0,True,True,False,2,1,True,125,623.0
43205-KA4-130,0.0,0.0,0.0,0.0,1.0,1.0,0.0,0.0,0.0,0.0,False,True,False,0,0,False,1,1.0
43205-SR4-100,336.0,48.0,6.0,42.0,28.0,14.0,14.0,0.0,0.0,0.0,True,True,False,2,1,True,131,712.0
43205-SR4-110,347.0,47.0,6.196428571428571,43.375,17.0,9.0,8.0,0.0,0.0,0.0,True,True,False,2,1,True,133,728.5
43205-SR4-120,491.0,46.0,8.767857142857142,61.375,19.0,12.0,7.0,0.0,0.0,0.0,True,True,False,2,1,True,164,944.5
43205-SR4-130,352.0,44.0,6.285714285714286,44.0,13.0,8.0,5.0,0.0,0.0,0.0,True,True,False,2,1,True,134,736.0
43205-SR4-140,187.0,46.0,3.3392857142857144,23.375,16.0,8.0,8.0,0.0,0.0,0.0,True,True,False,2,1,True,99,488.5
43205-SR4-150,179.0,42.0,3.1964285714285716,22.375,4.0,2.0,2.0,0.0,0.0,0.0,True,True,False,2,1,True,97,476.5
43205-SR4-85,126.0,42.0,2.25,15.75,12.0,6.0,6.0,0.0,0.0,0.0,True,True,False,2,1,True,86,397.0
43205-SR4-90,217.0,46.0,3.875,27.125,12.0,6.0,6.0,0.0,0.0,0.0,True,True,False,2,1,True,105,533.5
44089-NR9-85,0.0,0.0,0.0,0.0,1.0,1.0,0.0,0.0,0.0,0.0,False,True,False,0,0,False,1,1.0
44223-CW2-100,17.0,14.0,0.30357142857142855,2.125,4.0,2.0,2.0,0.0,0.0,0.0,True,True,False,2,1,True,8,37.5
44223-CW2-110,21.0,18.0,0.375,2.625,0.0,0.0,0.0,0.0,0.0,0.0,True,False,False,2,1,True,8,43.5
44223-CW2-120,29.0,21.0,0.5178571428571429,3.6250000000000004,2.0,1.0,1.0,0.0,0.0,0.0,True,True,False,2,1,True,10,55.5
44223-CW2-130,38.0,26.0,0.6785714285714286,4.75,0.0,0.0,0.0,0.0,0.0,0.0,True,False,False,2,1,True,11,69.0
44223-CW2-140,19.0,13.0,0.3392857142857143,2.375,0.0,0.0,0.0,0.0,0.0,0.0,True,False,False,2,1,True,7,40.5
44223-CW2-150,0.0,0.0,0.0,0.0,0.0,0.0,0.0,0.0,0.0,0.0,False,False,False,2,1,True,3,12.0
44223-CW2-85,13.0,11.0,0.23214285714285715,1.625,0.0,0.0,0.0,0.0,0.0,0.0,True,False,False,2,1,True,6,31.5
44223-CW2-90,24.0,17.0,0.42857142857142855,3.0,0.0,0.0,0.0,0.0,0.0,0.0,True,False,False,2,1,True,9,48.0
44403-2BX-L,0.0,0.0,0.0,0.0,0.0,0.0,0.0,0.0,0.0,0.0,False,False,False,2,1,True,1,4.0
44403-2BX-M,1.0,1.0,0.017857142857142856,0.125,0.0,0.0,0.0,0.0,0.0,0.0,True,False,False,2,1,True,1,5.5
44403-2BX-S,22.0,13.0,0.39285714285714285,2.75,0.0,0.0,0.0,0.0,0.0,0.0,True,False,False,2,1,True,6,37.0
44403-2BX-XL,0.0,0.0,0.0,0.0,0.0,0.0,0.0,0.0,0.0,0.0,False,False,False,2,1,True,1,4.0
44403-2BX-XS,9.0,7.0,0.16071428571428573,1.125,0.0,0.0,0.0,0.0,0.0,0.0,True,False,False,2,1,True,3,17.5
44403-2BX-XXL,0.0,0.0,0.0,0.0,0.0,0.0,0.0,0.0,0.0,0.0,False,False,False,2,1,True,1,4.0
44403-2CF-L,52.0,29.0,0.9285714285714286,6.5,0.0,0.0,0.0,0.0,0.0,0.0,True,False,False,2,1,True,18,101.0
44403-2CF-M,65.0,34.0,1.1607142857142858,8.125,5.0,3.0,2.0,0.0,0.0,0.0,True,True,False,2,1,True,20,120.5
44403-2CF-S,45.0,24.0,0.8035714285714286,5.625,2.0,1.0,1.0,0.0,0.0,0.0,True,True,False,2,1,True,16,90.5
44403-2CF-XL,0.0,0.0,0.0,0.0,0.0,0.0,0.0,0.0,0.0,0.0,False,False,False,2,1,True,7,23.0
44403-2CF-XS,10.0,9.0,0.17857142857142858,1.25,0.0,0.0,0.0,0.0,0.0,0.0,True,False,False,2,1,True,9,38.0
44403-2CF-XXL,0.0,0.0,0.0,0.0,0.0,0.0,0.0,0.0,0.0,0.0,False,False,False,2,1,True,7,23.0
44403-2CH-L,50.0,28.0,0.8928571428571429,6.25,2.0,1.0,1.0,0.0,0.0,0.0,True,True,False,2,1,True,15,89.0
44403-2CH-M,53.0,25.0,0.9464285714285714,6.625,4.0,2.0,2.0,0.0,0.0,0.0,True,True,False,2,1,True,16,93.5
44403-2CH-S,37.0,26.0,0.6607142857142857,4.625,6.0,3.0,3.0,0.0,0.0,0.0,True,True,False,2,1,True,14,69.5
44403-2CH-XL,9.0,8.0,0.16071428571428573,1.125,0.0,0.0,0.0,0.0,0.0,0.0,True,False,False,2,1,True,6,27.5
44403-2CH-XS,11.0,11.0,0.19642857142857142,1.375,0.0,0.0,0.0,0.0,0.0,0.0,True,False,False,2,1,True,6,30.5
44403-2CH-XXL,0.0,0.0,0.0,0.0,0.0,0.0,0.0,0.0,0.0,0.0,False,False,False,2,1,True,4,14.0
44403-75Z-L,6.0,6.0,0.10714285714285714,0.75,0.0,0.0,0.0,0.0,0.0,0.0,True,False,False,2,1,True,2,11.0
44403-75Z-M,10.0,10.0,0.17857142857142858,1.25,0.0,0.0,0.0,0.0,0.0,0.0,True,False,False,2,1,True,3,17.0
44403-75Z-S,5.0,5.0,0.08928571428571429,0.625,0.0,0.0,0.0,0.0,0.0,0.0,True,False,False,2,1,True,2,9.5
44403-75Z-XL,3.0,2.0,0.05357142857142857,0.375,0.0,0.0,0.0,0.0,0.0,0.0,True,False,False,2,1,True,1,6.5
44403-75Z-XS,1.0,1.0,0.017857142857142856,0.125,0.0,0.0,0.0,0.0,0.0,0.0,True,False,False,2,1,True,1,3.5
44403-75Z-XXL,2.0,2.0,0.03571428571428571,0.25,0.0,0.0,0.0,0.0,0.0,0.0,True,False,False,2,1,True,1,5.0
44403-Q84-XS,0.0,0.0,0.0,0.0,1.0,1.0,0.0,0.0,0.0,0.0,False,True,False,0,0,False,1,1.0
44403-QX6-L,0.0,0.0,0.0,0.0,0.0,0.0,0.0,0.0,0.0,0.0,False,False,False,2,1,True,8,27.0
44403-QX6-M,119.0,40.0,2.125,14.875,0.0,0.0,0.0,0.0,0.0,0.0,True,False,False,2,1,True,33,205.5
44403-QX6-S,102.0,37.0,1.8214285714285714,12.75,6.0,3.0,3.0,0.0,0.0,0.0,True,True,False,2,1,True,29,180.0
44403-QX6-XL,0.0,0.0,0.0,0.0,0.0,0.0,0.0,0.0,0.0,0.0,False,False,False,2,1,True,8,27.0
44403-QX6-XS,20.0,16.0,0.35714285714285715,2.5,0.0,0.0,0.0,0.0,0.0,0.0,True,False,False,2,1,True,12,57.0
44403-QX6-XXL,0.0,0.0,0.0,0.0,0.0,0.0,0.0,0.0,0.0,0.0,False,False,False,2,1,True,8,27.0
44403-XS9,0.0,0.0,0.0,0.0,0.0,0.0,0.0,0.0,0.0,0.0,False,False,False,2,1,True,1,2.0
44403-XS9-80,0.0,0.0,0.0,0.0,0.0,0.0,0.0,0.0,0.0,0.0,False,False,False,2,1,True,1,2.0
44403-XS9-L,0.0,0.0,0.0,0.0,0.0,0.0,0.0,0.0,0.0,0.0,False,False,False,2,1,True,1,2.0
44403-XS9-M,0.0,0.0,0.0,0.0,0.0,0.0,0.0,0.0,0.0,0.0,False,False,False,2,1,True,1,2.0
44403-XS9-S,0.0,0.0,0.0,0.0,0.0,0.0,0.0,0.0,0.0,0.0,False,False,False,2,1,True,1,2.0
44403-XS9-XL,0.0,0.0,0.0,0.0,0.0,0.0,0.0,0.0,0.0,0.0,False,False,False,2,1,True,1,2.0
44403-XS9-XS,0.0,0.0,0.0,0.0,0.0,0.0,0.0,0.0,0.0,0.0,False,False,False,2,1,True,1,2.0
44403-XS9-XXL,11.0,9.0,0.19642857142857142,1.375,0.0,0.0,0.0,0.0,0.0,0.0,True,False,False,2,1,True,3,18.5
44403-XU1,0.0,0.0,0.0,0.0,0.0,0.0,0.0,0.0,0.0,0.0,False,False,False,2,1,True,0,0.0
44403-XU1-80,0.0,0.0,0.0,0.0,0.0,0.0,0.0,0.0,0.0,0.0,False,False,False,2,1,True,0,0.0
44403-XU1-L,0.0,0.0,0.0,0.0,0.0,0.0,0.0,0.0,0.0,0.0,False,False,False,2,1,True,0,0.0
44403-XU1-M,0.0,0.0,0.0,0.0,0.0,0.0,0.0,0.0,0.0,0.0,False,False,False,2,1,True,0,0.0
44403-XU1-S,0.0,0.0,0.0,0.0,0.0,0.0,0.0,0.0,0.0,0.0,False,False,False,2,1,True,0,0.0
44403-XU1-XL,0.0,0.0,0.0,0.0,0.0,0.0,0.0,0.0,0.0,0.0,False,False,False,2,1,True,0,0.0
44403-XU1-XS,7.0,7.0,0.125,0.875,0.0,0.0,0.0,0.0,0.0,0.0,True,False,False,2,1,True,2,11.76875
44403-XU1-XXL,0.0,0.0,0.0,0.0,0.0,0.0,0.0,0.0,0.0,0.0,False,False,False,2,1,True,0,0.0
44408-50M-110,0.0,0.0,0.0,0.0,1.0,1.0,0.0,0.0,0.0,0.0,False,True,False,0,0,False,1,1.0
44441-128-100/110,0.0,0.0,0.0,0.0,0.0,0.0,0.0,920.0,0.0,0.0,False,False,True,0,0,False,0,0.0
44441-128-120/130,0.0,0.0,0.0,0.0,0.0,0.0,0.0,1091.0,0.0,0.0,False,False,True,0,0,False,0,0.0
44441-128-140/150,0.0,0.0,0.0,0.0,0.0,0.0,0.0,438.0,0.0,0.0,False,False,True,0,0,False,0,0.0
44441-128-80/90,0.0,0.0,0.0,0.0,0.0,0.0,0.0,398.0,0.0,0.0,False,False,True,0,0,False,0,0.0
44441-3UU-100,0.0,0.0,0.0,0.0,0.0,0.0,0.0,0.0,0.0,0.0,False,False,False,2,1,True,3,11.0
44441-3UU-100/110,0.0,0.0,0.0,0.0,0.0,0.0,0.0,832.0,0.0,0.0,False,False,True,2,1,True,3,11.0
44441-3UU-120,0.0,0.0,0.0,0.0,0.0,0.0,0.0,0.0,0.0,0.0,False,False,False,2,1,True,3,11.0
44441-3UU-120/130,101.0,32.0,1.8035714285714286,12.625,0.0,0.0,0.0,986.0,0.0,0.0,True,False,True,2,1,True,27,169.80625
44441-3UU-140,0.0,0.0,0.0,0.0,0.0,0.0,0.0,0.0,0.0,0.0,False,False,False,2,1,True,3,11.0
44441-3UU-140/150,24.0,11.0,0.42857142857142855,3.0,0.0,0.0,0.0,396.0,0.0,0.0,True,False,True,2,1,True,8,47.0
44441-3UU-80,0.0,0.0,0.0,0.0,0.0,0.0,0.0,0.0,0.0,0.0,False,False,False,2,1,True,3,11.0
44441-3UU-80/90,0.0,0.0,0.0,0.0,0.0,0.0,0.0,360.0,0.0,0.0,False,False,True,2,1,True,3,11.0
44441-LA0-120,0.0,0.0,0.0,0.0,1.0,1.0,0.0,0.0,0.0,0.0,False,True,False,0,0,False,1,1.0
44441-R25-100,0.0,0.0,0.0,0.0,1.0,1.0,0.0,0.0,0.0,0.0,False,True,False,0,0,False,1,1.0
44441-R25-100/110,0.0,0.0,0.0,0.0,0.0,0.0,0.0,1864.0,0.0,0.0,False,False,True,0,0,False,0,0.0
44441-R25-120/130,0.0,0.0,0.0,0.0,0.0,0.0,0.0,2209.0,0.0,0.0,False,False,True,0,0,False,0,0.0
44441-R25-140,0.0,0.0,0.0,0.0,1.0,1.0,0.0,0.0,0.0,0.0,False,True,False,0,0,False,1,1.0
44441-R25-140/150,0.0,0.0,0.0,0.0,0.0,0.0,0.0,887.0,0.0,0.0,False,False,True,0,0,False,0,0.0
44441-R25-80/90,0.0,0.0,0.0,0.0,0.0,0.0,0.0,806.0,0.0,0.0,False,False,True,0,0,False,0,0.0
44504-HG8-110,0.0,0.0,0.0,0.0,1.0,1.0,0.0,0.0,0.0,0.0,False,True,False,0,0,False,1,1.0
44634-011-80,0.0,0.0,0.0,0.0,2.0,2.0,0.0,0.0,0.0,0.0,False,True,False,0,0,False,2,2.0
44634-99U-75,0.0,0.0,0.0,0.0,1.0,1.0,0.0,0.0,0.0,0.0,False,True,False,0,0,False,1,1.0
44634-FN9-75,0.0,0.0,0.0,0.0,1.0,1.0,0.0,0.0,0.0,0.0,False,True,False,0,0,False,1,1.0
44634-FN9-85,0.0,0.0,0.0,0.0,1.0,1.0,0.0,0.0,0.0,0.0,False,True,False,0,0,False,1,1.0
44634-GK3-85,0.0,0.0,0.0,0.0,1.0,1.0,0.0,0.0,0.0,0.0,False,True,False,0,0,False,1,1.0
44688-KZ6,0.0,0.0,0.0,0.0,1.0,1.0,0.0,0.0,0.0,0.0,False,True,False,0,0,False,1,1.0
44690-NV2,0.0,0.0,0.0,0.0,1.0,1.0,0.0,0.0,0.0,0.0,False,True,False,0,0,False,1,1.0
44967-HH6-2,0.0,0.0,0.0,0.0,1.0,1.0,0.0,0.0,0.0,0.0,False,True,False,0,0,False,1,1.0
44967-HH6-NB,0.0,0.0,0.0,0.0,0.0,0.0,0.0,90.0,0.0,0.0,False,False,True,0,0,False,0,0.0
44967-HR0-1,0.0,0.0,0.0,0.0,2.0,2.0,0.0,0.0,0.0,0.0,False,True,False,0,0,False,2,2.0
44967-HR0-2,0.0,0.0,0.0,0.0,1.0,1.0,0.0,0.0,0.0,0.0,False,True,False,0,0,False,1,1.0
44967-NE3-2,0.0,0.0,0.0,0.0,1.0,1.0,0.0,0.0,0.0,0.0,False,True,False,0,0,False,1,1.0
45029-DW1-100,33.0,22.0,0.5892857142857143,4.125,0.0,0.0,0.0,17.0,0.0,0.0,True,False,True,2,1,True,11,63.5
45029-DW1-110,24.0,19.0,0.42857142857142855,3.0,2.0,1.0,1.0,24.0,0.0,0.0,True,True,True,2,1,True,9,50.0
45029-DW1-120,35.0,23.0,0.625,4.375,0.0,0.0,0.0,43.0,0.0,0.0,True,False,True,2,1,True,11,66.5
45029-DW1-130,21.0,15.0,0.375,2.625,0.0,0.0,0.0,29.0,0.0,0.0,True,False,True,2,1,True,8,45.5
45029-DW1-140,0.0,0.0,0.0,0.0,0.0,0.0,0.0,15.0,0.0,0.0,False,False,True,2,1,True,4,14.0
45029-DW1-150,0.0,0.0,0.0,0.0,0.0,0.0,0.0,23.0,0.0,0.0,False,False,True,2,1,True,4,14.0
45029-DW1-85,18.0,15.0,0.32142857142857145,2.25,2.0,1.0,1.0,11.0,0.0,0.0,True,True,True,2,1,True,8,41.0
45029-DW1-90,30.0,21.0,0.5357142857142857,3.75,2.0,1.0,1.0,5.0,0.0,0.0,True,True,True,2,1,True,10,59.0
45039-001-10,0.0,0.0,0.0,0.0,0.0,0.0,0.0,0.0,0.0,0.0,False,False,False,2,1,True,0,0.0
45039-001-10/12,0.0,0.0,0.0,0.0,0.0,0.0,0.0,0.0,0.0,0.0,False,False,False,2,1,True,0,0.0
45039-001-12,0.0,0.0,0.0,0.0,0.0,0.0,0.0,0.0,0.0,0.0,False,False,False,2,1,True,0,0.0
45039-001-12/1Y,0.0,0.0,0.0,0.0,0.0,0.0,0.0,0.0,0.0,0.0,False,False,False,2,1,True,0,0.0
45039-001-1Y,0.0,0.0,0.0,0.0,0.0,0.0,0.0,0.0,0.0,0.0,False,False,False,2,1,True,0,0.0
45039-001-1Y/3Y,0.0,0.0,0.0,0.0,0.0,0.0,0.0,0.0,0.0,0.0,False,False,False,2,1,True,0,0.0
45039-001-3Y,0.0,0.0,0.0,0.0,0.0,0.0,0.0,0.0,0.0,0.0,False,False,False,2,1,True,0,0.0
45039-001-3Y/5Y,0.0,0.0,0.0,0.0,0.0,0.0,0.0,0.0,0.0,0.0,False,False,False,2,1,True,0,0.0
45039-001-5,0.0,0.0,0.0,0.0,0.0,0.0,0.0,0.0,0.0,0.0,False,False,False,2,1,True,0,0.0
45039-001-5/7,0.0,0.0,0.0,0.0,0.0,0.0,0.0,0.0,0.0,0.0,False,False,False,2,1,True,0,0.0
45039-001-7,0.0,0.0,0.0,0.0,0.0,0.0,0.0,0.0,0.0,0.0,False,False,False,2,1,True,0,0.0
45039-001-7/9,0.0,0.0,0.0,0.0,0.0,0.0,0.0,0.0,0.0,0.0,False,False,False,2,1,True,0,0.0
45039-PG7-10,0.0,0.0,0.0,0.0,0.0,0.0,0.0,0.0,0.0,0.0,False,False,False,2,1,True,0,0.0
45039-PG7-10/12,0.0,0.0,0.0,0.0,0.0,0.0,0.0,0.0,0.0,0.0,False,False,False,2,1,True,0,0.0
45039-PG7-12,0.0,0.0,0.0,0.0,0.0,0.0,0.0,0.0,0.0,0.0,False,False,False,2,1,True,0,0.0
45039-PG7-12/1Y,0.0,0.0,0.0,0.0,0.0,0.0,0.0,0.0,0.0,0.0,False,False,False,2,1,True,0,0.0
45039-PG7-1Y,0.0,0.0,0.0,0.0,0.0,0.0,0.0,0.0,0.0,0.0,False,False,False,2,1,True,0,0.0
45039-PG7-1Y/3Y,0.0,0.0,0.0,0.0,0.0,0.0,0.0,0.0,0.0,0.0,False,False,False,2,1,True,0,0.0
45039-PG7-3Y,0.0,0.0,0.0,0.0,0.0,0.0,0.0,0.0,0.0,0.0,False,False,False,2,1,True,0,0.0
45039-PG7-3Y/5Y,0.0,0.0,0.0,0.0,0.0,0.0,0.0,0.0,0.0,0.0,False,False,False,2,1,True,0,0.0
45039-PG7-5,0.0,0.0,0.0,0.0,0.0,0.0,0.0,0.0,0.0,0.0,False,False,False,2,1,True,0,0.0
45039-PG7-5/7,0.0,0.0,0.0,0.0,0.0,0.0,0.0,0.0,0.0,0.0,False,False,False,2,1,True,0,0.0
45039-PG7-7,0.0,0.0,0.0,0.0,0.0,0.0,0.0,0.0,0.0,0.0,False,False,False,2,1,True,0,0.0
45039-PG7-7/9,0.0,0.0,0.0,0.0,0.0,0.0,0.0,0.0,0.0,0.0,False,False,False,2,1,True,0,0.0
45262-011-85,0.0,0.0,0.0,0.0,1.0,1.0,0.0,0.0,0.0,0.0,False,True,False,0,0,False,1,1.0
45262-FN9-85,0.0,0.0,0.0,0.0,1.0,1.0,0.0,0.0,0.0,0.0,False,True,False,0,0,False,1,1.0
45262-GK3-85,0.0,0.0,0.0,0.0,1.0,1.0,0.0,0.0,0.0,0.0,False,True,False,0,0,False,1,1.0
45262-KY8-85,0.0,0.0,0.0,0.0,1.0,1.0,0.0,0.0,0.0,0.0,False,True,False,0,0,False,1,1.0
45298-011-60,0.0,0.0,0.0,0.0,1.0,1.0,0.0,0.0,0.0,0.0,False,True,False,0,0,False,1,1.0
45298-A91-60,0.0,0.0,0.0,0.0,1.0,1.0,0.0,0.0,0.0,0.0,False,True,False,0,0,False,1,1.0
45298-A91-80,0.0,0.0,0.0,0.0,1.0,1.0,0.0,0.0,0.0,0.0,False,True,False,0,0,False,1,1.0
45298-A91-85,0.0,0.0,0.0,0.0,1.0,1.0,0.0,0.0,0.0,0.0,False,True,False,0,0,False,1,1.0
45298-JB9-80,0.0,0.0,0.0,0.0,1.0,1.0,0.0,0.0,0.0,0.0,False,True,False,0,0,False,1,1.0
45298-KZ6-70,0.0,0.0,0.0,0.0,1.0,1.0,0.0,0.0,0.0,0.0,False,True,False,0,0,False,1,1.0
45346-011-100,221.0,42.0,3.9464285714285716,27.625,10.0,5.0,5.0,0.0,0.0,0.0,True,True,False,2,1,True,103,528.5
45346-011-110,301.0,47.0,5.375,37.625,14.0,7.0,7.0,0.0,0.0,0.0,True,True,False,2,1,True,120,648.5
45346-011-120,403.0,45.0,7.196428571428571,50.375,20.0,11.0,9.0,0.0,0.0,0.0,True,True,False,2,1,True,142,801.5
45346-011-130,300.0,47.0,5.357142857142857,37.5,18.0,9.0,9.0,0.0,0.0,0.0,True,True,False,2,1,True,120,647.0
45346-011-140,204.0,46.0,3.642857142857143,25.5,4.0,2.0,2.0,0.0,0.0,0.0,True,True,False,2,1,True,100,503.0
45346-011-150,143.0,39.0,2.5535714285714284,17.875,2.0,1.0,1.0,0.0,0.0,0.0,True,True,False,2,1,True,87,411.5
45346-011-85,79.0,33.0,1.4107142857142858,9.875,2.0,1.0,1.0,0.0,0.0,0.0,True,True,False,2,1,True,73,315.5
45346-011-90,173.0,43.0,3.0892857142857144,21.625,8.0,4.0,4.0,0.0,0.0,0.0,True,True,False,2,1,True,93,456.5
45346-015-100,284.0,46.0,5.071428571428571,35.5,2.0,1.0,1.0,0.0,0.0,0.0,True,True,False,2,1,True,129,665.0
45346-015-110,383.0,47.0,6.839285714285714,47.875,34.0,17.0,17.0,0.0,0.0,0.0,True,True,False,2,1,True,150,813.5
45346-015-120,521.0,48.0,9.303571428571429,65.125,28.0,15.0,13.0,0.0,0.0,0.0,True,True,False,2,1,True,179,1020.5
45346-015-130,453.0,47.0,8.089285714285714,56.62499999999999,23.0,13.0,10.0,0.0,0.0,0.0,True,True,False,2,1,True,164,918.5
45346-015-140,342.0,46.0,6.107142857142857,42.75,19.0,10.0,9.0,0.0,0.0,0.0,True,True,False,2,1,True,141,752.0
45346-015-150,251.0,46.0,4.482142857142857,31.374999999999996,4.0,3.0,1.0,0.0,0.0,0.0,True,True,False,2,1,True,122,615.5
45346-015-85,115.0,37.0,2.0535714285714284,14.374999999999998,10.0,5.0,5.0,0.0,0.0,0.0,True,True,False,2,1,True,93,411.5
45346-015-90,179.0,40.0,3.1964285714285716,22.375,14.0,7.0,7.0,0.0,0.0,0.0,True,True,False,2,1,True,106,507.5
45346-2KD-100,1.0,1.0,0.017857142857142856,0.125,0.0,0.0,0.0,0.0,0.0,0.0,True,False,False,2,1,True,0,1.690625
45346-2KD-110,0.0,0.0,0.0,0.0,0.0,0.0,0.0,0.0,0.0,0.0,False,False,False,2,1,True,0,0.0
45346-2KD-120,0.0,0.0,0.0,0.0,0.0,0.0,0.0,0.0,0.0,0.0,False,False,False,2,1,True,0,0.0
45346-2KD-130,0.0,0.0,0.0,0.0,0.0,0.0,0.0,0.0,0.0,0.0,False,False,False,2,1,True,0,0.0
45346-2KD-140,0.0,0.0,0.0,0.0,0.0,0.0,0.0,0.0,0.0,0.0,False,False,False,2,1,True,0,0.0
45346-2KD-150,0.0,0.0,0.0,0.0,0.0,0.0,0.0,0.0,0.0,0.0,False,False,False,2,1,True,0,0.0
45346-2KD-85,0.0,0.0,0.0,0.0,0.0,0.0,0.0,0.0,0.0,0.0,False,False,False,2,1,True,0,0.0
45346-2KD-90,0.0,0.0,0.0,0.0,0.0,0.0,0.0,0.0,0.0,0.0,False,False,False,2,1,True,0,0.0
45346-2KE-100,0.0,0.0,0.0,0.0,0.0,0.0,0.0,0.0,0.0,0.0,False,False,False,2,1,True,0,0.0
45346-2KE-110,0.0,0.0,0.0,0.0,0.0,0.0,0.0,0.0,0.0,0.0,False,False,False,2,1,True,0,0.0
45346-2KE-120,0.0,0.0,0.0,0.0,0.0,0.0,0.0,0.0,0.0,0.0,False,False,False,2,1,True,0,0.0
45346-2KE-130,0.0,0.0,0.0,0.0,0.0,0.0,0.0,0.0,0.0,0.0,False,False,False,2,1,True,0,0.0
45346-2KE-140,0.0,0.0,0.0,0.0,0.0,0.0,0.0,0.0,0.0,0.0,False,False,False,2,1,True,0,0.0
45346-2KE-150,0.0,0.0,0.0,0.0,0.0,0.0,0.0,0.0,0.0,0.0,False,False,False,2,1,True,0,0.0
45346-2KE-85,0.0,0.0,0.0,0.0,0.0,0.0,0.0,0.0,0.0,0.0,False,False,False,2,1,True,0,0.0
45346-2KE-90,0.0,0.0,0.0,0.0,0.0,0.0,0.0,0.0,0.0,0.0,False,False,False,2,1,True,0,0.0
45346-32V-110,1.0,1.0,0.017857142857142856,0.125,0.0,0.0,0.0,0.0,0.0,0.0,True,False,False,0,0,False,0,1.625
45346-32V-85,1.0,1.0,0.017857142857142856,0.125,0.0,0.0,0.0,0.0,0.0,0.0,True,False,False,0,0,False,0,1.625
45346-32V-90,108.0,20.0,1.9285714285714286,13.5,0.0,0.0,0.0,0.0,0.0,0.0,True,False,False,0,0,False,27,175.5
45346-3KH-100,8.0,6.0,0.14285714285714285,1.0,0.0,0.0,0.0,0.0,0.0,0.0,True,False,False,0,0,False,2,13.0
45346-3KH-110,5.0,3.0,0.08928571428571429,0.625,0.0,0.0,0.0,0.0,0.0,0.0,True,False,False,0,0,False,1,8.125
45346-3KH-120,2.0,2.0,0.03571428571428571,0.25,0.0,0.0,0.0,0.0,0.0,0.0,True,False,False,0,0,False,1,3.25
45346-3KH-130,1.0,1.0,0.017857142857142856,0.125,0.0,0.0,0.0,0.0,0.0,0.0,True,False,False,0,0,False,0,1.625
45346-3KH-150,3.0,2.0,0.05357142857142857,0.375,0.0,0.0,0.0,0.0,0.0,0.0,True,False,False,0,0,False,1,4.875
45346-3KH-85,7.0,5.0,0.125,0.875,0.0,0.0,0.0,0.0,0.0,0.0,True,False,False,0,0,False,2,11.375
45346-3KH-90,223.0,34.0,3.982142857142857,27.875,2.0,1.0,1.0,0.0,0.0,0.0,True,True,False,0,0,False,56,362.375
45346-5HB-100,602.0,47.0,10.75,75.25,26.0,13.0,13.0,0.0,0.0,0.0,True,True,False,2,1,True,247,1320.0
45346-5HB-110,819.0,48.0,14.625,102.375,49.0,26.0,23.0,0.0,0.0,0.0,True,True,False,2,1,True,293,1645.5
45346-5HB-120,1075.0,48.0,19.196428571428573,134.375,0.0,0.0,0.0,0.0,0.0,0.0,True,False,False,2,1,True,347,2029.5
45346-5HB-130,647.0,48.0,11.553571428571429,80.875,36.0,21.0,15.0,0.0,0.0,0.0,True,True,False,2,1,True,256,1387.5
45346-5HB-140,371.0,46.0,6.625,46.375,9.0,5.0,4.0,0.0,0.0,0.0,True,True,False,2,1,True,198,973.5
45346-5HB-150,179.0,44.0,3.1964285714285716,22.375,7.0,5.0,2.0,0.0,0.0,0.0,True,True,False,2,1,True,157,685.5
45346-5HB-85,176.0,44.0,3.142857142857143,22.0,6.0,3.0,3.0,0.0,0.0,0.0,True,True,False,2,1,True,156,681.0
45346-5HB-90,370.0,48.0,6.607142857142857,46.25,19.0,10.0,9.0,0.0,0.0,0.0,True,True,False,2,1,True,198,972.0
45346-5HR-100,311.0,45.0,5.553571428571429,38.875,13.0,7.0,6.0,0.0,0.0,0.0,True,True,False,2,1,True,141,729.5
45346-5HR-110,439.0,47.0,7.839285714285714,54.875,32.0,17.0,15.0,0.0,0.0,0.0,True,True,False,2,1,True,168,921.5
45346-5HR-120,627.0,48.0,11.196428571428571,78.375,36.0,20.0,16.0,0.0,0.0,0.0,True,True,False,2,1,True,208,1203.5
45346-5HR-130,477.0,47.0,8.517857142857142,59.625,30.0,17.0,13.0,0.0,0.0,0.0,True,True,False,2,1,True,176,978.5
45346-5HR-140,300.0,46.0,5.357142857142857,37.5,11.0,6.0,5.0,0.0,0.0,0.0,True,True,False,2,1,True,139,713.0
45346-5HR-150,192.0,44.0,3.4285714285714284,24.0,6.0,4.0,2.0,0.0,0.0,0.0,True,True,False,2,1,True,116,551.0
45346-5HR-85,119.0,41.0,2.125,14.875,3.0,2.0,1.0,0.0,0.0,0.0,True,True,False,2,1,True,100,441.5
45346-5HR-90,211.0,42.0,3.767857142857143,26.375,6.0,3.0,3.0,0.0,0.0,0.0,True,True,False,2,1,True,120,579.5
45346-GK3-120,0.0,0.0,0.0,0.0,1.0,1.0,0.0,0.0,0.0,0.0,False,True,False,0,0,False,1,1.0
45346-JB1-120,0.0,0.0,0.0,0.0,1.0,1.0,0.0,0.0,0.0,0.0,False,True,False,0,0,False,1,1.0
45346-SR4-100,240.0,43.0,4.285714285714286,30.0,9.0,5.0,4.0,0.0,0.0,0.0,True,True,False,2,1,True,109,564.0
45346-SR4-110,334.0,47.0,5.964285714285714,41.75,26.0,15.0,11.0,0.0,0.0,0.0,True,True,False,2,1,True,129,705.0
45346-SR4-120,492.0,46.0,8.785714285714286,61.50000000000001,33.0,20.0,13.0,0.0,0.0,0.0,True,True,False,2,1,True,163,942.0
45346-SR4-130,398.0,47.0,7.107142857142857,49.75,18.0,10.0,8.0,0.0,0.0,0.0,True,True,False,2,1,True,143,801.0
45346-SR4-140,295.0,45.0,5.267857142857143,36.875,18.0,9.0,9.0,0.0,0.0,0.0,True,True,False,2,1,True,121,646.5
45346-SR4-150,219.0,43.0,3.9107142857142856,27.375,2.0,1.0,1.0,0.0,0.0,0.0,True,True,False,2,1,True,105,532.5
45346-SR4-85,85.0,30.0,1.5178571428571428,10.625,1.0,1.0,0.0,0.0,0.0,0.0,True,True,False,2,1,True,76,331.5
45346-SR4-90,183.0,43.0,3.267857142857143,22.875,14.0,7.0,7.0,0.0,0.0,0.0,True,True,False,2,1,True,97,478.5
45358-CW2-100,17.0,17.0,0.30357142857142855,2.125,1.0,1.0,0.0,0.0,0.0,0.0,True,True,False,2,1,True,5,30.5
45358-CW2-110,30.0,20.0,0.5357142857142857,3.75,0.0,0.0,0.0,0.0,0.0,0.0,True,False,False,2,1,True,8,50.0
45358-CW2-120,1.0,1.0,0.017857142857142856,0.125,0.0,0.0,0.0,0.0,0.0,0.0,True,False,False,2,1,True,2,6.5
45358-CW2-130,0.0,0.0,0.0,0.0,0.0,0.0,0.0,0.0,0.0,0.0,False,False,False,2,1,True,1,5.0
45358-CW2-140,0.0,0.0,0.0,0.0,0.0,0.0,0.0,0.0,0.0,0.0,False,False,False,2,1,True,1,5.0
45358-CW2-150,0.0,0.0,0.0,0.0,0.0,0.0,0.0,0.0,0.0,0.0,False,False,False,2,1,True,1,5.0
45358-CW2-85,3.0,3.0,0.05357142857142857,0.375,0.0,0.0,0.0,0.0,0.0,0.0,True,False,False,2,1,True,2,9.5
45358-CW2-90,20.0,16.0,0.35714285714285715,2.5,1.0,1.0,0.0,0.0,0.0,0.0,True,True,False,2,1,True,6,35.0
45359-DW1-100,19.0,15.0,0.3392857142857143,2.375,0.0,0.0,0.0,14.0,0.0,0.0,True,False,True,2,1,True,6,36.5
45359-DW1-110,22.0,15.0,0.39285714285714285,2.75,0.0,0.0,0.0,0.0,0.0,0.0,True,False,False,2,1,True,7,41.0
45359-DW1-120,20.0,17.0,0.35714285714285715,2.5,0.0,0.0,0.0,0.0,0.0,0.0,True,False,False,2,1,True,7,38.0
45359-DW1-130,20.0,16.0,0.35714285714285715,2.5,0.0,0.0,0.0,0.0,0.0,0.0,True,False,False,2,1,True,7,38.0
45359-DW1-140,11.0,8.0,0.19642857142857142,1.375,0.0,0.0,0.0,0.0,0.0,0.0,True,False,False,2,1,True,5,24.5
45359-DW1-150,14.0,10.0,0.25,1.75,1.0,1.0,0.0,0.0,0.0,0.0,True,True,False,2,1,True,5,29.0
45359-DW1-85,16.0,14.0,0.2857142857142857,2.0,2.0,1.0,1.0,11.0,0.0,0.0,True,True,True,2,1,True,6,32.0
45359-DW1-90,23.0,16.0,0.4107142857142857,2.875,4.0,2.0,2.0,0.0,0.0,0.0,True,True,False,2,1,True,9,42.5
45360-AH1-110,0.0,0.0,0.0,0.0,1.0,1.0,0.0,0.0,0.0,0.0,False,True,False,0,0,False,1,1.0
45477-76X-100,9.0,8.0,0.16071428571428573,1.125,0.0,0.0,0.0,0.0,0.0,0.0,True,False,False,2,1,True,4,20.5
45477-76X-110,8.0,6.0,0.14285714285714285,1.0,0.0,0.0,0.0,0.0,0.0,0.0,True,False,False,2,1,True,4,19.0
45477-76X-120,17.0,14.0,0.30357142857142855,2.125,0.0,0.0,0.0,0.0,0.0,0.0,True,False,False,2,1,True,6,32.5
45477-76X-130,7.0,6.0,0.125,0.875,4.0,2.0,2.0,0.0,0.0,0.0,True,True,False,2,1,True,5,17.5
45477-76X-140,13.0,11.0,0.23214285714285715,1.625,2.0,1.0,1.0,0.0,0.0,0.0,True,True,False,2,1,True,5,26.5
45477-76X-150,12.0,11.0,0.21428571428571427,1.5,0.0,0.0,0.0,0.0,0.0,0.0,True,False,False,2,1,True,5,25.0
45477-76X-85,7.0,6.0,0.125,0.875,0.0,0.0,0.0,0.0,0.0,0.0,True,False,False,2,1,True,3,17.5
45477-76X-90,10.0,10.0,0.17857142857142858,1.25,0.0,0.0,0.0,0.0,0.0,0.0,True,False,False,2,1,True,4,22.0
45477-A91-110,0.0,0.0,0.0,0.0,1.0,1.0,0.0,0.0,0.0,0.0,False,True,False,0,0,False,1,1.0
45477-J81-100,11.0,9.0,0.19642857142857142,1.375,0.0,0.0,0.0,0.0,0.0,0.0,True,False,False,2,1,True,3,20.5
45477-J81-110,16.0,14.0,0.2857142857142857,2.0,0.0,0.0,0.0,0.0,0.0,0.0,True,False,False,2,1,True,5,28.0
45477-J81-120,16.0,14.0,0.2857142857142857,2.0,0.0,0.0,0.0,0.0,0.0,0.0,True,False,False,2,1,True,5,28.0
45477-J81-130,23.0,17.0,0.4107142857142857,2.875,0.0,0.0,0.0,0.0,0.0,0.0,True,False,False,2,1,True,6,38.5
45477-J81-140,2.0,2.0,0.03571428571428571,0.25,0.0,0.0,0.0,0.0,0.0,0.0,True,False,False,2,1,True,2,7.0
45477-J81-150,10.0,6.0,0.17857142857142858,1.25,0.0,0.0,0.0,0.0,0.0,0.0,True,False,False,2,1,True,3,19.0
45477-J81-160,0.0,0.0,0.0,0.0,0.0,0.0,0.0,0.0,0.0,0.0,False,False,False,2,1,True,1,4.0
45477-J81-80,0.0,0.0,0.0,0.0,0.0,0.0,0.0,0.0,0.0,0.0,False,False,False,2,1,True,1,4.0
45477-J81-85,4.0,3.0,0.07142857142857142,0.5,0.0,0.0,0.0,0.0,0.0,0.0,True,False,False,2,1,True,2,10.0
45477-J81-90,4.0,3.0,0.07142857142857142,0.5,0.0,0.0,0.0,0.0,0.0,0.0,True,False,False,2,1,True,2,10.0
45477-SR4-100,12.0,10.0,0.21428571428571427,1.5,0.0,0.0,0.0,0.0,0.0,0.0,True,False,False,2,1,True,5,25.0
45477-SR4-110,12.0,11.0,0.21428571428571427,1.5,0.0,0.0,0.0,0.0,0.0,0.0,True,False,False,2,1,True,5,25.0
45477-SR4-120,17.0,13.0,0.30357142857142855,2.125,0.0,0.0,0.0,0.0,0.0,0.0,True,False,False,2,1,True,6,32.5
45477-SR4-130,23.0,16.0,0.4107142857142857,2.875,2.0,1.0,1.0,0.0,0.0,0.0,True,True,False,2,1,True,7,41.5
45477-SR4-140,25.0,18.0,0.44642857142857145,3.125,0.0,0.0,0.0,0.0,0.0,0.0,True,False,False,2,1,True,7,44.5
45477-SR4-150,0.0,0.0,0.0,0.0,0.0,0.0,0.0,0.0,0.0,0.0,False,False,False,2,1,True,2,7.0
45477-SR4-160,0.0,0.0,0.0,0.0,0.0,0.0,0.0,0.0,0.0,0.0,False,False,False,2,1,True,2,7.0
45477-SR4-80,0.0,0.0,0.0,0.0,0.0,0.0,0.0,0.0,0.0,0.0,False,False,False,2,1,True,2,7.0
45477-SR4-85,5.0,5.0,0.08928571428571429,0.625,0.0,0.0,0.0,0.0,0.0,0.0,True,False,False,2,1,True,3,14.5
45477-SR4-90,5.0,5.0,0.08928571428571429,0.625,0.0,0.0,0.0,0.0,0.0,0.0,True,False,False,2,1,True,3,14.5
45579-015-110,0.0,0.0,0.0,0.0,1.0,1.0,0.0,0.0,0.0,0.0,False,True,False,0,0,False,1,1.0
45579-015-160,0.0,0.0,0.0,0.0,1.0,1.0,0.0,0.0,0.0,0.0,False,True,False,0,0,False,1,1.0
45579-82F-140,0.0,0.0,0.0,0.0,1.0,1.0,0.0,0.0,0.0,0.0,False,True,False,0,0,False,1,1.0
45875-A96-60,0.0,0.0,0.0,0.0,1.0,1.0,0.0,0.0,0.0,0.0,False,True,False,0,0,False,1,1.0
46101-05G,0.0,0.0,0.0,0.0,1.0,1.0,0.0,0.0,0.0,0.0,False,True,False,0,0,False,1,1.0
46193-S74-85,0.0,0.0,0.0,0.0,1.0,1.0,0.0,0.0,0.0,0.0,False,True,False,0,0,False,1,1.0
46238-MZ9-120,0.0,0.0,0.0,0.0,1.0,1.0,0.0,0.0,0.0,0.0,False,True,False,0,0,False,1,1.0
46238-NA1-140,0.0,0.0,0.0,0.0,1.0,1.0,0.0,0.0,0.0,0.0,False,True,False,0,0,False,1,1.0
46271-J81-160,0.0,0.0,0.0,0.0,1.0,1.0,0.0,0.0,0.0,0.0,False,True,False,0,0,False,1,1.0
46284-011-1,0.0,0.0,0.0,0.0,1.0,1.0,0.0,0.0,0.0,0.0,False,True,False,0,0,False,1,1.0
46906-76X-XS,0.0,0.0,0.0,0.0,1.0,1.0,0.0,0.0,0.0,0.0,False,True,False,0,0,False,1,1.0
47052-FX7-120,0.0,0.0,0.0,0.0,1.0,1.0,0.0,0.0,0.0,0.0,False,True,False,0,0,False,1,1.0
47052-FX7-140,0.0,0.0,0.0,0.0,1.0,1.0,0.0,0.0,0.0,0.0,False,True,False,0,0,False,1,1.0
47052-NN9-120,0.0,0.0,0.0,0.0,1.0,1.0,0.0,0.0,0.0,0.0,False,True,False,0,0,False,1,1.0
47052-NN9-140,0.0,0.0,0.0,0.0,1.0,1.0,0.0,0.0,0.0,0.0,False,True,False,0,0,False,1,1.0
47052-NN9-90,0.0,0.0,0.0,0.0,1.0,1.0,0.0,0.0,0.0,0.0,False,True,False,0,0,False,1,1.0
47053-FX7-70,0.0,0.0,0.0,0.0,1.0,1.0,0.0,0.0,0.0,0.0,False,True,False,0,0,False,1,1.0
47053-FX7-85,0.0,0.0,0.0,0.0,1.0,1.0,0.0,0.0,0.0,0.0,False,True,False,0,0,False,1,1.0
47078-2KQ-L,28.0,20.0,0.5,3.5,0.0,0.0,0.0,0.0,0.0,0.0,True,False,False,2,1,True,16,77.0
47078-2KQ-M,116.0,41.0,2.0714285714285716,14.500000000000002,2.0,1.0,1.0,0.0,0.0,0.0,True,True,False,2,1,True,35,209.0
47078-2KQ-S,136.0,42.0,2.4285714285714284,17.0,5.0,4.0,1.0,0.0,0.0,0.0,True,True,False,2,1,True,39,239.0
47078-2KQ-XL,9.0,5.0,0.16071428571428573,1.125,0.0,0.0,0.0,0.0,0.0,0.0,True,False,False,2,1,True,12,48.5
47078-2KQ-XS,34.0,22.0,0.6071428571428571,4.25,0.0,0.0,0.0,0.0,0.0,0.0,True,False,False,2,1,True,17,86.0
47078-QN4-L,0.0,0.0,0.0,0.0,0.0,0.0,0.0,0.0,0.0,0.0,False,False,False,2,1,True,1,2.0
47078-QN4-M,0.0,0.0,0.0,0.0,0.0,0.0,0.0,0.0,0.0,0.0,False,False,False,2,1,True,1,2.0
47078-QN4-S,0.0,0.0,0.0,0.0,1.0,1.0,0.0,0.0,0.0,0.0,False,True,False,2,1,True,1,2.0
47078-QN4-XL,14.0,10.0,0.25,1.75,0.0,0.0,0.0,0.0,0.0,0.0,True,False,False,2,1,True,4,23.275
47078-QN4-XS,0.0,0.0,0.0,0.0,0.0,0.0,0.0,0.0,0.0,0.0,False,False,False,2,1,True,1,2.0
47107-FX8-10,0.0,0.0,0.0,0.0,1.0,1.0,0.0,0.0,0.0,0.0,False,True,False,0,0,False,1,1.0
47107-FX8-1Y,0.0,0.0,0.0,0.0,1.0,1.0,0.0,0.0,0.0,0.0,False,True,False,0,0,False,1,1.0
47143-M23-120,0.0,0.0,0.0,0.0,1.0,1.0,0.0,0.0,0.0,0.0,False,True,False,0,0,False,1,1.0
47149-FU8-50,0.0,0.0,0.0,0.0,1.0,1.0,0.0,0.0,0.0,0.0,False,True,False,0,0,False,1,1.0
47218-069-S,0.0,0.0,0.0,0.0,1.0,1.0,0.0,0.0,0.0,0.0,False,True,False,0,0,False,1,1.0
47218-M23-S,0.0,0.0,0.0,0.0,1.0,1.0,0.0,0.0,0.0,0.0,False,True,False,0,0,False,1,1.0
47218-M23-XS,0.0,0.0,0.0,0.0,2.0,2.0,0.0,0.0,0.0,0.0,False,True,False,0,0,False,2,2.0
47218-M23-XXS,0.0,0.0,0.0,0.0,1.0,1.0,0.0,0.0,0.0,0.0,False,True,False,0,0,False,1,1.0
47220-99U-75,0.0,0.0,0.0,0.0,1.0,1.0,0.0,0.0,0.0,0.0,False,True,False,0,0,False,1,1.0
47220-FN9-75,0.0,0.0,0.0,0.0,1.0,1.0,0.0,0.0,0.0,0.0,False,True,False,0,0,False,1,1.0
47220-KY8-70,0.0,0.0,0.0,0.0,1.0,1.0,0.0,0.0,0.0,0.0,False,True,False,0,0,False,1,1.0
47246-GY8-OS,0.0,0.0,0.0,0.0,1.0,1.0,0.0,0.0,0.0,0.0,False,True,False,0,0,False,1,1.0
47440-L40-90,0.0,0.0,0.0,0.0,129.0,129.0,0.0,0.0,0.0,0.0,False,True,False,0,0,False,129,129.0
47460-BX9-150,0.0,0.0,0.0,0.0,1.0,1.0,0.0,0.0,0.0,0.0,False,True,False,0,0,False,1,1.0
47490-A79-100,0.0,0.0,0.0,0.0,1.0,1.0,0.0,0.0,0.0,0.0,False,True,False,0,0,False,1,1.0
47502-GE7-60,0.0,0.0,0.0,0.0,1.0,1.0,0.0,0.0,0.0,0.0,False,True,False,0,0,False,1,1.0
47629-HB9-L,0.0,0.0,0.0,0.0,0.0,0.0,0.0,76.0,0.0,0.0,False,False,True,0,0,False,0,0.0
47681-5BV-100,25.0,17.0,0.44642857142857145,3.125,0.0,0.0,0.0,0.0,0.0,0.0,True,False,False,0,0,False,6,40.625
47681-5BV-110,42.0,22.0,0.75,5.25,0.0,0.0,0.0,0.0,0.0,0.0,True,False,False,0,0,False,11,68.25
47681-5BV-130,49.0,22.0,0.875,6.125,0.0,0.0,0.0,0.0,0.0,0.0,True,False,False,0,0,False,12,79.625
47681-5BV-140,1.0,1.0,0.017857142857142856,0.125,0.0,0.0,0.0,0.0,0.0,0.0,True,False,False,0,0,False,0,1.625
47681-5BV-85,1.0,1.0,0.017857142857142856,0.125,0.0,0.0,0.0,0.0,0.0,0.0,True,False,False,0,0,False,0,1.625
47681-5BV-90,1.0,1.0,0.017857142857142856,0.125,0.0,0.0,0.0,0.0,0.0,0.0,True,False,False,0,0,False,0,1.625
47681-5CM-100,7.0,4.0,0.125,0.875,0.0,0.0,0.0,0.0,0.0,0.0,True,False,False,0,0,False,2,11.375
47681-5CM-120,1.0,1.0,0.017857142857142856,0.125,0.0,0.0,0.0,0.0,0.0,0.0,True,False,False,0,0,False,0,1.625
47681-5CM-80,3.0,2.0,0.05357142857142857,0.375,0.0,0.0,0.0,0.0,0.0,0.0,True,False,False,0,0,False,1,4.875
47681-5CM-85,3.0,3.0,0.05357142857142857,0.375,0.0,0.0,0.0,0.0,0.0,0.0,True,False,False,0,0,False,1,4.875
47681-5CM-90,3.0,2.0,0.05357142857142857,0.375,0.0,0.0,0.0,0.0,0.0,0.0,True,False,False,0,0,False,1,4.875
47681-5CN-100,17.0,11.0,0.30357142857142855,2.125,4.0,2.0,2.0,0.0,0.0,0.0,True,True,False,0,0,False,8,29.5
47681-5CN-110,25.0,17.0,0.44642857142857145,3.125,0.0,0.0,0.0,0.0,0.0,0.0,True,False,False,0,0,False,6,40.625
47681-5CN-120,46.0,23.0,0.8214285714285714,5.75,4.0,2.0,2.0,0.0,0.0,0.0,True,True,False,0,0,False,14,74.75
47681-5CN-130,58.0,25.0,1.0357142857142858,7.250000000000001,2.0,1.0,1.0,0.0,0.0,0.0,True,True,False,0,0,False,15,94.25000000000001
47681-5CN-140,86.0,33.0,1.5357142857142858,10.75,0.0,0.0,0.0,0.0,0.0,0.0,True,False,False,0,0,False,22,139.75
47681-5CN-80,17.0,14.0,0.30357142857142855,2.125,0.0,0.0,0.0,0.0,0.0,0.0,True,False,False,0,0,False,4,27.625
47681-5CN-85,13.0,10.0,0.23214285714285715,1.625,4.0,2.0,2.0,0.0,0.0,0.0,True,True,False,0,0,False,7,23.5
47681-5CN-90,24.0,17.0,0.42857142857142855,3.0,3.0,2.0,1.0,0.0,0.0,0.0,True,True,False,0,0,False,8,39.0
47681-5DD-120,1.0,1.0,0.017857142857142856,0.125,0.0,0.0,0.0,0.0,0.0,0.0,True,False,False,0,0,False,0,1.625
47681-5PK-100,1.0,1.0,0.017857142857142856,0.125,0.0,0.0,0.0,0.0,0.0,0.0,True,False,False,0,0,False,0,1.625
47681-5PK-130,4.0,3.0,0.07142857142857142,0.5,0.0,0.0,0.0,0.0,0.0,0.0,True,False,False,0,0,False,1,6.5
47681-5PK-75,4.0,4.0,0.07142857142857142,0.5,0.0,0.0,0.0,0.0,0.0,0.0,True,False,False,0,0,False,1,6.5
47681-5PK-80,5.0,3.0,0.08928571428571429,0.625,0.0,0.0,0.0,0.0,0.0,0.0,True,False,False,0,0,False,1,8.125
47681-5QG-100,45.0,26.0,0.8035714285714286,5.625,6.0,4.0,2.0,0.0,0.0,0.0,True,True,False,0,0,False,16,73.5
47681-5QG-110,52.0,25.0,0.9285714285714286,6.5,1.0,1.0,0.0,0.0,0.0,0.0,True,True,False,0,0,False,13,84.5
47681-5QG-120,72.0,29.0,1.2857142857142858,9.0,9.0,5.0,4.0,0.0,0.0,0.0,True,True,False,0,0,False,24,117.0
47681-5QG-130,88.0,33.0,1.5714285714285714,11.0,0.0,0.0,0.0,0.0,0.0,0.0,True,False,False,0,0,False,22,143.0
47681-5QG-140,1.0,1.0,0.017857142857142856,0.125,0.0,0.0,0.0,0.0,0.0,0.0,True,False,False,0,0,False,0,1.625
47681-5QG-85,28.0,16.0,0.5,3.5,0.0,0.0,0.0,0.0,0.0,0.0,True,False,False,0,0,False,7,45.5
47681-5QG-90,57.0,31.0,1.0178571428571428,7.125,0.0,0.0,0.0,0.0,0.0,0.0,True,False,False,0,0,False,14,92.625
47681-7TW-100,0.0,0.0,0.0,0.0,0.0,0.0,0.0,146.0,0.0,0.0,False,False,True,0,0,False,0,0.0
47681-7TW-110,0.0,0.0,0.0,0.0,0.0,0.0,0.0,178.0,0.0,0.0,False,False,True,0,0,False,0,0.0
47681-7TW-120,0.0,0.0,0.0,0.0,0.0,0.0,0.0,222.0,0.0,0.0,False,False,True,0,0,False,0,0.0
47681-7TW-130,0.0,0.0,0.0,0.0,0.0,0.0,0.0,164.0,0.0,0.0,False,False,True,0,0,False,0,0.0
47681-7TW-140,0.0,0.0,0.0,0.0,0.0,0.0,0.0,120.0,0.0,0.0,False,False,True,0,0,False,0,0.0
47681-7TW-150,0.0,0.0,0.0,0.0,0.0,0.0,0.0,93.0,0.0,0.0,False,False,True,0,0,False,0,0.0
47681-7TW-75,0.0,0.0,0.0,0.0,0.0,0.0,0.0,28.0,0.0,0.0,False,False,True,0,0,False,0,0.0
47681-7TW-80,0.0,0.0,0.0,0.0,0.0,0.0,0.0,37.0,0.0,0.0,False,False,True,0,0,False,0,0.0
47681-7TW-85,0.0,0.0,0.0,0.0,0.0,0.0,0.0,73.0,0.0,0.0,False,False,True,0,0,False,0,0.0
47681-7TW-90,0.0,0.0,0.0,0.0,0.0,0.0,0.0,139.0,0.0,0.0,False,False,True,0,0,False,0,0.0
47681-7UD-100,0.0,0.0,0.0,0.0,0.0,0.0,0.0,606.0,0.0,0.0,False,False,True,0,0,False,0,0.0
47681-7UD-110,0.0,0.0,0.0,0.0,0.0,0.0,0.0,740.0,0.0,0.0,False,False,True,0,0,False,0,0.0
47681-7UD-120,0.0,0.0,0.0,0.0,0.0,0.0,0.0,926.0,0.0,0.0,False,False,True,0,0,False,0,0.0
47681-7UD-130,0.0,0.0,0.0,0.0,0.0,0.0,0.0,682.0,0.0,0.0,False,False,True,0,0,False,0,0.0
47681-7UD-140,0.0,0.0,0.0,0.0,0.0,0.0,0.0,501.0,0.0,0.0,False,False,True,0,0,False,0,0.0
47681-7UD-150,0.0,0.0,0.0,0.0,0.0,0.0,0.0,387.0,0.0,0.0,False,False,True,0,0,False,0,0.0
47681-7UD-75,0.0,0.0,0.0,0.0,0.0,0.0,0.0,117.0,0.0,0.0,False,False,True,0,0,False,0,0.0
47681-7UD-80,0.0,0.0,0.0,0.0,0.0,0.0,0.0,155.0,0.0,0.0,False,False,True,0,0,False,0,0.0
47681-7UD-85,0.0,0.0,0.0,0.0,0.0,0.0,0.0,305.0,0.0,0.0,False,False,True,0,0,False,0,0.0
47681-7UD-90,0.0,0.0,0.0,0.0,0.0,0.0,0.0,581.0,0.0,0.0,False,False,True,0,0,False,0,0.0
47681-7UF-100,0.0,0.0,0.0,0.0,0.0,0.0,0.0,303.0,0.0,0.0,False,False,True,0,0,False,0,0.0
47681-7UF-110,0.0,0.0,0.0,0.0,0.0,0.0,0.0,370.0,0.0,0.0,False,False,True,0,0,False,0,0.0
47681-7UF-120,0.0,0.0,0.0,0.0,0.0,0.0,0.0,463.0,0.0,0.0,False,False,True,0,0,False,0,0.0
47681-7UF-130,0.0,0.0,0.0,0.0,0.0,0.0,0.0,341.0,0.0,0.0,False,False,True,0,0,False,0,0.0
47681-7UF-140,0.0,0.0,0.0,0.0,0.0,0.0,0.0,251.0,0.0,0.0,False,False,True,0,0,False,0,0.0
47681-7UF-150,0.0,0.0,0.0,0.0,0.0,0.0,0.0,194.0,0.0,0.0,False,False,True,0,0,False,0,0.0
47681-7UF-75,0.0,0.0,0.0,0.0,0.0,0.0,0.0,59.0,0.0,0.0,False,False,True,0,0,False,0,0.0
47681-7UF-80,0.0,0.0,0.0,0.0,0.0,0.0,0.0,77.0,0.0,0.0,False,False,True,0,0,False,0,0.0
47681-7UF-85,0.0,0.0,0.0,0.0,0.0,0.0,0.0,152.0,0.0,0.0,False,False,True,0,0,False,0,0.0
47681-7UF-90,0.0,0.0,0.0,0.0,0.0,0.0,0.0,290.0,0.0,0.0,False,False,True,0,0,False,0,0.0
47681-7UH-100,0.0,0.0,0.0,0.0,0.0,0.0,0.0,273.0,0.0,0.0,False,False,True,0,0,False,0,0.0
47681-7UH-110,0.0,0.0,0.0,0.0,0.0,0.0,0.0,333.0,0.0,0.0,False,False,True,0,0,False,0,0.0
47681-7UH-120,0.0,0.0,0.0,0.0,0.0,0.0,0.0,417.0,0.0,0.0,False,False,True,0,0,False,0,0.0
47681-7UH-130,0.0,0.0,0.0,0.0,0.0,0.0,0.0,307.0,0.0,0.0,False,False,True,0,0,False,0,0.0
47681-7UH-140,0.0,0.0,0.0,0.0,0.0,0.0,0.0,226.0,0.0,0.0,False,False,True,0,0,False,0,0.0
47681-7UH-150,0.0,0.0,0.0,0.0,0.0,0.0,0.0,174.0,0.0,0.0,False,False,True,0,0,False,0,0.0
47681-7UH-75,0.0,0.0,0.0,0.0,0.0,0.0,0.0,53.0,0.0,0.0,False,False,True,0,0,False,0,0.0
47681-7UH-80,0.0,0.0,0.0,0.0,0.0,0.0,0.0,70.0,0.0,0.0,False,False,True,0,0,False,0,0.0
47681-7UH-85,0.0,0.0,0.0,0.0,0.0,0.0,0.0,137.0,0.0,0.0,False,False,True,0,0,False,0,0.0
47681-7UH-90,0.0,0.0,0.0,0.0,0.0,0.0,0.0,261.0,0.0,0.0,False,False,True,0,0,False,0,0.0
47681-7WE-100,0.0,0.0,0.0,0.0,0.0,0.0,0.0,315.0,0.0,0.0,False,False,True,0,0,False,0,0.0
47681-7WE-110,0.0,0.0,0.0,0.0,0.0,0.0,0.0,385.0,0.0,0.0,False,False,True,0,0,False,0,0.0
47681-7WE-120,0.0,0.0,0.0,0.0,0.0,0.0,0.0,481.0,0.0,0.0,False,False,True,0,0,False,0,0.0
47681-7WE-130,0.0,0.0,0.0,0.0,0.0,0.0,0.0,355.0,0.0,0.0,False,False,True,0,0,False,0,0.0
47681-7WE-140,0.0,0.0,0.0,0.0,0.0,0.0,0.0,261.0,0.0,0.0,False,False,True,0,0,False,0,0.0
47681-7WE-150,0.0,0.0,0.0,0.0,0.0,0.0,0.0,201.0,0.0,0.0,False,False,True,0,0,False,0,0.0
47681-7WE-75,0.0,0.0,0.0,0.0,0.0,0.0,0.0,61.0,0.0,0.0,False,False,True,0,0,False,0,0.0
47681-7WE-80,0.0,0.0,0.0,0.0,0.0,0.0,0.0,80.0,0.0,0.0,False,False,True,0,0,False,0,0.0
47681-7WE-85,0.0,0.0,0.0,0.0,0.0,0.0,0.0,158.0,0.0,0.0,False,False,True,0,0,False,0,0.0
47681-7WE-90,0.0,0.0,0.0,0.0,0.0,0.0,0.0,302.0,0.0,0.0,False,False,True,0,0,False,0,0.0
47684-2NQ-100,0.0,0.0,0.0,0.0,0.0,0.0,0.0,0.0,0.0,0.0,False,False,False,2,1,True,0,0.0
47684-2NQ-110,0.0,0.0,0.0,0.0,0.0,0.0,0.0,0.0,0.0,0.0,False,False,False,2,1,True,0,0.0
47684-2NQ-120,0.0,0.0,0.0,0.0,0.0,0.0,0.0,0.0,0.0,0.0,False,False,False,2,1,True,0,0.0
47684-2NQ-130,0.0,0.0,0.0,0.0,0.0,0.0,0.0,0.0,0.0,0.0,False,False,False,2,1,True,0,0.0
47684-2NQ-140,0.0,0.0,0.0,0.0,0.0,0.0,0.0,0.0,0.0,0.0,False,False,False,2,1,True,0,0.0
47684-2NQ-150,0.0,0.0,0.0,0.0,0.0,0.0,0.0,0.0,0.0,0.0,False,False,False,2,1,True,0,0.0
47684-2NQ-160,0.0,0.0,0.0,0.0,0.0,0.0,0.0,0.0,0.0,0.0,False,False,False,2,1,True,0,0.0
47684-2NQ-85,0.0,0.0,0.0,0.0,0.0,0.0,0.0,0.0,0.0,0.0,False,False,False,2,1,True,0,0.0
47684-2NQ-90,0.0,0.0,0.0,0.0,0.0,0.0,0.0,0.0,0.0,0.0,False,False,False,2,1,True,0,0.0
47684-5LW-100,1.0,1.0,0.017857142857142856,0.125,0.0,0.0,0.0,0.0,0.0,0.0,True,False,False,0,0,False,0,1.625
47684-5LW-120,1.0,1.0,0.017857142857142856,0.125,0.0,0.0,0.0,0.0,0.0,0.0,True,False,False,0,0,False,0,1.625
47684-5LW-90,1.0,1.0,0.017857142857142856,0.125,0.0,0.0,0.0,0.0,0.0,0.0,True,False,False,0,0,False,0,1.625
47684-5LX-100,4.0,3.0,0.07142857142857142,0.5,0.0,0.0,0.0,0.0,0.0,0.0,True,False,False,0,0,False,1,6.5
47684-5LX-110,2.0,2.0,0.03571428571428571,0.25,0.0,0.0,0.0,0.0,0.0,0.0,True,False,False,0,0,False,1,3.25
47684-5LX-120,4.0,4.0,0.07142857142857142,0.5,0.0,0.0,0.0,0.0,0.0,0.0,True,False,False,0,0,False,1,6.5
47684-5LX-130,4.0,4.0,0.07142857142857142,0.5,0.0,0.0,0.0,0.0,0.0,0.0,True,False,False,0,0,False,1,6.5
47684-5LX-140,6.0,6.0,0.10714285714285714,0.75,0.0,0.0,0.0,0.0,0.0,0.0,True,False,False,0,0,False,2,9.75
47684-5LX-150,1.0,1.0,0.017857142857142856,0.125,0.0,0.0,0.0,0.0,0.0,0.0,True,False,False,0,0,False,0,1.625
47684-5LX-85,1.0,1.0,0.017857142857142856,0.125,0.0,0.0,0.0,0.0,0.0,0.0,True,False,False,0,0,False,0,1.625
47684-5LX-90,5.0,5.0,0.08928571428571429,0.625,0.0,0.0,0.0,0.0,0.0,0.0,True,False,False,0,0,False,1,8.125
47684-5LY-100,2.0,2.0,0.03571428571428571,0.25,0.0,0.0,0.0,0.0,0.0,0.0,True,False,False,0,0,False,1,3.25
47684-5LY-110,4.0,4.0,0.07142857142857142,0.5,0.0,0.0,0.0,0.0,0.0,0.0,True,False,False,0,0,False,1,6.5
47684-5LY-120,37.0,13.0,0.6607142857142857,4.625,0.0,0.0,0.0,0.0,0.0,0.0,True,False,False,0,0,False,9,60.125
47684-5LY-130,2.0,2.0,0.03571428571428571,0.25,0.0,0.0,0.0,0.0,0.0,0.0,True,False,False,0,0,False,1,3.25
47684-5LY-140,4.0,3.0,0.07142857142857142,0.5,0.0,0.0,0.0,0.0,0.0,0.0,True,False,False,0,0,False,1,6.5
47684-5LY-90,1.0,1.0,0.017857142857142856,0.125,0.0,0.0,0.0,0.0,0.0,0.0,True,False,False,0,0,False,0,1.625
47684-5LZ-100,81.0,34.0,1.4464285714285714,10.125,7.0,4.0,3.0,0.0,0.0,0.0,True,True,False,0,0,False,24,131.625
47684-5LZ-110,80.0,34.0,1.4285714285714286,10.0,6.0,3.0,3.0,0.0,0.0,0.0,True,True,False,0,0,False,23,130.0
47684-5LZ-120,148.0,38.0,2.642857142857143,18.5,4.0,2.0,2.0,0.0,0.0,0.0,True,True,False,0,0,False,37,240.5
47684-5LZ-130,108.0,28.0,1.9285714285714286,13.5,0.0,0.0,0.0,0.0,0.0,0.0,True,False,False,0,0,False,27,175.5
47684-5LZ-140,109.0,33.0,1.9464285714285714,13.625,6.0,3.0,3.0,0.0,0.0,0.0,True,True,False,0,0,False,29,177.125
47684-5LZ-150,47.0,26.0,0.8392857142857143,5.875,0.0,0.0,0.0,0.0,0.0,0.0,True,False,False,0,0,False,12,76.375
47684-5LZ-90,51.0,25.0,0.9107142857142857,6.375,0.0,0.0,0.0,0.0,0.0,0.0,True,False,False,0,0,False,13,82.875
47684-5M5-100,45.0,24.0,0.8035714285714286,5.625,2.0,1.0,1.0,0.0,0.0,0.0,True,True,False,0,0,False,12,73.125
47684-5M5-110,46.0,26.0,0.8214285714285714,5.75,0.0,0.0,0.0,0.0,0.0,0.0,True,False,False,0,0,False,12,74.75
47684-5M5-120,67.0,33.0,1.1964285714285714,8.375,0.0,0.0,0.0,0.0,0.0,0.0,True,False,False,0,0,False,17,108.875
47684-5M5-130,70.0,34.0,1.25,8.75,0.0,0.0,0.0,0.0,0.0,0.0,True,False,False,0,0,False,18,113.75
47684-5M5-140,2.0,2.0,0.03571428571428571,0.25,0.0,0.0,0.0,0.0,0.0,0.0,True,False,False,0,0,False,1,3.25
47684-5M5-85,2.0,2.0,0.03571428571428571,0.25,0.0,0.0,0.0,0.0,0.0,0.0,True,False,False,0,0,False,1,3.25
47684-5M5-90,3.0,3.0,0.05357142857142857,0.375,0.0,0.0,0.0,0.0,0.0,0.0,True,False,False,0,0,False,1,4.875
47719-23Y-110,0.0,0.0,0.0,0.0,1.0,1.0,0.0,0.0,0.0,0.0,False,True,False,0,0,False,1,1.0
47719-EX1-110,0.0,0.0,0.0,0.0,1.0,1.0,0.0,0.0,0.0,0.0,False,True,False,0,0,False,1,1.0
47761-WM7-140,0.0,0.0,0.0,0.0,0.0,0.0,0.0,179.0,0.0,0.0,False,False,True,0,0,False,0,0.0
47761-WM7-150,0.0,0.0,0.0,0.0,0.0,0.0,0.0,158.0,0.0,0.0,False,False,True,0,0,False,0,0.0
47761-WM7-160,0.0,0.0,0.0,0.0,0.0,0.0,0.0,95.0,0.0,0.0,False,False,True,0,0,False,0,0.0
47774-A79-150,0.0,0.0,0.0,0.0,1.0,1.0,0.0,0.0,0.0,0.0,False,True,False,0,0,False,1,1.0
47929-GN1-M,0.0,0.0,0.0,0.0,0.0,0.0,0.0,5.0,0.0,0.0,False,False,True,0,0,False,0,0.0
47929-GN1-S,0.0,0.0,0.0,0.0,0.0,0.0,0.0,5.0,0.0,0.0,False,False,True,0,0,False,0,0.0
47929-GN1-XS,0.0,0.0,0.0,0.0,0.0,0.0,0.0,4.0,0.0,0.0,False,False,True,0,0,False,0,0.0
47929-GN1-XXL,0.0,0.0,0.0,0.0,0.0,0.0,0.0,2.0,0.0,0.0,False,False,True,0,0,False,0,0.0
47929-QN6-L,0.0,0.0,0.0,0.0,0.0,0.0,0.0,32.0,0.0,0.0,False,False,True,0,0,False,0,0.0
47929-QN6-M,0.0,0.0,0.0,0.0,0.0,0.0,0.0,33.0,0.0,0.0,False,False,True,0,0,False,0,0.0
47929-QN6-S,0.0,0.0,0.0,0.0,0.0,0.0,0.0,15.0,0.0,0.0,False,False,True,0,0,False,0,0.0
47929-QN6-XL,0.0,0.0,0.0,0.0,0.0,0.0,0.0,17.0,0.0,0.0,False,False,True,0,0,False,0,0.0
47929-QN6-XS,0.0,0.0,0.0,0.0,0.0,0.0,0.0,56.0,0.0,0.0,False,False,True,0,0,False,0,0.0
47929-QN6-XXL,0.0,0.0,0.0,0.0,0.0,0.0,0.0,2.0,0.0,0.0,False,False,True,0,0,False,0,0.0
48031-HR1-5,0.0,0.0,0.0,0.0,1.0,1.0,0.0,0.0,0.0,0.0,False,True,False,0,0,False,1,1.0
48077-82F-120,0.0,0.0,0.0,0.0,2.0,2.0,0.0,0.0,0.0,0.0,False,True,False,0,0,False,2,2.0
48078-82F-160,0.0,0.0,0.0,0.0,1.0,1.0,0.0,0.0,0.0,0.0,False,True,False,0,0,False,1,1.0
48078-A91-110,0.0,0.0,0.0,0.0,1.0,1.0,0.0,0.0,0.0,0.0,False,True,False,0,0,False,1,1.0
48078-KZ0-120,0.0,0.0,0.0,0.0,1.0,1.0,0.0,0.0,0.0,0.0,False,True,False,0,0,False,1,1.0
48080-5HP-100,138.0,41.0,2.4642857142857144,17.25,0.0,0.0,0.0,0.0,0.0,0.0,True,False,False,2,1,True,62,321.0
48080-5HP-110,148.0,46.0,2.642857142857143,18.5,12.0,6.0,6.0,0.0,0.0,0.0,True,True,False,2,1,True,64,336.0
48080-5HP-120,202.0,47.0,3.607142857142857,25.25,2.0,1.0,1.0,0.0,0.0,0.0,True,True,False,2,1,True,75,417.0
48080-5HP-130,144.0,42.0,2.5714285714285716,18.0,3.0,2.0,1.0,0.0,0.0,0.0,True,True,False,2,1,True,63,330.0
48080-5HP-140,126.0,41.0,2.25,15.75,13.0,7.0,6.0,0.0,0.0,0.0,True,True,False,2,1,True,59,303.0
48080-5HP-150,62.0,26.0,1.1071428571428572,7.75,0.0,0.0,0.0,0.0,0.0,0.0,True,False,False,2,1,True,46,207.0
48080-5HP-85,49.0,27.0,0.875,6.125,2.0,1.0,1.0,0.0,0.0,0.0,True,True,False,2,1,True,43,187.5
48080-5HP-90,80.0,38.0,1.4285714285714286,10.0,2.0,1.0,1.0,0.0,0.0,0.0,True,True,False,2,1,True,50,234.0
48080-5HW-100,141.0,32.0,2.517857142857143,17.625,0.0,0.0,0.0,0.0,0.0,0.0,True,False,False,2,1,True,55,298.5
48080-5HW-110,193.0,46.0,3.4464285714285716,24.125,2.0,1.0,1.0,0.0,0.0,0.0,True,True,False,2,1,True,66,376.5
48080-5HW-120,213.0,44.0,3.8035714285714284,26.625,11.0,7.0,4.0,0.0,0.0,0.0,True,True,False,2,1,True,70,406.5
48080-5HW-130,176.0,46.0,3.142857142857143,22.0,2.0,2.0,0.0,0.0,0.0,0.0,True,True,False,2,1,True,62,351.0
48080-5HW-140,115.0,40.0,2.0535714285714284,14.374999999999998,7.0,4.0,3.0,0.0,0.0,0.0,True,True,False,2,1,True,49,259.5
48080-5HW-150,80.0,34.0,1.4285714285714286,10.0,3.0,2.0,1.0,0.0,0.0,0.0,True,True,False,2,1,True,42,207.0
48080-5HW-85,42.0,22.0,0.75,5.25,0.0,0.0,0.0,0.0,0.0,0.0,True,False,False,2,1,True,34,150.0
48080-5HW-90,121.0,40.0,2.1607142857142856,15.125,2.0,1.0,1.0,0.0,0.0,0.0,True,True,False,2,1,True,51,268.5
48080-6VW-100,0.0,0.0,0.0,0.0,0.0,0.0,0.0,107.0,107.0,107.0,False,False,True,0,0,False,0,0.0
48080-6VW-110,0.0,0.0,0.0,0.0,0.0,0.0,0.0,130.0,130.0,130.0,False,False,True,0,0,False,0,0.0
48080-6VW-120,0.0,0.0,0.0,0.0,0.0,0.0,0.0,172.0,172.0,172.0,False,False,True,0,0,False,0,0.0
48080-6VW-130,0.0,0.0,0.0,0.0,0.0,0.0,0.0,132.0,132.0,132.0,False,False,True,0,0,False,0,0.0
48080-6VW-140,0.0,0.0,0.0,0.0,0.0,0.0,0.0,120.0,120.0,120.0,False,False,True,0,0,False,0,0.0
48080-6VW-150,0.0,0.0,0.0,0.0,0.0,0.0,0.0,93.0,93.0,93.0,False,False,True,0,0,False,0,0.0
48080-6VW-85,0.0,0.0,0.0,0.0,0.0,0.0,0.0,44.0,44.0,44.0,False,False,True,0,0,False,0,0.0
48080-6VW-90,0.0,0.0,0.0,0.0,0.0,0.0,0.0,98.0,98.0,98.0,False,False,True,0,0,False,0,0.0
48080-HI2,0.0,0.0,0.0,0.0,0.0,0.0,0.0,0.0,0.0,0.0,False,False,False,2,1,True,27,93.0
48080-HI2-100,153.0,41.0,2.732142857142857,19.125,7.0,4.0,3.0,0.0,0.0,0.0,True,True,False,2,1,True,59,322.5
48080-HI2-110,153.0,45.0,2.732142857142857,19.125,8.0,4.0,4.0,0.0,0.0,0.0,True,True,False,2,1,True,59,322.5
48080-HI2-120,218.0,47.0,3.892857142857143,27.25,15.0,9.0,6.0,0.0,0.0,0.0,True,True,False,2,1,True,73,420.0
48080-HI2-130,167.0,42.0,2.982142857142857,20.875,5.0,4.0,1.0,0.0,0.0,0.0,True,True,False,2,1,True,62,343.5
48080-HI2-140,149.0,42.0,2.6607142857142856,18.625,11.0,6.0,5.0,0.0,0.0,0.0,True,True,False,2,1,True,58,316.5
48080-HI2-150,125.0,38.0,2.232142857142857,15.625,8.0,4.0,4.0,0.0,0.0,0.0,True,True,False,2,1,True,53,280.5
48080-HI2-80,0.0,0.0,0.0,0.0,0.0,0.0,0.0,0.0,0.0,0.0,False,False,False,2,1,True,27,93.0
48080-HI2-85,37.0,27.0,0.6607142857142857,4.625,2.0,1.0,1.0,0.0,0.0,0.0,True,True,False,2,1,True,34,148.5
48080-HI2-90,96.0,42.0,1.7142857142857142,12.0,2.0,2.0,0.0,0.0,0.0,0.0,True,True,False,2,1,True,47,237.0
48080-PM7-100,1.0,1.0,0.017857142857142856,0.125,0.0,0.0,0.0,0.0,0.0,0.0,True,False,False,2,1,True,7,26.5
48080-PM7-110,41.0,11.0,0.7321428571428571,5.125,0.0,0.0,0.0,0.0,0.0,0.0,True,False,False,2,1,True,16,86.5
48080-PM7-120,42.0,17.0,0.75,5.25,0.0,0.0,0.0,0.0,0.0,0.0,True,False,False,2,1,True,16,88.0
48080-PM7-130,96.0,26.0,1.7142857142857142,12.0,0.0,0.0,0.0,0.0,0.0,0.0,True,False,False,2,1,True,28,169.0
48080-PM7-140,2.0,2.0,0.03571428571428571,0.25,0.0,0.0,0.0,0.0,0.0,0.0,True,False,False,2,1,True,8,28.0
48080-PM7-150,41.0,17.0,0.7321428571428571,5.125,0.0,0.0,0.0,0.0,0.0,0.0,True,False,False,2,1,True,16,86.5
48080-PM7-85,55.0,29.0,0.9821428571428571,6.875,2.0,1.0,1.0,0.0,0.0,0.0,True,True,False,2,1,True,19,107.5
48080-PM7-90,100.0,44.0,1.7857142857142858,12.5,0.0,0.0,0.0,0.0,0.0,0.0,True,False,False,2,1,True,28,175.0
