schema_name,table_name,row_count,column_count,outbound_fk_count,inbound_fk_count,create_date,modify_date,table_description
dbo,Allocation_Day_Of_Week_Contributions,1561,4,0,0,2019-08-19 14:46:44.643000,2019-08-19 14:46:44.660000,
dbo,Allocation_Minimums,745037,5,0,0,2019-08-13 13:45:56.513000,2019-09-11 13:37:38.723000,
dbo,Allocation_Parameter_Control_Table,104,13,0,0,2019-08-12 08:44:54.653000,2019-08-12 09:45:47.550000,
dbo,Allocation_Progression_Adjustment_Control_Table,8,6,0,0,2019-08-16 08:27:38.773000,2019-08-16 08:27:39.103000,
dbo,Allocation_System_Parameters,1,4,0,0,2019-07-24 16:13:14.613000,2019-07-24 16:13:14.630000,
dbo,Amazon_Launch,343,8,0,0,2019-07-24 16:46:19.567000,2019-07-24 16:46:19.567000,
dbo,AutoLoad_Offer_APW,0,6,0,0,2019-09-12 13:40:11.057000,2019-09-12 13:40:11.057000,
dbo,Autoload_offer_apw_2,3751,6,0,0,2019-09-28 18:31:14.780000,2019-09-28 18:31:14.780000,
dbo,autoload_offer_average_apw,0,9,0,0,2019-09-28 17:59:20.813000,2019-09-28 17:59:20.813000,
dbo,AutoLoad_Size_Distribution_Library,22381,14,0,0,2019-09-12 12:33:45.640000,2019-09-12 13:40:27.547000,
dbo,AutoLoad_Store_Groups,217693,11,0,0,2019-09-28 03:18:59.463000,2019-09-28 03:18:59.463000,
dbo,Calculated_Immediate_Need_to_Cut_not_Available,0,10,0,0,2019-08-19 18:27:32.727000,2019-08-19 18:27:33.007000,
dbo,Calculated_Immediate_Order_Need,0,4,0,0,2019-08-16 14:58:28.857000,2019-08-16 14:58:28.940000,
dbo,Calendar_Lookup,6937,8,0,0,2019-07-29 13:41:07.833000,2019-08-11 19:53:41.227000,
dbo,Channel_Offer_Demand_History,798916,18,0,0,2019-08-20 09:44:18.997000,2019-09-11 13:40:48.187000,
dbo,Channel_Offer_Demand_History_BACKUP,1238149,18,0,0,2019-10-04 13:29:56.130000,2019-10-04 13:29:56.130000,
dbo,Channel_Offer_Forecast,1568932,20,0,0,2019-08-26 15:03:48.263000,2019-10-14 13:11:34.657000,
dbo,Channel_Offer_Forecast_Archive,2736183,21,0,0,2022-03-28 09:22:31.550000,2022-03-28 09:38:41.807000,
dbo,Channel_Offer_Forecast_Backup,0,5,0,0,2019-08-10 06:58:39.430000,2019-08-10 06:58:39.430000,
dbo,Channel_Offer_Forecast_Frozen,3451008,22,0,0,2019-10-25 12:40:20.577000,2026-03-28 09:39:14.347000,
dbo,Channel_Offer_SKU_Control,112212,5,0,0,2019-08-20 11:44:38.793000,2019-08-20 12:04:53.817000,
dbo,Channel_Offer_SKU_Forecast,11538283,21,0,0,2019-08-20 15:55:57.303000,2025-03-25 03:39:01.563000,
dbo,Channel_Offer_SKU_Forecast_Archive,24635292,22,0,0,2022-03-28 09:54:15.873000,2022-03-28 09:54:15.873000,
dbo,Channel_Offer_SKU_Inventory_History,448102,5,0,0,2020-01-16 11:46:02.600000,2020-01-16 11:46:03.743000,
dbo,Channel_Offer_SKU_Store_Control,0,6,0,0,2019-08-20 11:45:30.600000,2019-08-20 12:18:20.450000,
dbo,channel_offer_sku_store_control_test,611674,6,0,0,2020-01-07 14:39:59.700000,2020-01-07 14:39:59.700000,
dbo,Channel_Offer_SKU_Store_Forecast,0,8,0,0,2019-08-05 16:08:04.437000,2019-11-18 13:26:36.033000,
dbo,channel_offer_sku_store_forecast_test,12969248,8,0,0,2020-01-07 14:35:31.713000,2020-01-07 14:35:31.713000,
dbo,Channel_SKU_SIZE_Weekly_Demand_History,1367399,11,0,0,2020-02-10 06:50:58.130000,2020-02-10 06:50:58.130000,
dbo,Current_Offer_Inventory,7669,8,0,0,2019-10-18 05:58:49.380000,2026-06-17 06:01:14.287000,
dbo,Current_Offer_Inventory_backup,13767,6,0,0,2019-10-04 14:08:45.897000,2019-10-04 14:08:45.897000,
dbo,Current_Offer_Inventory_FirstOfWeek,7699,8,0,0,2019-10-18 06:03:01.970000,2019-10-18 06:03:01.970000,
dbo,Current_SKU_Available_DC_Inventory,34388,6,0,0,2019-10-18 05:59:42.120000,2026-06-17 06:01:22.643000,
dbo,Current_SKU_Available_DC_Inventory_backup,32164,3,0,0,2019-10-04 14:32:12.410000,2019-10-04 14:32:12.410000,
dbo,Current_SKU_Available_DC_Inventory_FirstOfWeek,34713,6,0,0,2019-10-18 06:03:56.450000,2019-10-18 06:03:56.450000,
dbo,Current_Store_Available_Inventory,0,5,0,0,2019-08-14 17:01:41.483000,2019-08-15 07:18:31.423000,
dbo,Current_Store_Available_Inventory_Adjustments,0,6,0,0,2019-09-12 09:54:01.877000,2019-09-12 09:54:01.877000,
dbo,DB_Errors,0,9,0,0,2019-09-12 16:41:56.490000,2019-09-12 16:41:56.490000,
dbo,Forecast_Job_Log,221032,2,0,0,2021-12-14 19:54:26.097000,2021-12-14 19:56:58.260000,
dbo,Inventory_History,22147,7,0,0,2019-07-31 08:05:26.707000,2019-07-31 08:05:51.110000,
dbo,Kubix_Attributes,17141,33,0,0,2024-11-17 06:45:36.503000,2024-11-17 06:45:36.503000,
dbo,Markdown_Model_Headers,3,7,0,0,2019-09-16 14:45:30.070000,2019-09-16 14:45:30.070000,
dbo,Markdown_Model_Pricing_Detail,13,4,0,0,2019-09-16 14:49:02.337000,2019-09-16 14:49:02.337000,
dbo,Markdown_Model_Product_Detail,8,3,0,0,2019-09-16 14:46:56.517000,2019-09-16 14:46:56.517000,
dbo,Monthly_On_Order,519,10,0,0,2019-09-09 12:37:32.863000,2019-09-09 12:42:34.640000,
dbo,No_Size_Exception_Offers,194,1,0,0,2019-12-18 15:36:10.330000,2019-12-18 15:37:16.913000,
dbo,Offer_Control_Table,41531,59,0,0,2019-09-18 07:50:27.370000,2022-08-04 08:56:23.637000,
dbo,offer_control_table_backup,19914,57,0,0,2022-03-22 12:05:23.350000,2022-03-22 12:05:23.350000,
dbo,offer_control_table_backup_12142019,11460,51,0,0,2019-12-14 04:47:35.310000,2019-12-14 04:47:35.310000,
dbo,Offer_Inventory_Forecast,5163971,14,0,0,2019-12-09 06:02:23.997000,2019-12-18 04:10:12.030000,
dbo,Offer_Inventory_Forecast_backup_20250324,4209435,14,0,0,2025-03-24 15:45:15.200000,2025-03-24 15:45:15.200000,
dbo,Offer_Inventory_Forecast_Frozen,4121706,13,0,0,2019-10-25 12:36:25.650000,2026-03-28 09:39:35.943000,
dbo,Offer_Inventory_Forecast_Working,158,12,0,0,2019-12-10 09:58:41.297000,2019-12-10 09:58:47.343000,
dbo,offer_rounded_forecast_staging,8,13,0,0,2019-09-24 18:28:48.793000,2019-09-24 18:28:48.793000,
dbo,Offer_SKU_Inventory_Forecast,4186131,15,0,0,2019-12-09 06:07:10.200000,2026-06-16 22:32:03.180000,
dbo,Offer_SKU_Inventory_Forecast_backup,3642216,15,0,0,2025-03-24 15:47:26.893000,2025-03-24 15:47:26.893000,
dbo,Offer_SKU_Inventory_Forecast_Working,1264,15,0,0,2019-12-10 09:38:58.080000,2019-12-10 09:38:58.663000,
dbo,OfferID_to_reset_planned_receipts,1583,2,0,0,2019-11-06 09:15:19.730000,2019-11-06 09:15:19.730000,
dbo,offerid_to_reset_planned_receipts_backup,1583,2,0,0,2019-11-06 09:20:04.073000,2019-11-06 09:20:04.073000,
dbo,OfferID_Xref_Control,0,2,0,0,2019-10-04 11:48:35.450000,2019-10-04 11:48:35.533000,
dbo,Offers,93435,21,0,0,2019-09-28 04:19:04.997000,2022-05-26 10:07:02.140000,
dbo,Offers_Backup,93435,21,0,0,2020-06-05 13:42:15.760000,2020-06-05 13:42:15.760000,
dbo,On_Order,23413,11,0,0,2019-12-09 05:48:24.110000,2019-12-09 05:48:25.037000,
dbo,on_order_backup,29262,10,0,0,2019-10-04 15:06:03.657000,2019-10-04 15:06:03.657000,
dbo,OTB_Month_Plans,85,25,0,0,2019-07-31 13:31:59.797000,2019-07-31 13:31:59.867000,
dbo,OTB_Plan_Parameters,4,80,0,0,2019-07-31 07:15:50.840000,2019-07-31 07:15:50.923000,
dbo,PFS_System_Parameters,1,1,0,0,2019-08-15 08:03:15.930000,2019-08-15 08:03:16.177000,
dbo,Product_Dimensions_Hierarchy_Attributes,477206,45,0,0,2026-06-17 11:50:37.640000,2026-06-17 11:50:37.817000,
dbo,Promo_Model_Detail,12696,3,0,0,2019-08-19 08:28:35.930000,2026-03-29 10:45:07.440000,
dbo,Promo_Model_Headers,4060,12,0,0,2019-08-19 08:26:47.927000,2026-03-29 10:44:38.427000,
dbo,Promo_Model_Headers_Additional_Waves,38,10,0,0,2026-05-29 14:07:49.360000,2026-05-29 14:07:49.840000,
dbo,Promo_Rank_Calculations,856700,17,0,0,2022-03-21 15:35:00.597000,2022-03-21 15:35:05.490000,
dbo,Receipt_History,1149,8,0,0,2019-07-31 15:11:18.177000,2019-07-31 15:11:18.177000,
dbo,Receipt_History_Backup,4068,8,0,0,2019-10-16 15:38:14.573000,2019-10-16 15:38:14.573000,
dbo,Receipt_History_Sept2019,3679,8,0,0,2019-10-16 15:53:18.517000,2019-10-16 15:53:18.517000,
dbo,SalesDatabyMonth,6544,9,0,0,2019-07-31 07:16:17.230000,2019-07-31 07:16:17.323000,
dbo,Seasonal_Profile_Index_Library,169100,3,0,0,2019-07-25 12:37:19.947000,2019-07-25 12:37:19.967000,
dbo,Seasonal_Profile_Library,3194,12,0,0,2019-09-18 11:00:37.993000,2019-09-18 11:00:38.083000,
dbo,Seasonal_Profile_Sales,23844,61,0,0,2019-09-20 07:40:26.823000,2019-09-20 08:32:33.747000,
dbo,Seasonal_Profile_Sales_old,30234,59,0,0,2019-09-18 10:18:31.810000,2019-09-20 08:32:21.623000,
dbo,Size_Distribution_Library,36770,17,0,0,2020-03-17 06:01:30.873000,2020-03-17 06:01:31.760000,
dbo,Size_Distribution_Library_Backup_20200317,26786,15,0,0,2020-03-17 05:59:34.897000,2020-03-17 05:59:34.897000,
dbo,Size_Distribution_Sales,55671,10,0,0,2019-09-19 08:25:57.443000,2019-09-19 10:59:03.853000,
dbo,Size_Distribution_Sales_old,5244,8,0,0,2019-09-18 12:29:58.913000,2019-09-19 10:58:51.220000,
dbo,Size_Range_Groups,4918,5,0,0,2019-07-25 11:24:50.653000,2019-07-25 11:24:50.747000,
dbo,sku_hist,3675846,7,0,0,2020-05-01 11:28:13.113000,2020-05-01 11:28:13.113000,
dbo,Sku_Store_Allocation_Control,0,12,0,0,2019-08-14 14:51:14.817000,2019-08-16 13:43:41.510000,
dbo,SKU_Store_Demand_History,0,19,0,0,2019-08-20 12:31:42.900000,2019-08-20 12:31:42.980000,
dbo,Store_Distribution_LIbrary,224117,10,0,0,2019-09-19 06:01:18.103000,2019-09-19 06:01:18.243000,
dbo,Store_Distribution_Sales,6997430,6,0,0,2019-09-19 05:56:48.037000,2019-09-19 05:56:53.837000,
dbo,Store_Master_Control,71,9,0,0,2019-08-21 07:22:02.527000,2019-08-21 07:51:48.853000,
dbo,Store_Master_Groups_Control,329,2,0,0,2019-08-21 07:23:54.560000,2019-08-21 07:23:54.577000,
