Candidate,Windows,ForecastUnits,SoldUnits,AbsErrorUnits,ZeroForecastSoldUnits,MissedHighVolumeUnitsSoldGE10,AvgForecastedSKUs,AvgCoverage,WAPE,BiasPct,ZeroForecastSoldUnitPct
hybrid_ml_hgb_absolute_log_raw_min_20p0_units_recent_w0p1_cap_recent_x0p85,26,6830492.833847452,7334496.0,5907938.181351108,184516.0,89825.0,17017.30769230769,0.9664162350011385,0.8055002254212297,-0.06871680973751271,0.025157284154221367
hybrid_ml_hgb_absolute_log_raw_min_20p0_units_recent_w0p05_cap_recent_x0p85,26,6626609.783847452,7334496.0,5925603.214712929,184516.0,89825.0,17017.30769230769,0.9664162350011385,0.8079087117523724,-0.09651463660932501,0.025157284154221367
hybrid_ml_hgb_absolute_log_raw_min_20p0_units_recent_w0p1_cap_recent_x1p0,26,7186623.435228779,7334496.0,6023045.984598511,184516.0,89825.0,17017.30769230769,0.9664162350011385,0.821194255828691,-0.020161244176998803,0.025157284154221367
hybrid_ml_hgb_absolute_log_raw_min_20p0_units_recent_w0p05_cap_recent_x1p0,26,6959386.898098293,7334496.0,6045003.984157995,184516.0,89825.0,17017.30769230769,0.9664162350011385,0.8241880538428265,-0.05114313265720061,0.025157284154221367
hybrid_ml_hgb_absolute_log_raw_min_20p0_units_recent_w0p1_cap_recent_x1p1,26,7334751.551239483,7334496.0,6112499.889439888,184516.0,89825.0,17017.30769230769,0.9664162350011385,0.833390581907726,3.484237219340749e-05,0.025157284154221367
hybrid_ml_hgb_absolute_log_raw_min_20p0_units_recent_w0p05_cap_recent_x1p1,26,7096344.851280004,7334496.0,6130501.208028545,184516.0,89825.0,17017.30769230769,0.9664162350011385,0.8358449180459768,-0.032470008671351955,0.025157284154221367
hybrid_ml_hgb_absolute_log_raw_min_20p0_units_recent_w0p1_cap_recent_x1p25,26,7418332.194816512,7334496.0,6172854.120391174,184516.0,89825.0,17017.30769230769,0.9664162350011385,0.8416193996685217,0.01143039614671711,0.025157284154221367
hybrid_ml_hgb_absolute_log_raw_min_20p0_units_recent_w0p1,26,7426457.327683892,7334496.0,6179952.359341827,184516.0,89825.0,17017.30769230769,0.9664162350011385,0.8425871879051849,0.012538193174267475,0.025157284154221367
hybrid_ml_hgb_absolute_log_raw_min_20p0_units_recent_w0p05_cap_recent_x1p25,26,7168023.794816513,7334496.0,6184352.887414442,184516.0,89825.0,17017.30769230769,0.9664162350011385,0.8431871647914788,-0.02269715672126447,0.025157284154221367
hybrid_ml_hgb_absolute_log_calibrated_min_20p0_units_recent_w0p1_cap_recent_x0p85,26,7371563.82161255,7334496.0,6185879.574091276,184329.0,89739.0,17139.076923076922,0.96644690952646,0.8433953163368384,0.0050539016740277646,0.025131788196489573
hybrid_ml_hgb_absolute_log_raw_min_20p0_units_recent_w0p05,26,7171493.577683892,7334496.0,6187457.8093418265,184516.0,89825.0,17017.30769230769,0.9664162350011385,0.8436104961188644,-0.022224079516316855,0.025157284154221367
hybrid_ml_hgb_absolute_log_calibrated_min_20p0_units_recent_w0p05_cap_recent_x0p85,26,7218306.756816449,7334496.0,6222042.264216533,184329.0,89739.0,17139.076923076922,0.96644690952646,0.8483258105555628,-0.015841476112816933,0.025131788196489573
ml_hgb_absolute_log_raw_future_guardrail_min_20p0_units,26,6916529.827683892,7334496.0,6298901.459341827,2538289.0,1866702.0,4308.461538461538,0.5973848979941603,0.8588049484711461,-0.05698635220690118,0.3460754494923714
hybrid_ml_hgb_absolute_log_calibrated_min_20p0_units_recent_w0p1_cap_recent_x1p0,26,7914642.57685308,7334496.0,6365901.481547812,184329.0,89739.0,17139.076923076922,0.96644690952646,0.8679398668358143,0.07909835615877078,0.025131788196489573
hybrid_ml_hgb_absolute_log_calibrated_min_20p0_units_recent_w0p05_cap_recent_x1p0,26,7733893.676853079,7334496.0,6394254.699430021,184329.0,89739.0,17139.076923076922,0.96644690952646,0.8718056018341304,0.05445468602792603,0.025131788196489573
hybrid_ml_hgb_absolute_log_calibrated_min_20p0_units_recent_w0p1_cap_recent_x1p1,26,8238709.585142072,7334496.0,6507356.897803254,184329.0,89739.0,17139.076923076922,0.96644690952646,0.8872261840218134,0.12328230667002509,0.025131788196489573
hybrid_ml_hgb_absolute_log_calibrated_min_20p0_units_recent_w0p05_cap_recent_x1p1,26,8043376.635142071,7334496.0,6530461.944948342,184329.0,89739.0,17139.076923076922,0.96644690952646,0.8903763728207558,0.09665021770303933,0.025131788196489573
hybrid_ml_hgb_absolute_log_calibrated_min_20p0_units_recent_w0p1_cap_recent_x1p25,26,8567054.140709287,7334496.0,6702053.435129563,184329.0,89739.0,17139.076923076922,0.96644690952646,0.9137715031993423,0.16804946661764988,0.025131788196489573
hybrid_ml_hgb_absolute_log_calibrated_min_20p0_units_recent_w0p05_cap_recent_x1p25,26,8353352.540709286,7334496.0,6724535.585215944,184329.0,89739.0,17139.076923076922,0.96644690952646,0.9168367649550758,0.13891295880579743,0.025131788196489573
hybrid_ml_hgb_absolute_log_calibrated_min_20p0_units_recent_w0p1,26,8873670.628576685,7334496.0,6947353.014861033,184329.0,89739.0,17139.076923076922,0.96644690952646,0.9472161433943155,0.20985417792533867,0.025131788196489573
hybrid_ml_hgb_absolute_log_calibrated_min_20p0_units_recent_w0p05,26,8632111.628576685,7334496.0,6949715.414861033,184329.0,89739.0,17139.076923076922,0.96644690952646,0.9475382377822598,0.176919535926761,0.025131788196489573
ml_hgb_absolute_log_calibrated_future_guardrail_min_20p0_units,26,8390552.628576685,7334496.0,7051132.414861034,2335189.0,1673664.0,4794.384615384615,0.6246294955418291,0.9613656364201485,0.1439848939281833,0.3183843852392857
recent_no_ml_no_promo_floor,26,10226851.0,7334496.0,8170651.0,186702.0,91303.0,16611.76923076923,0.9660072863759226,1.1140030616964,0.394349523130151,0.02545532780984542
corporate,26,7740876.0,7334496.0,8309440.0,3396537.0,2926728.0,6510.692307692308,0.43861267268140924,1.1329258343040884,0.055406670069763485,0.4630907154356618
seasonal_no_ml_no_promo_floor,26,11441236.0,7334496.0,9349476.0,181788.0,88889.0,22389.53846153846,0.9667939169314882,1.27472644337116,0.5599212270345502,0.0247853431237811
recent_no_ml,26,34893974.0,7334496.0,29979778.0,164303.0,82794.0,18658.115384615383,0.9698961015424454,4.087503490355711,3.757514899455941,0.02240140290484854
seasonal_no_ml,26,36102623.0,7334496.0,31168447.0,161586.0,81699.0,24001.153846153848,0.9703919311522325,4.249569022874919,3.922304545533872,0.022030961636627794
