Offer,SKU,Division,Department,Class,KeyCategoryView,SizeGroup,GoLiveDate,OfferCount,Item,Color
15233-009,15233-009-25,Kids Accessories,KA shoes,KA shoe clog,Accessories,Acc/Misc,,1,15233,009
15233-015,15233-015-25,Kids Accessories,KA shoes,KA shoe clog,Accessories,Acc/Misc,,1,15233,015
15233-015,15233-015-26,Kids Accessories,KA shoes,KA shoe clog,Accessories,Acc/Misc,,1,15233,015
15233-015,15233-015-27,Kids Accessories,KA shoes,KA shoe clog,Accessories,Acc/Misc,,1,15233,015
15233-015,15233-015-28,Kids Accessories,KA shoes,KA shoe clog,Accessories,Acc/Misc,,1,15233,015
15233-015,15233-015-29,Kids Accessories,KA shoes,KA shoe clog,Accessories,Acc/Misc,,1,15233,015
15233-015,15233-015-30,Kids Accessories,KA shoes,KA shoe clog,Accessories,Acc/Misc,,1,15233,015
15233-015,15233-015-31,Kids Accessories,KA shoes,KA shoe clog,Accessories,Acc/Misc,,1,15233,015
15233-015,15233-015-32,Kids Accessories,KA shoes,KA shoe clog,Accessories,Acc/Misc,,1,15233,015
15233-015,15233-015-33,Kids Accessories,KA shoes,KA shoe clog,Accessories,Acc/Misc,,1,15233,015
15233-015,15233-015-34,Kids Accessories,KA shoes,KA shoe clog,Accessories,Acc/Misc,,1,15233,015
15233-015,15233-015-35,Kids Accessories,KA shoes,KA shoe clog,Accessories,Acc/Misc,,1,15233,015
15233-015,15233-015-36,Kids Accessories,KA shoes,KA shoe clog,Accessories,Acc/Misc,,1,15233,015
15233-015,15233-015-37,Kids Accessories,KA shoes,KA shoe clog,Accessories,Acc/Misc,,1,15233,015
15233-128,15233-128-25,Kids Accessories,KA shoes,KA shoe clog,Accessories,Acc/Misc,,1,15233,128
15233-128,15233-128-26,Kids Accessories,KA shoes,KA shoe clog,Accessories,Acc/Misc,,1,15233,128
15233-128,15233-128-27,Kids Accessories,KA shoes,KA shoe clog,Accessories,Acc/Misc,,1,15233,128
15233-128,15233-128-28,Kids Accessories,KA shoes,KA shoe clog,Accessories,Acc/Misc,,1,15233,128
15233-128,15233-128-29,Kids Accessories,KA shoes,KA shoe clog,Accessories,Acc/Misc,,1,15233,128
15233-128,15233-128-30,Kids Accessories,KA shoes,KA shoe clog,Accessories,Acc/Misc,,1,15233,128
15233-128,15233-128-31,Kids Accessories,KA shoes,KA shoe clog,Accessories,Acc/Misc,,1,15233,128
15233-128,15233-128-32,Kids Accessories,KA shoes,KA shoe clog,Accessories,Acc/Misc,,1,15233,128
15233-128,15233-128-33,Kids Accessories,KA shoes,KA shoe clog,Accessories,Acc/Misc,,1,15233,128
15233-128,15233-128-34,Kids Accessories,KA shoes,KA shoe clog,Accessories,Acc/Misc,,1,15233,128
15233-128,15233-128-35,Kids Accessories,KA shoes,KA shoe clog,Accessories,Acc/Misc,,1,15233,128
15233-128,15233-128-36,Kids Accessories,KA shoes,KA shoe clog,Accessories,Acc/Misc,,1,15233,128
15233-128,15233-128-37,Kids Accessories,KA shoes,KA shoe clog,Accessories,Acc/Misc,,1,15233,128
15233-129,15233-129-25,Kids Accessories,KA shoes,KA shoe clog,Accessories,Acc/Misc,,1,15233,129
15233-129,15233-129-26,Kids Accessories,KA shoes,KA shoe clog,Accessories,Acc/Misc,,1,15233,129
15233-129,15233-129-27,Kids Accessories,KA shoes,KA shoe clog,Accessories,Acc/Misc,,1,15233,129
15233-129,15233-129-28,Kids Accessories,KA shoes,KA shoe clog,Accessories,Acc/Misc,,1,15233,129
15233-129,15233-129-29,Kids Accessories,KA shoes,KA shoe clog,Accessories,Acc/Misc,,1,15233,129
15233-129,15233-129-30,Kids Accessories,KA shoes,KA shoe clog,Accessories,Acc/Misc,,1,15233,129
15233-129,15233-129-31,Kids Accessories,KA shoes,KA shoe clog,Accessories,Acc/Misc,,1,15233,129
15233-129,15233-129-32,Kids Accessories,KA shoes,KA shoe clog,Accessories,Acc/Misc,,1,15233,129
15233-129,15233-129-33,Kids Accessories,KA shoes,KA shoe clog,Accessories,Acc/Misc,,1,15233,129
15233-129,15233-129-34,Kids Accessories,KA shoes,KA shoe clog,Accessories,Acc/Misc,,1,15233,129
15233-129,15233-129-35,Kids Accessories,KA shoes,KA shoe clog,Accessories,Acc/Misc,,1,15233,129
15233-129,15233-129-36,Kids Accessories,KA shoes,KA shoe clog,Accessories,Acc/Misc,,1,15233,129
15233-129,15233-129-37,Kids Accessories,KA shoes,KA shoe clog,Accessories,Acc/Misc,,1,15233,129
15233-19Z,15233-19Z-25,Kids Accessories,KA shoes,KA shoe clog,Accessories,Acc/Misc,,1,15233,19Z
15233-19Z,15233-19Z-26,Kids Accessories,KA shoes,KA shoe clog,Accessories,Acc/Misc,,1,15233,19Z
15233-19Z,15233-19Z-27,Kids Accessories,KA shoes,KA shoe clog,Accessories,Acc/Misc,,1,15233,19Z
15233-19Z,15233-19Z-28,Kids Accessories,KA shoes,KA shoe clog,Accessories,Acc/Misc,,1,15233,19Z
15233-19Z,15233-19Z-29,Kids Accessories,KA shoes,KA shoe clog,Accessories,Acc/Misc,,1,15233,19Z
15233-19Z,15233-19Z-30,Kids Accessories,KA shoes,KA shoe clog,Accessories,Acc/Misc,,1,15233,19Z
15233-19Z,15233-19Z-31,Kids Accessories,KA shoes,KA shoe clog,Accessories,Acc/Misc,,1,15233,19Z
15233-19Z,15233-19Z-32,Kids Accessories,KA shoes,KA shoe clog,Accessories,Acc/Misc,,1,15233,19Z
15233-19Z,15233-19Z-33,Kids Accessories,KA shoes,KA shoe clog,Accessories,Acc/Misc,,1,15233,19Z
15233-19Z,15233-19Z-34,Kids Accessories,KA shoes,KA shoe clog,Accessories,Acc/Misc,,1,15233,19Z
15233-19Z,15233-19Z-35,Kids Accessories,KA shoes,KA shoe clog,Accessories,Acc/Misc,,1,15233,19Z
15233-19Z,15233-19Z-36,Kids Accessories,KA shoes,KA shoe clog,Accessories,Acc/Misc,,1,15233,19Z
15233-22E,15233-22E-27,Kids Accessories,KA shoes,KA shoe clog,Accessories,Acc/Misc,,1,15233,22E
15233-22E,15233-22E-28,Kids Accessories,KA shoes,KA shoe clog,Accessories,Acc/Misc,,1,15233,22E
15233-22E,15233-22E-29,Kids Accessories,KA shoes,KA shoe clog,Accessories,Acc/Misc,,1,15233,22E
15233-22E,15233-22E-30,Kids Accessories,KA shoes,KA shoe clog,Accessories,Acc/Misc,,1,15233,22E
15233-22E,15233-22E-31,Kids Accessories,KA shoes,KA shoe clog,Accessories,Acc/Misc,,1,15233,22E
15233-22E,15233-22E-32,Kids Accessories,KA shoes,KA shoe clog,Accessories,Acc/Misc,,1,15233,22E
15233-22E,15233-22E-33,Kids Accessories,KA shoes,KA shoe clog,Accessories,Acc/Misc,,1,15233,22E
15233-22E,15233-22E-34,Kids Accessories,KA shoes,KA shoe clog,Accessories,Acc/Misc,,1,15233,22E
15233-22E,15233-22E-35,Kids Accessories,KA shoes,KA shoe clog,Accessories,Acc/Misc,,1,15233,22E
15233-22E,15233-22E-36,Kids Accessories,KA shoes,KA shoe clog,Accessories,Acc/Misc,,1,15233,22E
15233-22E,15233-22E-37,Kids Accessories,KA shoes,KA shoe clog,Accessories,Acc/Misc,,1,15233,22E
15233-25H,15233-25H-25,Kids Accessories,KA shoes,KA shoe clog,Accessories,Acc/Misc,,1,15233,25H
15233-25H,15233-25H-26,Kids Accessories,KA shoes,KA shoe clog,Accessories,Acc/Misc,,1,15233,25H
15233-25H,15233-25H-27,Kids Accessories,KA shoes,KA shoe clog,Accessories,Acc/Misc,,1,15233,25H
15233-25H,15233-25H-28,Kids Accessories,KA shoes,KA shoe clog,Accessories,Acc/Misc,,1,15233,25H
15233-25H,15233-25H-29,Kids Accessories,KA shoes,KA shoe clog,Accessories,Acc/Misc,,1,15233,25H
15233-25H,15233-25H-30,Kids Accessories,KA shoes,KA shoe clog,Accessories,Acc/Misc,,1,15233,25H
15233-25H,15233-25H-31,Kids Accessories,KA shoes,KA shoe clog,Accessories,Acc/Misc,,1,15233,25H
15233-25H,15233-25H-32,Kids Accessories,KA shoes,KA shoe clog,Accessories,Acc/Misc,,1,15233,25H
15233-25H,15233-25H-33,Kids Accessories,KA shoes,KA shoe clog,Accessories,Acc/Misc,,1,15233,25H
15233-25H,15233-25H-34,Kids Accessories,KA shoes,KA shoe clog,Accessories,Acc/Misc,,1,15233,25H
15233-25H,15233-25H-35,Kids Accessories,KA shoes,KA shoe clog,Accessories,Acc/Misc,,1,15233,25H
15233-25H,15233-25H-36,Kids Accessories,KA shoes,KA shoe clog,Accessories,Acc/Misc,,1,15233,25H
15233-25H,15233-25H-37,Kids Accessories,KA shoes,KA shoe clog,Accessories,Acc/Misc,,1,15233,25H
15233-45E,15233-45E-25,Kids Accessories,KA shoes,KA shoe clog,Accessories,Acc/Misc,,1,15233,45E
15233-45E,15233-45E-26,Kids Accessories,KA shoes,KA shoe clog,Accessories,Acc/Misc,,1,15233,45E
15233-45E,15233-45E-27,Kids Accessories,KA shoes,KA shoe clog,Accessories,Acc/Misc,,1,15233,45E
15233-45E,15233-45E-28,Kids Accessories,KA shoes,KA shoe clog,Accessories,Acc/Misc,,1,15233,45E
15233-45E,15233-45E-29,Kids Accessories,KA shoes,KA shoe clog,Accessories,Acc/Misc,,1,15233,45E
15233-45E,15233-45E-30,Kids Accessories,KA shoes,KA shoe clog,Accessories,Acc/Misc,,1,15233,45E
15233-45E,15233-45E-31,Kids Accessories,KA shoes,KA shoe clog,Accessories,Acc/Misc,,1,15233,45E
15233-45E,15233-45E-32,Kids Accessories,KA shoes,KA shoe clog,Accessories,Acc/Misc,,1,15233,45E
15233-45E,15233-45E-33,Kids Accessories,KA shoes,KA shoe clog,Accessories,Acc/Misc,,1,15233,45E
15233-45E,15233-45E-34,Kids Accessories,KA shoes,KA shoe clog,Accessories,Acc/Misc,,1,15233,45E
15233-45E,15233-45E-35,Kids Accessories,KA shoes,KA shoe clog,Accessories,Acc/Misc,,1,15233,45E
15233-45E,15233-45E-36,Kids Accessories,KA shoes,KA shoe clog,Accessories,Acc/Misc,,1,15233,45E
15233-45E,15233-45E-37,Kids Accessories,KA shoes,KA shoe clog,Accessories,Acc/Misc,,1,15233,45E
15233-52M,15233-52M-25,Kids Accessories,KA shoes,KA shoe clog,Accessories,Acc/Misc,,1,15233,52M
15233-52M,15233-52M-26,Kids Accessories,KA shoes,KA shoe clog,Accessories,Acc/Misc,,1,15233,52M
15233-52M,15233-52M-27,Kids Accessories,KA shoes,KA shoe clog,Accessories,Acc/Misc,,1,15233,52M
15233-52M,15233-52M-28,Kids Accessories,KA shoes,KA shoe clog,Accessories,Acc/Misc,,1,15233,52M
15233-52M,15233-52M-29,Kids Accessories,KA shoes,KA shoe clog,Accessories,Acc/Misc,,1,15233,52M
15233-52M,15233-52M-30,Kids Accessories,KA shoes,KA shoe clog,Accessories,Acc/Misc,,1,15233,52M
15233-52M,15233-52M-31,Kids Accessories,KA shoes,KA shoe clog,Accessories,Acc/Misc,,1,15233,52M
15233-52M,15233-52M-32,Kids Accessories,KA shoes,KA shoe clog,Accessories,Acc/Misc,,1,15233,52M
15233-52M,15233-52M-33,Kids Accessories,KA shoes,KA shoe clog,Accessories,Acc/Misc,,1,15233,52M
15233-52M,15233-52M-34,Kids Accessories,KA shoes,KA shoe clog,Accessories,Acc/Misc,,1,15233,52M
15233-52M,15233-52M-35,Kids Accessories,KA shoes,KA shoe clog,Accessories,Acc/Misc,,1,15233,52M
15233-52M,15233-52M-36,Kids Accessories,KA shoes,KA shoe clog,Accessories,Acc/Misc,,1,15233,52M
15233-52M,15233-52M-37,Kids Accessories,KA shoes,KA shoe clog,Accessories,Acc/Misc,,1,15233,52M
15233-60N,15233-60N-25,Kids Accessories,KA shoes,KA shoe clog,Accessories,Acc/Misc,,1,15233,60N
15233-60N,15233-60N-26,Kids Accessories,KA shoes,KA shoe clog,Accessories,Acc/Misc,,1,15233,60N
15233-60N,15233-60N-27,Kids Accessories,KA shoes,KA shoe clog,Accessories,Acc/Misc,,1,15233,60N
15233-60N,15233-60N-28,Kids Accessories,KA shoes,KA shoe clog,Accessories,Acc/Misc,,1,15233,60N
15233-60N,15233-60N-29,Kids Accessories,KA shoes,KA shoe clog,Accessories,Acc/Misc,,1,15233,60N
15233-60N,15233-60N-30,Kids Accessories,KA shoes,KA shoe clog,Accessories,Acc/Misc,,1,15233,60N
15233-60N,15233-60N-31,Kids Accessories,KA shoes,KA shoe clog,Accessories,Acc/Misc,,1,15233,60N
15233-60N,15233-60N-32,Kids Accessories,KA shoes,KA shoe clog,Accessories,Acc/Misc,,1,15233,60N
15233-60N,15233-60N-33,Kids Accessories,KA shoes,KA shoe clog,Accessories,Acc/Misc,,1,15233,60N
15233-60N,15233-60N-34,Kids Accessories,KA shoes,KA shoe clog,Accessories,Acc/Misc,,1,15233,60N
15233-60N,15233-60N-35,Kids Accessories,KA shoes,KA shoe clog,Accessories,Acc/Misc,,1,15233,60N
15233-60N,15233-60N-36,Kids Accessories,KA shoes,KA shoe clog,Accessories,Acc/Misc,,1,15233,60N
15233-60N,15233-60N-37,Kids Accessories,KA shoes,KA shoe clog,Accessories,Acc/Misc,,1,15233,60N
15233-A91,15233-A91-27,Kids Accessories,KA shoes,KA shoe clog,Accessories,Acc/Misc,,1,15233,A91
15233-A91,15233-A91-28,Kids Accessories,KA shoes,KA shoe clog,Accessories,Acc/Misc,,1,15233,A91
15233-A91,15233-A91-29,Kids Accessories,KA shoes,KA shoe clog,Accessories,Acc/Misc,,1,15233,A91
15233-A91,15233-A91-30,Kids Accessories,KA shoes,KA shoe clog,Accessories,Acc/Misc,,1,15233,A91
15233-A91,15233-A91-31,Kids Accessories,KA shoes,KA shoe clog,Accessories,Acc/Misc,,1,15233,A91
15233-A91,15233-A91-32,Kids Accessories,KA shoes,KA shoe clog,Accessories,Acc/Misc,,1,15233,A91
15233-A91,15233-A91-33,Kids Accessories,KA shoes,KA shoe clog,Accessories,Acc/Misc,,1,15233,A91
15233-A91,15233-A91-34,Kids Accessories,KA shoes,KA shoe clog,Accessories,Acc/Misc,,1,15233,A91
15233-A91,15233-A91-35,Kids Accessories,KA shoes,KA shoe clog,Accessories,Acc/Misc,,1,15233,A91
15233-A91,15233-A91-36,Kids Accessories,KA shoes,KA shoe clog,Accessories,Acc/Misc,,1,15233,A91
15233-CE6,15233-CE6-27,Kids Accessories,KA shoes,KA shoe clog,Accessories,Acc/Misc,,1,15233,CE6
15233-CE6,15233-CE6-28,Kids Accessories,KA shoes,KA shoe clog,Accessories,Acc/Misc,,1,15233,CE6
15233-CE6,15233-CE6-29,Kids Accessories,KA shoes,KA shoe clog,Accessories,Acc/Misc,,1,15233,CE6
15233-CE6,15233-CE6-30,Kids Accessories,KA shoes,KA shoe clog,Accessories,Acc/Misc,,1,15233,CE6
15233-CE6,15233-CE6-31,Kids Accessories,KA shoes,KA shoe clog,Accessories,Acc/Misc,,1,15233,CE6
15233-CE6,15233-CE6-32,Kids Accessories,KA shoes,KA shoe clog,Accessories,Acc/Misc,,1,15233,CE6
15233-CE6,15233-CE6-33,Kids Accessories,KA shoes,KA shoe clog,Accessories,Acc/Misc,,1,15233,CE6
15233-CE6,15233-CE6-34,Kids Accessories,KA shoes,KA shoe clog,Accessories,Acc/Misc,,1,15233,CE6
15233-CE6,15233-CE6-35,Kids Accessories,KA shoes,KA shoe clog,Accessories,Acc/Misc,,1,15233,CE6
15233-CE6,15233-CE6-36,Kids Accessories,KA shoes,KA shoe clog,Accessories,Acc/Misc,,1,15233,CE6
15233-CF5,15233-CF5-27,Kids Accessories,KA shoes,KA shoe clog,Accessories,Acc/Misc,,1,15233,CF5
15233-CF5,15233-CF5-28,Kids Accessories,KA shoes,KA shoe clog,Accessories,Acc/Misc,,1,15233,CF5
15233-CF5,15233-CF5-29,Kids Accessories,KA shoes,KA shoe clog,Accessories,Acc/Misc,,1,15233,CF5
15233-CF5,15233-CF5-30,Kids Accessories,KA shoes,KA shoe clog,Accessories,Acc/Misc,,1,15233,CF5
15233-CF5,15233-CF5-31,Kids Accessories,KA shoes,KA shoe clog,Accessories,Acc/Misc,,1,15233,CF5
15233-CF5,15233-CF5-32,Kids Accessories,KA shoes,KA shoe clog,Accessories,Acc/Misc,,1,15233,CF5
15233-CF5,15233-CF5-33,Kids Accessories,KA shoes,KA shoe clog,Accessories,Acc/Misc,,1,15233,CF5
15233-CF5,15233-CF5-34,Kids Accessories,KA shoes,KA shoe clog,Accessories,Acc/Misc,,1,15233,CF5
15233-CF5,15233-CF5-35,Kids Accessories,KA shoes,KA shoe clog,Accessories,Acc/Misc,,1,15233,CF5
15233-CF5,15233-CF5-36,Kids Accessories,KA shoes,KA shoe clog,Accessories,Acc/Misc,,1,15233,CF5
15233-CZ5,15233-CZ5-27,Kids Accessories,KA shoes,KA shoe clog,Accessories,Acc/Misc,,1,15233,CZ5
15233-CZ5,15233-CZ5-28,Kids Accessories,KA shoes,KA shoe clog,Accessories,Acc/Misc,,1,15233,CZ5
15233-CZ5,15233-CZ5-29,Kids Accessories,KA shoes,KA shoe clog,Accessories,Acc/Misc,,1,15233,CZ5
15233-CZ5,15233-CZ5-30,Kids Accessories,KA shoes,KA shoe clog,Accessories,Acc/Misc,,1,15233,CZ5
15233-CZ5,15233-CZ5-31,Kids Accessories,KA shoes,KA shoe clog,Accessories,Acc/Misc,,1,15233,CZ5
15233-CZ5,15233-CZ5-32,Kids Accessories,KA shoes,KA shoe clog,Accessories,Acc/Misc,,1,15233,CZ5
15233-CZ5,15233-CZ5-33,Kids Accessories,KA shoes,KA shoe clog,Accessories,Acc/Misc,,1,15233,CZ5
15233-CZ5,15233-CZ5-34,Kids Accessories,KA shoes,KA shoe clog,Accessories,Acc/Misc,,1,15233,CZ5
15233-CZ5,15233-CZ5-35,Kids Accessories,KA shoes,KA shoe clog,Accessories,Acc/Misc,,1,15233,CZ5
15233-CZ5,15233-CZ5-36,Kids Accessories,KA shoes,KA shoe clog,Accessories,Acc/Misc,,1,15233,CZ5
15233-EH2,15233-EH2-25,Kids Accessories,KA shoes,KA shoe clog,Accessories,Acc/Misc,,1,15233,EH2
15233-EH2,15233-EH2-26,Kids Accessories,KA shoes,KA shoe clog,Accessories,Acc/Misc,,1,15233,EH2
15233-EH2,15233-EH2-27,Kids Accessories,KA shoes,KA shoe clog,Accessories,Acc/Misc,,1,15233,EH2
15233-EH2,15233-EH2-28,Kids Accessories,KA shoes,KA shoe clog,Accessories,Acc/Misc,,1,15233,EH2
15233-EH2,15233-EH2-29,Kids Accessories,KA shoes,KA shoe clog,Accessories,Acc/Misc,,1,15233,EH2
15233-EH2,15233-EH2-30,Kids Accessories,KA shoes,KA shoe clog,Accessories,Acc/Misc,,1,15233,EH2
15233-EH2,15233-EH2-31,Kids Accessories,KA shoes,KA shoe clog,Accessories,Acc/Misc,,1,15233,EH2
15233-EH2,15233-EH2-32,Kids Accessories,KA shoes,KA shoe clog,Accessories,Acc/Misc,,1,15233,EH2
15233-EH2,15233-EH2-33,Kids Accessories,KA shoes,KA shoe clog,Accessories,Acc/Misc,,1,15233,EH2
15233-EH2,15233-EH2-34,Kids Accessories,KA shoes,KA shoe clog,Accessories,Acc/Misc,,1,15233,EH2
15233-EH2,15233-EH2-35,Kids Accessories,KA shoes,KA shoe clog,Accessories,Acc/Misc,,1,15233,EH2
15233-EH2,15233-EH2-36,Kids Accessories,KA shoes,KA shoe clog,Accessories,Acc/Misc,,1,15233,EH2
15233-F05,15233-F05-25,Kids Accessories,KA shoes,KA shoe clog,Accessories,Acc/Misc,,1,15233,F05
15233-F05,15233-F05-26,Kids Accessories,KA shoes,KA shoe clog,Accessories,Acc/Misc,,1,15233,F05
15233-F05,15233-F05-27,Kids Accessories,KA shoes,KA shoe clog,Accessories,Acc/Misc,,1,15233,F05
15233-F05,15233-F05-28,Kids Accessories,KA shoes,KA shoe clog,Accessories,Acc/Misc,,1,15233,F05
15233-F05,15233-F05-29,Kids Accessories,KA shoes,KA shoe clog,Accessories,Acc/Misc,,1,15233,F05
15233-F05,15233-F05-30,Kids Accessories,KA shoes,KA shoe clog,Accessories,Acc/Misc,,1,15233,F05
15233-F05,15233-F05-31,Kids Accessories,KA shoes,KA shoe clog,Accessories,Acc/Misc,,1,15233,F05
15233-F05,15233-F05-32,Kids Accessories,KA shoes,KA shoe clog,Accessories,Acc/Misc,,1,15233,F05
15233-F05,15233-F05-33,Kids Accessories,KA shoes,KA shoe clog,Accessories,Acc/Misc,,1,15233,F05
15233-F05,15233-F05-34,Kids Accessories,KA shoes,KA shoe clog,Accessories,Acc/Misc,,1,15233,F05
15233-F05,15233-F05-35,Kids Accessories,KA shoes,KA shoe clog,Accessories,Acc/Misc,,1,15233,F05
15233-F05,15233-F05-36,Kids Accessories,KA shoes,KA shoe clog,Accessories,Acc/Misc,,1,15233,F05
15233-F55,15233-F55-25,Kids Accessories,KA shoes,KA shoe clog,Accessories,Acc/Misc,,1,15233,F55
15233-F55,15233-F55-26,Kids Accessories,KA shoes,KA shoe clog,Accessories,Acc/Misc,,1,15233,F55
15233-F55,15233-F55-27,Kids Accessories,KA shoes,KA shoe clog,Accessories,Acc/Misc,,1,15233,F55
15233-F55,15233-F55-28,Kids Accessories,KA shoes,KA shoe clog,Accessories,Acc/Misc,,1,15233,F55
15233-F55,15233-F55-29,Kids Accessories,KA shoes,KA shoe clog,Accessories,Acc/Misc,,1,15233,F55
15233-F55,15233-F55-30,Kids Accessories,KA shoes,KA shoe clog,Accessories,Acc/Misc,,1,15233,F55
15233-F55,15233-F55-31,Kids Accessories,KA shoes,KA shoe clog,Accessories,Acc/Misc,,1,15233,F55
15233-F55,15233-F55-32,Kids Accessories,KA shoes,KA shoe clog,Accessories,Acc/Misc,,1,15233,F55
15233-F55,15233-F55-33,Kids Accessories,KA shoes,KA shoe clog,Accessories,Acc/Misc,,1,15233,F55
15233-F55,15233-F55-34,Kids Accessories,KA shoes,KA shoe clog,Accessories,Acc/Misc,,1,15233,F55
15233-F55,15233-F55-35,Kids Accessories,KA shoes,KA shoe clog,Accessories,Acc/Misc,,1,15233,F55
15233-F55,15233-F55-36,Kids Accessories,KA shoes,KA shoe clog,Accessories,Acc/Misc,,1,15233,F55
15233-F56,15233-F56-27,Kids Accessories,KA shoes,KA shoe clog,Accessories,Acc/Misc,,1,15233,F56
15233-F56,15233-F56-28,Kids Accessories,KA shoes,KA shoe clog,Accessories,Acc/Misc,,1,15233,F56
15233-F56,15233-F56-29,Kids Accessories,KA shoes,KA shoe clog,Accessories,Acc/Misc,,1,15233,F56
15233-F56,15233-F56-30,Kids Accessories,KA shoes,KA shoe clog,Accessories,Acc/Misc,,1,15233,F56
15233-F56,15233-F56-31,Kids Accessories,KA shoes,KA shoe clog,Accessories,Acc/Misc,,1,15233,F56
15233-F56,15233-F56-32,Kids Accessories,KA shoes,KA shoe clog,Accessories,Acc/Misc,,1,15233,F56
15233-F56,15233-F56-33,Kids Accessories,KA shoes,KA shoe clog,Accessories,Acc/Misc,,1,15233,F56
15233-F56,15233-F56-34,Kids Accessories,KA shoes,KA shoe clog,Accessories,Acc/Misc,,1,15233,F56
15233-F56,15233-F56-35,Kids Accessories,KA shoes,KA shoe clog,Accessories,Acc/Misc,,1,15233,F56
15233-F56,15233-F56-36,Kids Accessories,KA shoes,KA shoe clog,Accessories,Acc/Misc,,1,15233,F56
15233-F56,15233-F56-37,Kids Accessories,KA shoes,KA shoe clog,Accessories,Acc/Misc,,1,15233,F56
15233-G35,15233-G35-27,Kids Accessories,KA shoes,KA shoe clog,Accessories,Acc/Misc,,1,15233,G35
15233-G35,15233-G35-28,Kids Accessories,KA shoes,KA shoe clog,Accessories,Acc/Misc,,1,15233,G35
15233-G35,15233-G35-29,Kids Accessories,KA shoes,KA shoe clog,Accessories,Acc/Misc,,1,15233,G35
15233-G35,15233-G35-30,Kids Accessories,KA shoes,KA shoe clog,Accessories,Acc/Misc,,1,15233,G35
15233-G35,15233-G35-31,Kids Accessories,KA shoes,KA shoe clog,Accessories,Acc/Misc,,1,15233,G35
15233-G35,15233-G35-32,Kids Accessories,KA shoes,KA shoe clog,Accessories,Acc/Misc,,1,15233,G35
15233-G35,15233-G35-33,Kids Accessories,KA shoes,KA shoe clog,Accessories,Acc/Misc,,1,15233,G35
15233-G35,15233-G35-34,Kids Accessories,KA shoes,KA shoe clog,Accessories,Acc/Misc,,1,15233,G35
15233-G35,15233-G35-35,Kids Accessories,KA shoes,KA shoe clog,Accessories,Acc/Misc,,1,15233,G35
15233-G35,15233-G35-36,Kids Accessories,KA shoes,KA shoe clog,Accessories,Acc/Misc,,1,15233,G35
15233-GJ2,15233-GJ2-27,Kids Accessories,KA shoes,KA shoe clog,Accessories,Acc/Misc,,1,15233,GJ2
15233-GJ2,15233-GJ2-28,Kids Accessories,KA shoes,KA shoe clog,Accessories,Acc/Misc,,1,15233,GJ2
15233-GJ2,15233-GJ2-29,Kids Accessories,KA shoes,KA shoe clog,Accessories,Acc/Misc,,1,15233,GJ2
15233-GJ2,15233-GJ2-30,Kids Accessories,KA shoes,KA shoe clog,Accessories,Acc/Misc,,1,15233,GJ2
15233-GJ2,15233-GJ2-31,Kids Accessories,KA shoes,KA shoe clog,Accessories,Acc/Misc,,1,15233,GJ2
15233-GJ2,15233-GJ2-32,Kids Accessories,KA shoes,KA shoe clog,Accessories,Acc/Misc,,1,15233,GJ2
15233-GJ2,15233-GJ2-33,Kids Accessories,KA shoes,KA shoe clog,Accessories,Acc/Misc,,1,15233,GJ2
15233-GJ2,15233-GJ2-34,Kids Accessories,KA shoes,KA shoe clog,Accessories,Acc/Misc,,1,15233,GJ2
15233-GJ2,15233-GJ2-35,Kids Accessories,KA shoes,KA shoe clog,Accessories,Acc/Misc,,1,15233,GJ2
15233-GJ2,15233-GJ2-36,Kids Accessories,KA shoes,KA shoe clog,Accessories,Acc/Misc,,1,15233,GJ2
15233-H05,15233-H05-27,Kids Accessories,KA shoes,KA shoe clog,Accessories,Acc/Misc,,1,15233,H05
15233-H05,15233-H05-28,Kids Accessories,KA shoes,KA shoe clog,Accessories,Acc/Misc,,1,15233,H05
15233-H05,15233-H05-29,Kids Accessories,KA shoes,KA shoe clog,Accessories,Acc/Misc,,1,15233,H05
15233-H05,15233-H05-30,Kids Accessories,KA shoes,KA shoe clog,Accessories,Acc/Misc,,1,15233,H05
15233-H05,15233-H05-31,Kids Accessories,KA shoes,KA shoe clog,Accessories,Acc/Misc,,1,15233,H05
15233-H05,15233-H05-32,Kids Accessories,KA shoes,KA shoe clog,Accessories,Acc/Misc,,1,15233,H05
15233-H05,15233-H05-33,Kids Accessories,KA shoes,KA shoe clog,Accessories,Acc/Misc,,1,15233,H05
15233-H05,15233-H05-34,Kids Accessories,KA shoes,KA shoe clog,Accessories,Acc/Misc,,1,15233,H05
15233-H05,15233-H05-35,Kids Accessories,KA shoes,KA shoe clog,Accessories,Acc/Misc,,1,15233,H05
15233-H05,15233-H05-36,Kids Accessories,KA shoes,KA shoe clog,Accessories,Acc/Misc,,1,15233,H05
15233-H69,15233-H69-25,Kids Accessories,KA shoes,KA shoe clog,Accessories,Acc/Misc,,1,15233,H69
15233-H69,15233-H69-26,Kids Accessories,KA shoes,KA shoe clog,Accessories,Acc/Misc,,1,15233,H69
15233-H69,15233-H69-27,Kids Accessories,KA shoes,KA shoe clog,Accessories,Acc/Misc,,1,15233,H69
15233-H69,15233-H69-28,Kids Accessories,KA shoes,KA shoe clog,Accessories,Acc/Misc,,1,15233,H69
15233-H69,15233-H69-29,Kids Accessories,KA shoes,KA shoe clog,Accessories,Acc/Misc,,1,15233,H69
15233-H69,15233-H69-30,Kids Accessories,KA shoes,KA shoe clog,Accessories,Acc/Misc,,1,15233,H69
15233-H69,15233-H69-31,Kids Accessories,KA shoes,KA shoe clog,Accessories,Acc/Misc,,1,15233,H69
15233-H69,15233-H69-32,Kids Accessories,KA shoes,KA shoe clog,Accessories,Acc/Misc,,1,15233,H69
15233-H69,15233-H69-33,Kids Accessories,KA shoes,KA shoe clog,Accessories,Acc/Misc,,1,15233,H69
15233-H69,15233-H69-34,Kids Accessories,KA shoes,KA shoe clog,Accessories,Acc/Misc,,1,15233,H69
15233-H69,15233-H69-35,Kids Accessories,KA shoes,KA shoe clog,Accessories,Acc/Misc,,1,15233,H69
15233-H69,15233-H69-36,Kids Accessories,KA shoes,KA shoe clog,Accessories,Acc/Misc,,1,15233,H69
15233-H69,15233-H69-37,Kids Accessories,KA shoes,KA shoe clog,Accessories,Acc/Misc,,1,15233,H69
15233-M23,15233-M23-25,Kids Accessories,KA shoes,KA shoe clog,Accessories,Acc/Misc,,1,15233,M23
15233-M23,15233-M23-26,Kids Accessories,KA shoes,KA shoe clog,Accessories,Acc/Misc,,1,15233,M23
15233-M23,15233-M23-27,Kids Accessories,KA shoes,KA shoe clog,Accessories,Acc/Misc,,1,15233,M23
15233-M23,15233-M23-28,Kids Accessories,KA shoes,KA shoe clog,Accessories,Acc/Misc,,1,15233,M23
15233-M23,15233-M23-29,Kids Accessories,KA shoes,KA shoe clog,Accessories,Acc/Misc,,1,15233,M23
15233-M23,15233-M23-30,Kids Accessories,KA shoes,KA shoe clog,Accessories,Acc/Misc,,1,15233,M23
15233-M23,15233-M23-31,Kids Accessories,KA shoes,KA shoe clog,Accessories,Acc/Misc,,1,15233,M23
15233-M23,15233-M23-32,Kids Accessories,KA shoes,KA shoe clog,Accessories,Acc/Misc,,1,15233,M23
15233-M23,15233-M23-33,Kids Accessories,KA shoes,KA shoe clog,Accessories,Acc/Misc,,1,15233,M23
15233-M23,15233-M23-34,Kids Accessories,KA shoes,KA shoe clog,Accessories,Acc/Misc,,1,15233,M23
15233-M23,15233-M23-35,Kids Accessories,KA shoes,KA shoe clog,Accessories,Acc/Misc,,1,15233,M23
15233-M23,15233-M23-36,Kids Accessories,KA shoes,KA shoe clog,Accessories,Acc/Misc,,1,15233,M23
15233-NV2,15233-NV2-25,Kids Accessories,KA shoes,KA shoe clog,Accessories,Acc/Misc,,1,15233,NV2
15233-NV2,15233-NV2-26,Kids Accessories,KA shoes,KA shoe clog,Accessories,Acc/Misc,,1,15233,NV2
15233-NV2,15233-NV2-27,Kids Accessories,KA shoes,KA shoe clog,Accessories,Acc/Misc,,1,15233,NV2
15233-NV2,15233-NV2-28,Kids Accessories,KA shoes,KA shoe clog,Accessories,Acc/Misc,,1,15233,NV2
15233-NV2,15233-NV2-29,Kids Accessories,KA shoes,KA shoe clog,Accessories,Acc/Misc,,1,15233,NV2
15233-NV2,15233-NV2-30,Kids Accessories,KA shoes,KA shoe clog,Accessories,Acc/Misc,,1,15233,NV2
15233-NV2,15233-NV2-31,Kids Accessories,KA shoes,KA shoe clog,Accessories,Acc/Misc,,1,15233,NV2
15233-NV2,15233-NV2-32,Kids Accessories,KA shoes,KA shoe clog,Accessories,Acc/Misc,,1,15233,NV2
15233-NV2,15233-NV2-33,Kids Accessories,KA shoes,KA shoe clog,Accessories,Acc/Misc,,1,15233,NV2
15233-NV2,15233-NV2-34,Kids Accessories,KA shoes,KA shoe clog,Accessories,Acc/Misc,,1,15233,NV2
15233-NV2,15233-NV2-35,Kids Accessories,KA shoes,KA shoe clog,Accessories,Acc/Misc,,1,15233,NV2
15233-NV2,15233-NV2-36,Kids Accessories,KA shoes,KA shoe clog,Accessories,Acc/Misc,,1,15233,NV2
15233-P18,15233-P18-27,Kids Accessories,KA shoes,KA shoe clog,Accessories,Acc/Misc,,1,15233,P18
15233-P18,15233-P18-28,Kids Accessories,KA shoes,KA shoe clog,Accessories,Acc/Misc,,1,15233,P18
15233-P18,15233-P18-29,Kids Accessories,KA shoes,KA shoe clog,Accessories,Acc/Misc,,1,15233,P18
15233-P18,15233-P18-30,Kids Accessories,KA shoes,KA shoe clog,Accessories,Acc/Misc,,1,15233,P18
15233-P18,15233-P18-31,Kids Accessories,KA shoes,KA shoe clog,Accessories,Acc/Misc,,1,15233,P18
15233-P18,15233-P18-32,Kids Accessories,KA shoes,KA shoe clog,Accessories,Acc/Misc,,1,15233,P18
15233-P18,15233-P18-33,Kids Accessories,KA shoes,KA shoe clog,Accessories,Acc/Misc,,1,15233,P18
15233-P18,15233-P18-34,Kids Accessories,KA shoes,KA shoe clog,Accessories,Acc/Misc,,1,15233,P18
15233-P18,15233-P18-35,Kids Accessories,KA shoes,KA shoe clog,Accessories,Acc/Misc,,1,15233,P18
15233-P18,15233-P18-36,Kids Accessories,KA shoes,KA shoe clog,Accessories,Acc/Misc,,1,15233,P18
15233-P18,15233-P18-37,Kids Accessories,KA shoes,KA shoe clog,Accessories,Acc/Misc,,1,15233,P18
15233-R25,15233-R25-27,Kids Accessories,KA shoes,KA shoe clog,Accessories,Acc/Misc,,1,15233,R25
15233-R25,15233-R25-28,Kids Accessories,KA shoes,KA shoe clog,Accessories,Acc/Misc,,1,15233,R25
15233-R25,15233-R25-29,Kids Accessories,KA shoes,KA shoe clog,Accessories,Acc/Misc,,1,15233,R25
15233-R25,15233-R25-30,Kids Accessories,KA shoes,KA shoe clog,Accessories,Acc/Misc,,1,15233,R25
15233-R25,15233-R25-31,Kids Accessories,KA shoes,KA shoe clog,Accessories,Acc/Misc,,1,15233,R25
15233-R25,15233-R25-32,Kids Accessories,KA shoes,KA shoe clog,Accessories,Acc/Misc,,1,15233,R25
15233-R25,15233-R25-33,Kids Accessories,KA shoes,KA shoe clog,Accessories,Acc/Misc,,1,15233,R25
15233-R25,15233-R25-34,Kids Accessories,KA shoes,KA shoe clog,Accessories,Acc/Misc,,1,15233,R25
15233-R25,15233-R25-35,Kids Accessories,KA shoes,KA shoe clog,Accessories,Acc/Misc,,1,15233,R25
15233-R25,15233-R25-36,Kids Accessories,KA shoes,KA shoe clog,Accessories,Acc/Misc,,1,15233,R25
15233-V25,15233-V25-27,Kids Accessories,KA shoes,KA shoe clog,Accessories,Acc/Misc,,1,15233,V25
15233-V25,15233-V25-28,Kids Accessories,KA shoes,KA shoe clog,Accessories,Acc/Misc,,1,15233,V25
15233-V25,15233-V25-29,Kids Accessories,KA shoes,KA shoe clog,Accessories,Acc/Misc,,1,15233,V25
15233-V25,15233-V25-30,Kids Accessories,KA shoes,KA shoe clog,Accessories,Acc/Misc,,1,15233,V25
15233-V25,15233-V25-31,Kids Accessories,KA shoes,KA shoe clog,Accessories,Acc/Misc,,1,15233,V25
15233-V25,15233-V25-32,Kids Accessories,KA shoes,KA shoe clog,Accessories,Acc/Misc,,1,15233,V25
15233-V25,15233-V25-33,Kids Accessories,KA shoes,KA shoe clog,Accessories,Acc/Misc,,1,15233,V25
15233-V25,15233-V25-34,Kids Accessories,KA shoes,KA shoe clog,Accessories,Acc/Misc,,1,15233,V25
15233-V25,15233-V25-35,Kids Accessories,KA shoes,KA shoe clog,Accessories,Acc/Misc,,1,15233,V25
15233-V25,15233-V25-36,Kids Accessories,KA shoes,KA shoe clog,Accessories,Acc/Misc,,1,15233,V25
15233-V98,15233-V98-25,Kids Accessories,KA shoes,KA shoe clog,Accessories,Acc/Misc,,1,15233,V98
15233-V98,15233-V98-26,Kids Accessories,KA shoes,KA shoe clog,Accessories,Acc/Misc,,1,15233,V98
15233-V98,15233-V98-27,Kids Accessories,KA shoes,KA shoe clog,Accessories,Acc/Misc,,1,15233,V98
15233-V98,15233-V98-28,Kids Accessories,KA shoes,KA shoe clog,Accessories,Acc/Misc,,1,15233,V98
15233-V98,15233-V98-29,Kids Accessories,KA shoes,KA shoe clog,Accessories,Acc/Misc,,1,15233,V98
15233-V98,15233-V98-30,Kids Accessories,KA shoes,KA shoe clog,Accessories,Acc/Misc,,1,15233,V98
15233-V98,15233-V98-31,Kids Accessories,KA shoes,KA shoe clog,Accessories,Acc/Misc,,1,15233,V98
15233-V98,15233-V98-32,Kids Accessories,KA shoes,KA shoe clog,Accessories,Acc/Misc,,1,15233,V98
15233-V98,15233-V98-33,Kids Accessories,KA shoes,KA shoe clog,Accessories,Acc/Misc,,1,15233,V98
15233-V98,15233-V98-34,Kids Accessories,KA shoes,KA shoe clog,Accessories,Acc/Misc,,1,15233,V98
15233-V98,15233-V98-35,Kids Accessories,KA shoes,KA shoe clog,Accessories,Acc/Misc,,1,15233,V98
15233-V98,15233-V98-36,Kids Accessories,KA shoes,KA shoe clog,Accessories,Acc/Misc,,1,15233,V98
15233-X55,15233-X55-25,Kids Accessories,KA shoes,KA shoe clog,Accessories,Acc/Misc,,1,15233,X55
15233-X55,15233-X55-26,Kids Accessories,KA shoes,KA shoe clog,Accessories,Acc/Misc,,1,15233,X55
15233-X55,15233-X55-27,Kids Accessories,KA shoes,KA shoe clog,Accessories,Acc/Misc,,1,15233,X55
15233-X55,15233-X55-28,Kids Accessories,KA shoes,KA shoe clog,Accessories,Acc/Misc,,1,15233,X55
15233-X55,15233-X55-29,Kids Accessories,KA shoes,KA shoe clog,Accessories,Acc/Misc,,1,15233,X55
15233-X55,15233-X55-30,Kids Accessories,KA shoes,KA shoe clog,Accessories,Acc/Misc,,1,15233,X55
15233-X55,15233-X55-31,Kids Accessories,KA shoes,KA shoe clog,Accessories,Acc/Misc,,1,15233,X55
15233-X55,15233-X55-32,Kids Accessories,KA shoes,KA shoe clog,Accessories,Acc/Misc,,1,15233,X55
15233-X55,15233-X55-33,Kids Accessories,KA shoes,KA shoe clog,Accessories,Acc/Misc,,1,15233,X55
15233-X55,15233-X55-34,Kids Accessories,KA shoes,KA shoe clog,Accessories,Acc/Misc,,1,15233,X55
15233-X55,15233-X55-35,Kids Accessories,KA shoes,KA shoe clog,Accessories,Acc/Misc,,1,15233,X55
15233-X55,15233-X55-36,Kids Accessories,KA shoes,KA shoe clog,Accessories,Acc/Misc,,1,15233,X55
28554-001,28554-001-1,Baby Accessories,BA sock,BA sock misc,Accessories,Acc/Misc,,1,28554,001
28554-001,28554-001-2,Baby Accessories,BA sock,BA sock misc,Accessories,Acc/Misc,,1,28554,001
28554-001,28554-001-5,Baby Accessories,BA sock,BA sock misc,Accessories,Acc/Misc,,1,28554,001
28554-001,28554-001-NB,Baby Accessories,BA sock,BA sock misc,Accessories,Acc/Misc,,1,28554,001
28554-011,28554-011-1,Baby Accessories,BA sock,BA sock misc,Accessories,Acc/Misc,,1,28554,011
28554-011,28554-011-2,Baby Accessories,BA sock,BA sock misc,Accessories,Acc/Misc,,1,28554,011
28554-011,28554-011-5,Baby Accessories,BA sock,BA sock misc,Accessories,Acc/Misc,,1,28554,011
28554-011,28554-011-NB,Baby Accessories,BA sock,BA sock misc,Accessories,Acc/Misc,,1,28554,011
28554-05T,28554-05T-1,Baby Accessories,BA sock,BA sock misc,Accessories,Acc/Misc,,1,28554,05T
28554-05T,28554-05T-2,Baby Accessories,BA sock,BA sock misc,Accessories,Acc/Misc,,1,28554,05T
28554-05T,28554-05T-5,Baby Accessories,BA sock,BA sock misc,Accessories,Acc/Misc,,1,28554,05T
28554-05T,28554-05T-NB,Baby Accessories,BA sock,BA sock misc,Accessories,Acc/Misc,,1,28554,05T
28554-14C,28554-14C-1,Baby Accessories,BA sock,BA sock misc,Accessories,Acc/Misc,,1,28554,14C
28554-14C,28554-14C-2,Baby Accessories,BA sock,BA sock misc,Accessories,Acc/Misc,,1,28554,14C
28554-14C,28554-14C-5,Baby Accessories,BA sock,BA sock misc,Accessories,Acc/Misc,,1,28554,14C
28554-14C,28554-14C-NB,Baby Accessories,BA sock,BA sock misc,Accessories,Acc/Misc,,1,28554,14C
28554-15R,28554-15R-1,Baby Accessories,BA sock,BA sock misc,Accessories,Acc/Misc,,1,28554,15R
28554-15R,28554-15R-2,Baby Accessories,BA sock,BA sock misc,Accessories,Acc/Misc,,1,28554,15R
28554-15R,28554-15R-5,Baby Accessories,BA sock,BA sock misc,Accessories,Acc/Misc,,1,28554,15R
28554-15R,28554-15R-NB,Baby Accessories,BA sock,BA sock misc,Accessories,Acc/Misc,,1,28554,15R
28554-31R,28554-31R-1,Baby Accessories,BA sock,BA sock misc,Accessories,Acc/Misc,,1,28554,31R
28554-31R,28554-31R-2,Baby Accessories,BA sock,BA sock misc,Accessories,Acc/Misc,,1,28554,31R
28554-31R,28554-31R-5,Baby Accessories,BA sock,BA sock misc,Accessories,Acc/Misc,,1,28554,31R
28554-31R,28554-31R-NB,Baby Accessories,BA sock,BA sock misc,Accessories,Acc/Misc,,1,28554,31R
28554-33N,28554-33N-1,Baby Accessories,BA sock,BA sock misc,Accessories,Acc/Misc,,1,28554,33N
28554-33N,28554-33N-2,Baby Accessories,BA sock,BA sock misc,Accessories,Acc/Misc,,1,28554,33N
28554-33N,28554-33N-5,Baby Accessories,BA sock,BA sock misc,Accessories,Acc/Misc,,1,28554,33N
28554-33N,28554-33N-NB,Baby Accessories,BA sock,BA sock misc,Accessories,Acc/Misc,,1,28554,33N
28554-34N,28554-34N-1,Baby Accessories,BA sock,BA sock misc,Accessories,Acc/Misc,,1,28554,34N
28554-34N,28554-34N-2,Baby Accessories,BA sock,BA sock misc,Accessories,Acc/Misc,,1,28554,34N
28554-34N,28554-34N-5,Baby Accessories,BA sock,BA sock misc,Accessories,Acc/Misc,,1,28554,34N
28554-34N,28554-34N-NB,Baby Accessories,BA sock,BA sock misc,Accessories,Acc/Misc,,1,28554,34N
28554-35R,28554-35R-1,Baby Accessories,BA sock,BA sock misc,Accessories,Acc/Misc,,1,28554,35R
28554-35R,28554-35R-2,Baby Accessories,BA sock,BA sock misc,Accessories,Acc/Misc,,1,28554,35R
28554-35R,28554-35R-5,Baby Accessories,BA sock,BA sock misc,Accessories,Acc/Misc,,1,28554,35R
28554-35R,28554-35R-NB,Baby Accessories,BA sock,BA sock misc,Accessories,Acc/Misc,,1,28554,35R
28554-38V,28554-38V-1,Baby Accessories,BA sock,BA sock misc,Accessories,Acc/Misc,,1,28554,38V
28554-38V,28554-38V-2,Baby Accessories,BA sock,BA sock misc,Accessories,Acc/Misc,,1,28554,38V
28554-38V,28554-38V-5,Baby Accessories,BA sock,BA sock misc,Accessories,Acc/Misc,,1,28554,38V
28554-38V,28554-38V-NB,Baby Accessories,BA sock,BA sock misc,Accessories,Acc/Misc,,1,28554,38V
28554-41T,28554-41T-1,Baby Accessories,BA sock,BA sock misc,Accessories,Acc/Misc,,1,28554,41T
28554-41T,28554-41T-2,Baby Accessories,BA sock,BA sock misc,Accessories,Acc/Misc,,1,28554,41T
28554-41T,28554-41T-5,Baby Accessories,BA sock,BA sock misc,Accessories,Acc/Misc,,1,28554,41T
28554-41T,28554-41T-NB,Baby Accessories,BA sock,BA sock misc,Accessories,Acc/Misc,,1,28554,41T
28554-45H,28554-45H-1,Baby Accessories,BA sock,BA sock misc,Accessories,Acc/Misc,,1,28554,45H
28554-45H,28554-45H-2,Baby Accessories,BA sock,BA sock misc,Accessories,Acc/Misc,,1,28554,45H
28554-45H,28554-45H-5,Baby Accessories,BA sock,BA sock misc,Accessories,Acc/Misc,,1,28554,45H
28554-45H,28554-45H-NB,Baby Accessories,BA sock,BA sock misc,Accessories,Acc/Misc,,1,28554,45H
28554-56O,28554-56O-1,Baby Accessories,BA sock,BA sock misc,Accessories,Acc/Misc,,1,28554,56O
28554-56O,28554-56O-2,Baby Accessories,BA sock,BA sock misc,Accessories,Acc/Misc,,1,28554,56O
28554-56O,28554-56O-5,Baby Accessories,BA sock,BA sock misc,Accessories,Acc/Misc,,1,28554,56O
28554-56O,28554-56O-NB,Baby Accessories,BA sock,BA sock misc,Accessories,Acc/Misc,,1,28554,56O
28554-63O,28554-63O-1,Baby Accessories,BA sock,BA sock misc,Accessories,Acc/Misc,,1,28554,63O
28554-63O,28554-63O-2,Baby Accessories,BA sock,BA sock misc,Accessories,Acc/Misc,,1,28554,63O
28554-63O,28554-63O-5,Baby Accessories,BA sock,BA sock misc,Accessories,Acc/Misc,,1,28554,63O
28554-63O,28554-63O-NB,Baby Accessories,BA sock,BA sock misc,Accessories,Acc/Misc,,1,28554,63O
28554-66M,28554-66M-1,Baby Accessories,BA sock,BA sock misc,Accessories,Acc/Misc,,1,28554,66M
28554-66M,28554-66M-2,Baby Accessories,BA sock,BA sock misc,Accessories,Acc/Misc,,1,28554,66M
28554-66M,28554-66M-5,Baby Accessories,BA sock,BA sock misc,Accessories,Acc/Misc,,1,28554,66M
28554-66M,28554-66M-NB,Baby Accessories,BA sock,BA sock misc,Accessories,Acc/Misc,,1,28554,66M
28554-67D,28554-67D-1,Baby Accessories,BA sock,BA sock misc,Accessories,Acc/Misc,,1,28554,67D
28554-67D,28554-67D-2,Baby Accessories,BA sock,BA sock misc,Accessories,Acc/Misc,,1,28554,67D
28554-67D,28554-67D-5,Baby Accessories,BA sock,BA sock misc,Accessories,Acc/Misc,,1,28554,67D
28554-67D,28554-67D-NB,Baby Accessories,BA sock,BA sock misc,Accessories,Acc/Misc,,1,28554,67D
28554-67E,28554-67E-1,Baby Accessories,BA sock,BA sock misc,Accessories,Acc/Misc,,1,28554,67E
28554-67E,28554-67E-2,Baby Accessories,BA sock,BA sock misc,Accessories,Acc/Misc,,1,28554,67E
28554-67E,28554-67E-5,Baby Accessories,BA sock,BA sock misc,Accessories,Acc/Misc,,1,28554,67E
28554-67E,28554-67E-NB,Baby Accessories,BA sock,BA sock misc,Accessories,Acc/Misc,,1,28554,67E
28554-78M,28554-78M-1,Baby Accessories,BA sock,BA sock misc,Accessories,Acc/Misc,,1,28554,78M
28554-78M,28554-78M-2,Baby Accessories,BA sock,BA sock misc,Accessories,Acc/Misc,,1,28554,78M
28554-78M,28554-78M-5,Baby Accessories,BA sock,BA sock misc,Accessories,Acc/Misc,,1,28554,78M
28554-78M,28554-78M-NB,Baby Accessories,BA sock,BA sock misc,Accessories,Acc/Misc,,1,28554,78M
28554-80M,28554-80M-1,Baby Accessories,BA sock,BA sock misc,Accessories,Acc/Misc,,1,28554,80M
28554-80M,28554-80M-2,Baby Accessories,BA sock,BA sock misc,Accessories,Acc/Misc,,1,28554,80M
28554-80M,28554-80M-5,Baby Accessories,BA sock,BA sock misc,Accessories,Acc/Misc,,1,28554,80M
28554-80M,28554-80M-NB,Baby Accessories,BA sock,BA sock misc,Accessories,Acc/Misc,,1,28554,80M
28554-80V,28554-80V-1,Baby Accessories,BA sock,BA sock misc,Accessories,Acc/Misc,,1,28554,80V
28554-80V,28554-80V-2,Baby Accessories,BA sock,BA sock misc,Accessories,Acc/Misc,,1,28554,80V
28554-80V,28554-80V-5,Baby Accessories,BA sock,BA sock misc,Accessories,Acc/Misc,,1,28554,80V
28554-80V,28554-80V-NB,Baby Accessories,BA sock,BA sock misc,Accessories,Acc/Misc,,1,28554,80V
28554-88V,28554-88V-1,Baby Accessories,BA sock,BA sock misc,Accessories,Acc/Misc,,1,28554,88V
28554-88V,28554-88V-2,Baby Accessories,BA sock,BA sock misc,Accessories,Acc/Misc,,1,28554,88V
28554-88V,28554-88V-5,Baby Accessories,BA sock,BA sock misc,Accessories,Acc/Misc,,1,28554,88V
28554-88V,28554-88V-NB,Baby Accessories,BA sock,BA sock misc,Accessories,Acc/Misc,,1,28554,88V
28554-89V,28554-89V-1,Baby Accessories,BA sock,BA sock misc,Accessories,Acc/Misc,,1,28554,89V
28554-89V,28554-89V-2,Baby Accessories,BA sock,BA sock misc,Accessories,Acc/Misc,,1,28554,89V
28554-89V,28554-89V-5,Baby Accessories,BA sock,BA sock misc,Accessories,Acc/Misc,,1,28554,89V
28554-89V,28554-89V-NB,Baby Accessories,BA sock,BA sock misc,Accessories,Acc/Misc,,1,28554,89V
28554-99U,28554-99U-1,Baby Accessories,BA sock,BA sock misc,Accessories,Acc/Misc,,1,28554,99U
28554-99U,28554-99U-2,Baby Accessories,BA sock,BA sock misc,Accessories,Acc/Misc,,1,28554,99U
28554-99U,28554-99U-5,Baby Accessories,BA sock,BA sock misc,Accessories,Acc/Misc,,1,28554,99U
28554-99U,28554-99U-NB,Baby Accessories,BA sock,BA sock misc,Accessories,Acc/Misc,,1,28554,99U
28554-A05,28554-A05-1,Baby Accessories,BA sock,BA sock misc,Accessories,Acc/Misc,,1,28554,A05
28554-A05,28554-A05-NB,Baby Accessories,BA sock,BA sock misc,Accessories,Acc/Misc,,1,28554,A05
28554-A39,28554-A39-2,Baby Accessories,BA sock,BA sock misc,Accessories,Acc/Misc,,1,28554,A39
28554-A79,28554-A79-1,Baby Accessories,BA sock,BA sock misc,Accessories,Acc/Misc,,1,28554,A79
28554-A79,28554-A79-2,Baby Accessories,BA sock,BA sock misc,Accessories,Acc/Misc,,1,28554,A79
28554-A79,28554-A79-5,Baby Accessories,BA sock,BA sock misc,Accessories,Acc/Misc,,1,28554,A79
28554-A79,28554-A79-NB,Baby Accessories,BA sock,BA sock misc,Accessories,Acc/Misc,,1,28554,A79
28554-A91,28554-A91-1,Baby Accessories,BA sock,BA sock misc,Accessories,Acc/Misc,,1,28554,A91
28554-A91,28554-A91-2,Baby Accessories,BA sock,BA sock misc,Accessories,Acc/Misc,,1,28554,A91
28554-A91,28554-A91-5,Baby Accessories,BA sock,BA sock misc,Accessories,Acc/Misc,,1,28554,A91
28554-A91,28554-A91-NB,Baby Accessories,BA sock,BA sock misc,Accessories,Acc/Misc,,1,28554,A91
28554-AJ7,28554-AJ7-1,Baby Accessories,BA sock,BA sock misc,Accessories,Acc/Misc,,1,28554,AJ7
28554-AJ7,28554-AJ7-2,Baby Accessories,BA sock,BA sock misc,Accessories,Acc/Misc,,1,28554,AJ7
28554-AJ7,28554-AJ7-5,Baby Accessories,BA sock,BA sock misc,Accessories,Acc/Misc,,1,28554,AJ7
28554-AJ7,28554-AJ7-NB,Baby Accessories,BA sock,BA sock misc,Accessories,Acc/Misc,,1,28554,AJ7
28554-AM7,28554-AM7-1,Baby Accessories,BA sock,BA sock misc,Accessories,Acc/Misc,,1,28554,AM7
28554-AM7,28554-AM7-2,Baby Accessories,BA sock,BA sock misc,Accessories,Acc/Misc,,1,28554,AM7
28554-AM7,28554-AM7-5,Baby Accessories,BA sock,BA sock misc,Accessories,Acc/Misc,,1,28554,AM7
28554-AM7,28554-AM7-NB,Baby Accessories,BA sock,BA sock misc,Accessories,Acc/Misc,,1,28554,AM7
28554-AM8,28554-AM8-1,Baby Accessories,BA sock,BA sock misc,Accessories,Acc/Misc,,1,28554,AM8
28554-AM8,28554-AM8-2,Baby Accessories,BA sock,BA sock misc,Accessories,Acc/Misc,,1,28554,AM8
28554-AM8,28554-AM8-5,Baby Accessories,BA sock,BA sock misc,Accessories,Acc/Misc,,1,28554,AM8
28554-AM8,28554-AM8-NB,Baby Accessories,BA sock,BA sock misc,Accessories,Acc/Misc,,1,28554,AM8
28554-AN8,28554-AN8-1,Baby Accessories,BA sock,BA sock misc,Accessories,Acc/Misc,,1,28554,AN8
28554-AN8,28554-AN8-2,Baby Accessories,BA sock,BA sock misc,Accessories,Acc/Misc,,1,28554,AN8
28554-AN8,28554-AN8-5,Baby Accessories,BA sock,BA sock misc,Accessories,Acc/Misc,,1,28554,AN8
28554-AN8,28554-AN8-NB,Baby Accessories,BA sock,BA sock misc,Accessories,Acc/Misc,,1,28554,AN8
28554-BP6,28554-BP6-1,Baby Accessories,BA sock,BA sock misc,Accessories,Acc/Misc,,1,28554,BP6
28554-BP6,28554-BP6-2,Baby Accessories,BA sock,BA sock misc,Accessories,Acc/Misc,,1,28554,BP6
28554-BP6,28554-BP6-5,Baby Accessories,BA sock,BA sock misc,Accessories,Acc/Misc,,1,28554,BP6
28554-BP6,28554-BP6-NB,Baby Accessories,BA sock,BA sock misc,Accessories,Acc/Misc,,1,28554,BP6
28554-BP7,28554-BP7-1,Baby Accessories,BA sock,BA sock misc,Accessories,Acc/Misc,,1,28554,BP7
28554-BP7,28554-BP7-2,Baby Accessories,BA sock,BA sock misc,Accessories,Acc/Misc,,1,28554,BP7
28554-BP7,28554-BP7-5,Baby Accessories,BA sock,BA sock misc,Accessories,Acc/Misc,,1,28554,BP7
28554-BP7,28554-BP7-NB,Baby Accessories,BA sock,BA sock misc,Accessories,Acc/Misc,,1,28554,BP7
28554-CZ5,28554-CZ5-1,Baby Accessories,BA sock,BA sock misc,Accessories,Acc/Misc,,1,28554,CZ5
28554-CZ5,28554-CZ5-2,Baby Accessories,BA sock,BA sock misc,Accessories,Acc/Misc,,1,28554,CZ5
28554-CZ5,28554-CZ5-5,Baby Accessories,BA sock,BA sock misc,Accessories,Acc/Misc,,1,28554,CZ5
28554-CZ5,28554-CZ5-NB,Baby Accessories,BA sock,BA sock misc,Accessories,Acc/Misc,,1,28554,CZ5
28554-D42,28554-D42-1,Baby Accessories,BA sock,BA sock misc,Accessories,Acc/Misc,,1,28554,D42
28554-DB4,28554-DB4-1,Baby Accessories,BA sock,BA sock misc,Accessories,Acc/Misc,,1,28554,DB4
28554-DB4,28554-DB4-2,Baby Accessories,BA sock,BA sock misc,Accessories,Acc/Misc,,1,28554,DB4
28554-DB4,28554-DB4-5,Baby Accessories,BA sock,BA sock misc,Accessories,Acc/Misc,,1,28554,DB4
28554-DB4,28554-DB4-NB,Baby Accessories,BA sock,BA sock misc,Accessories,Acc/Misc,,1,28554,DB4
28554-E10,28554-E10-5,Baby Accessories,BA sock,BA sock misc,Accessories,Acc/Misc,,1,28554,E10
28554-EG8,28554-EG8-1,Baby Accessories,BA sock,BA sock misc,Accessories,Acc/Misc,,1,28554,EG8
28554-EG8,28554-EG8-2,Baby Accessories,BA sock,BA sock misc,Accessories,Acc/Misc,,1,28554,EG8
28554-EG8,28554-EG8-5,Baby Accessories,BA sock,BA sock misc,Accessories,Acc/Misc,,1,28554,EG8
28554-EG8,28554-EG8-NB,Baby Accessories,BA sock,BA sock misc,Accessories,Acc/Misc,,1,28554,EG8
28554-EH1,28554-EH1-1,Baby Accessories,BA sock,BA sock misc,Accessories,Acc/Misc,,1,28554,EH1
28554-EH1,28554-EH1-2,Baby Accessories,BA sock,BA sock misc,Accessories,Acc/Misc,,1,28554,EH1
28554-EH1,28554-EH1-5,Baby Accessories,BA sock,BA sock misc,Accessories,Acc/Misc,,1,28554,EH1
28554-EH1,28554-EH1-NB,Baby Accessories,BA sock,BA sock misc,Accessories,Acc/Misc,,1,28554,EH1
28554-FN9,28554-FN9-1,Baby Accessories,BA sock,BA sock misc,Accessories,Acc/Misc,,1,28554,FN9
28554-FN9,28554-FN9-2,Baby Accessories,BA sock,BA sock misc,Accessories,Acc/Misc,,1,28554,FN9
28554-FN9,28554-FN9-5,Baby Accessories,BA sock,BA sock misc,Accessories,Acc/Misc,,1,28554,FN9
28554-FN9,28554-FN9-NB,Baby Accessories,BA sock,BA sock misc,Accessories,Acc/Misc,,1,28554,FN9
28554-G35,28554-G35-1,Baby Accessories,BA sock,BA sock misc,Accessories,Acc/Misc,,1,28554,G35
28554-G35,28554-G35-2,Baby Accessories,BA sock,BA sock misc,Accessories,Acc/Misc,,1,28554,G35
28554-G35,28554-G35-5,Baby Accessories,BA sock,BA sock misc,Accessories,Acc/Misc,,1,28554,G35
28554-G35,28554-G35-NB,Baby Accessories,BA sock,BA sock misc,Accessories,Acc/Misc,,1,28554,G35
28554-GH5,28554-GH5-1,Baby Accessories,BA sock,BA sock misc,Accessories,Acc/Misc,,1,28554,GH5
28554-GH5,28554-GH5-2,Baby Accessories,BA sock,BA sock misc,Accessories,Acc/Misc,,1,28554,GH5
28554-GH5,28554-GH5-5,Baby Accessories,BA sock,BA sock misc,Accessories,Acc/Misc,,1,28554,GH5
28554-GH5,28554-GH5-NB,Baby Accessories,BA sock,BA sock misc,Accessories,Acc/Misc,,1,28554,GH5
28554-GJ6,28554-GJ6-1,Baby Accessories,BA sock,BA sock misc,Accessories,Acc/Misc,,1,28554,GJ6
28554-GJ6,28554-GJ6-2,Baby Accessories,BA sock,BA sock misc,Accessories,Acc/Misc,,1,28554,GJ6
28554-GJ6,28554-GJ6-5,Baby Accessories,BA sock,BA sock misc,Accessories,Acc/Misc,,1,28554,GJ6
28554-GJ6,28554-GJ6-NB,Baby Accessories,BA sock,BA sock misc,Accessories,Acc/Misc,,1,28554,GJ6
28554-GK3,28554-GK3-1,Baby Accessories,BA sock,BA sock misc,Accessories,Acc/Misc,,1,28554,GK3
28554-GK3,28554-GK3-2,Baby Accessories,BA sock,BA sock misc,Accessories,Acc/Misc,,1,28554,GK3
28554-GK3,28554-GK3-5,Baby Accessories,BA sock,BA sock misc,Accessories,Acc/Misc,,1,28554,GK3
28554-GK3,28554-GK3-NB,Baby Accessories,BA sock,BA sock misc,Accessories,Acc/Misc,,1,28554,GK3
28554-H44,28554-H44-2,Baby Accessories,BA sock,BA sock misc,Accessories,Acc/Misc,,1,28554,H44
28554-HI5,28554-HI5-1,Baby Accessories,BA sock,BA sock misc,Accessories,Acc/Misc,,1,28554,HI5
28554-HI5,28554-HI5-2,Baby Accessories,BA sock,BA sock misc,Accessories,Acc/Misc,,1,28554,HI5
28554-HI5,28554-HI5-5,Baby Accessories,BA sock,BA sock misc,Accessories,Acc/Misc,,1,28554,HI5
28554-HI5,28554-HI5-NB,Baby Accessories,BA sock,BA sock misc,Accessories,Acc/Misc,,1,28554,HI5
28554-JB1,28554-JB1-1,Baby Accessories,BA sock,BA sock misc,Accessories,Acc/Misc,,1,28554,JB1
28554-JB1,28554-JB1-2,Baby Accessories,BA sock,BA sock misc,Accessories,Acc/Misc,,1,28554,JB1
28554-JB1,28554-JB1-5,Baby Accessories,BA sock,BA sock misc,Accessories,Acc/Misc,,1,28554,JB1
28554-JB1,28554-JB1-NB,Baby Accessories,BA sock,BA sock misc,Accessories,Acc/Misc,,1,28554,JB1
28554-JB9,28554-JB9-1,Baby Accessories,BA sock,BA sock misc,Accessories,Acc/Misc,,1,28554,JB9
28554-JB9,28554-JB9-2,Baby Accessories,BA sock,BA sock misc,Accessories,Acc/Misc,,1,28554,JB9
28554-JB9,28554-JB9-5,Baby Accessories,BA sock,BA sock misc,Accessories,Acc/Misc,,1,28554,JB9
28554-JB9,28554-JB9-NB,Baby Accessories,BA sock,BA sock misc,Accessories,Acc/Misc,,1,28554,JB9
28554-KA4,28554-KA4-1,Baby Accessories,BA sock,BA sock misc,Accessories,Acc/Misc,,1,28554,KA4
28554-KA4,28554-KA4-2,Baby Accessories,BA sock,BA sock misc,Accessories,Acc/Misc,,1,28554,KA4
28554-KA4,28554-KA4-5,Baby Accessories,BA sock,BA sock misc,Accessories,Acc/Misc,,1,28554,KA4
28554-KA4,28554-KA4-NB,Baby Accessories,BA sock,BA sock misc,Accessories,Acc/Misc,,1,28554,KA4
28554-KZ0,28554-KZ0-1,Baby Accessories,BA sock,BA sock misc,Accessories,Acc/Misc,,1,28554,KZ0
28554-KZ0,28554-KZ0-2,Baby Accessories,BA sock,BA sock misc,Accessories,Acc/Misc,,1,28554,KZ0
28554-KZ0,28554-KZ0-5,Baby Accessories,BA sock,BA sock misc,Accessories,Acc/Misc,,1,28554,KZ0
28554-KZ0,28554-KZ0-NB,Baby Accessories,BA sock,BA sock misc,Accessories,Acc/Misc,,1,28554,KZ0
28554-KZ6,28554-KZ6-1,Baby Accessories,BA sock,BA sock misc,Accessories,Acc/Misc,,1,28554,KZ6
28554-KZ6,28554-KZ6-2,Baby Accessories,BA sock,BA sock misc,Accessories,Acc/Misc,,1,28554,KZ6
28554-KZ6,28554-KZ6-5,Baby Accessories,BA sock,BA sock misc,Accessories,Acc/Misc,,1,28554,KZ6
28554-KZ6,28554-KZ6-NB,Baby Accessories,BA sock,BA sock misc,Accessories,Acc/Misc,,1,28554,KZ6
28554-M23,28554-M23-1,Baby Accessories,BA sock,BA sock misc,Accessories,Acc/Misc,,1,28554,M23
28554-M23,28554-M23-2,Baby Accessories,BA sock,BA sock misc,Accessories,Acc/Misc,,1,28554,M23
28554-M23,28554-M23-5,Baby Accessories,BA sock,BA sock misc,Accessories,Acc/Misc,,1,28554,M23
28554-M23,28554-M23-NB,Baby Accessories,BA sock,BA sock misc,Accessories,Acc/Misc,,1,28554,M23
28554-NV2,28554-NV2-1,Baby Accessories,BA sock,BA sock misc,Accessories,Acc/Misc,,1,28554,NV2
28554-NV2,28554-NV2-2,Baby Accessories,BA sock,BA sock misc,Accessories,Acc/Misc,,1,28554,NV2
28554-NV2,28554-NV2-5,Baby Accessories,BA sock,BA sock misc,Accessories,Acc/Misc,,1,28554,NV2
28554-NV2,28554-NV2-NB,Baby Accessories,BA sock,BA sock misc,Accessories,Acc/Misc,,1,28554,NV2
28554-NV3,28554-NV3-1,Baby Accessories,BA sock,BA sock misc,Accessories,Acc/Misc,,1,28554,NV3
28554-NV3,28554-NV3-2,Baby Accessories,BA sock,BA sock misc,Accessories,Acc/Misc,,1,28554,NV3
28554-NV3,28554-NV3-5,Baby Accessories,BA sock,BA sock misc,Accessories,Acc/Misc,,1,28554,NV3
28554-NV3,28554-NV3-NB,Baby Accessories,BA sock,BA sock misc,Accessories,Acc/Misc,,1,28554,NV3
28554-S11,28554-S11-1,Baby Accessories,BA sock,BA sock misc,Accessories,Acc/Misc,,1,28554,S11
28554-S11,28554-S11-2,Baby Accessories,BA sock,BA sock misc,Accessories,Acc/Misc,,1,28554,S11
28554-S11,28554-S11-5,Baby Accessories,BA sock,BA sock misc,Accessories,Acc/Misc,,1,28554,S11
28554-S11,28554-S11-NB,Baby Accessories,BA sock,BA sock misc,Accessories,Acc/Misc,,1,28554,S11
28554-V98,28554-V98-1,Baby Accessories,BA sock,BA sock misc,Accessories,Acc/Misc,,1,28554,V98
28554-V98,28554-V98-2,Baby Accessories,BA sock,BA sock misc,Accessories,Acc/Misc,,1,28554,V98
28554-V98,28554-V98-5,Baby Accessories,BA sock,BA sock misc,Accessories,Acc/Misc,,1,28554,V98
28554-V98,28554-V98-NB,Baby Accessories,BA sock,BA sock misc,Accessories,Acc/Misc,,1,28554,V98
28554-W16,28554-W16-1,Baby Accessories,BA sock,BA sock misc,Accessories,Acc/Misc,,1,28554,W16
28554-W16,28554-W16-2,Baby Accessories,BA sock,BA sock misc,Accessories,Acc/Misc,,1,28554,W16
28554-W16,28554-W16-5,Baby Accessories,BA sock,BA sock misc,Accessories,Acc/Misc,,1,28554,W16
28554-W16,28554-W16-NB,Baby Accessories,BA sock,BA sock misc,Accessories,Acc/Misc,,1,28554,W16
28554-Z42,28554-Z42-1,Baby Accessories,BA sock,BA sock misc,Accessories,Acc/Misc,,1,28554,Z42
28554-Z42,28554-Z42-2,Baby Accessories,BA sock,BA sock misc,Accessories,Acc/Misc,,1,28554,Z42
28554-Z42,28554-Z42-5,Baby Accessories,BA sock,BA sock misc,Accessories,Acc/Misc,,1,28554,Z42
28554-Z42,28554-Z42-NB,Baby Accessories,BA sock,BA sock misc,Accessories,Acc/Misc,,1,28554,Z42
28554-Z43,28554-Z43-1,Baby Accessories,BA sock,BA sock misc,Accessories,Acc/Misc,,1,28554,Z43
28554-Z43,28554-Z43-2,Baby Accessories,BA sock,BA sock misc,Accessories,Acc/Misc,,1,28554,Z43
28554-Z43,28554-Z43-5,Baby Accessories,BA sock,BA sock misc,Accessories,Acc/Misc,,1,28554,Z43
28554-Z43,28554-Z43-NB,Baby Accessories,BA sock,BA sock misc,Accessories,Acc/Misc,,1,28554,Z43
30070-011,30070-011-L,Adult Sleep,S AU sleepwear,S AU LJ top,Sleep,Adult,1/8/2025,1,30070,011
30070-011,30070-011-M,Adult Sleep,S AU sleepwear,S AU LJ top,Sleep,Adult,1/8/2025,1,30070,011
30070-011,30070-011-S,Adult Sleep,S AU sleepwear,S AU LJ top,Sleep,Adult,1/8/2025,1,30070,011
30070-011,30070-011-XL,Adult Sleep,S AU sleepwear,S AU LJ top,Sleep,Adult,1/8/2025,1,30070,011
30070-011,30070-011-XS,Adult Sleep,S AU sleepwear,S AU LJ top,Sleep,Adult,1/8/2025,1,30070,011
30070-011,30070-011-XXL,Adult Sleep,S AU sleepwear,S AU LJ top,Sleep,Adult,1/8/2025,1,30070,011
30070-04Y,30070-04Y-L,Adult Sleep,S AU sleepwear,S AU LJ top,Sleep,Adult,,1,30070,04Y
30070-04Y,30070-04Y-M,Adult Sleep,S AU sleepwear,S AU LJ top,Sleep,Adult,,1,30070,04Y
30070-04Y,30070-04Y-S,Adult Sleep,S AU sleepwear,S AU LJ top,Sleep,Adult,,1,30070,04Y
30070-04Y,30070-04Y-XL,Adult Sleep,S AU sleepwear,S AU LJ top,Sleep,Adult,,1,30070,04Y
30070-04Y,30070-04Y-XS,Adult Sleep,S AU sleepwear,S AU LJ top,Sleep,Adult,,1,30070,04Y
30070-04Y,30070-04Y-XXL,Adult Sleep,S AU sleepwear,S AU LJ top,Sleep,Adult,,1,30070,04Y
30070-05Y,30070-05Y-L,Adult Sleep,S AU sleepwear,S AU LJ top,Sleep,Adult,,1,30070,05Y
30070-05Y,30070-05Y-M,Adult Sleep,S AU sleepwear,S AU LJ top,Sleep,Adult,,1,30070,05Y
30070-05Y,30070-05Y-S,Adult Sleep,S AU sleepwear,S AU LJ top,Sleep,Adult,,1,30070,05Y
30070-05Y,30070-05Y-XL,Adult Sleep,S AU sleepwear,S AU LJ top,Sleep,Adult,,1,30070,05Y
30070-05Y,30070-05Y-XS,Adult Sleep,S AU sleepwear,S AU LJ top,Sleep,Adult,,1,30070,05Y
30070-05Y,30070-05Y-XXL,Adult Sleep,S AU sleepwear,S AU LJ top,Sleep,Adult,,1,30070,05Y
30070-06Y,30070-06Y-L,Adult Sleep,S AU sleepwear,S AU LJ top,Sleep,Adult,,1,30070,06Y
30070-06Y,30070-06Y-M,Adult Sleep,S AU sleepwear,S AU LJ top,Sleep,Adult,,1,30070,06Y
30070-06Y,30070-06Y-S,Adult Sleep,S AU sleepwear,S AU LJ top,Sleep,Adult,,1,30070,06Y
30070-06Y,30070-06Y-XL,Adult Sleep,S AU sleepwear,S AU LJ top,Sleep,Adult,,1,30070,06Y
30070-06Y,30070-06Y-XS,Adult Sleep,S AU sleepwear,S AU LJ top,Sleep,Adult,,1,30070,06Y
30070-06Y,30070-06Y-XXL,Adult Sleep,S AU sleepwear,S AU LJ top,Sleep,Adult,,1,30070,06Y
30070-07Y,30070-07Y-L,Adult Sleep,S AU sleepwear,S AU LJ top,Sleep,Adult,,1,30070,07Y
30070-07Y,30070-07Y-M,Adult Sleep,S AU sleepwear,S AU LJ top,Sleep,Adult,,1,30070,07Y
30070-07Y,30070-07Y-S,Adult Sleep,S AU sleepwear,S AU LJ top,Sleep,Adult,,1,30070,07Y
30070-07Y,30070-07Y-XL,Adult Sleep,S AU sleepwear,S AU LJ top,Sleep,Adult,,1,30070,07Y
30070-07Y,30070-07Y-XS,Adult Sleep,S AU sleepwear,S AU LJ top,Sleep,Adult,,1,30070,07Y
30070-07Y,30070-07Y-XXL,Adult Sleep,S AU sleepwear,S AU LJ top,Sleep,Adult,,1,30070,07Y
30070-149,30070-149-L,Adult Sleep,S AU sleepwear,S AU LJ top,Sleep,Adult,,1,30070,149
30070-149,30070-149-M,Adult Sleep,S AU sleepwear,S AU LJ top,Sleep,Adult,,1,30070,149
30070-149,30070-149-S,Adult Sleep,S AU sleepwear,S AU LJ top,Sleep,Adult,,1,30070,149
30070-149,30070-149-XL,Adult Sleep,S AU sleepwear,S AU LJ top,Sleep,Adult,,1,30070,149
30070-149,30070-149-XS,Adult Sleep,S AU sleepwear,S AU LJ top,Sleep,Adult,,1,30070,149
30070-149,30070-149-XXL,Adult Sleep,S AU sleepwear,S AU LJ top,Sleep,Adult,,1,30070,149
30070-151,30070-151-L,Adult Sleep,S AU sleepwear,S AU LJ top,Sleep,Adult,,1,30070,151
30070-151,30070-151-M,Adult Sleep,S AU sleepwear,S AU LJ top,Sleep,Adult,,1,30070,151
30070-151,30070-151-S,Adult Sleep,S AU sleepwear,S AU LJ top,Sleep,Adult,,1,30070,151
30070-151,30070-151-XL,Adult Sleep,S AU sleepwear,S AU LJ top,Sleep,Adult,,1,30070,151
30070-151,30070-151-XS,Adult Sleep,S AU sleepwear,S AU LJ top,Sleep,Adult,,1,30070,151
30070-151,30070-151-XXL,Adult Sleep,S AU sleepwear,S AU LJ top,Sleep,Adult,,1,30070,151
30070-169,30070-169-L,Adult Sleep,S AU sleepwear,S AU LJ top,Sleep,Adult,,1,30070,169
30070-169,30070-169-M,Adult Sleep,S AU sleepwear,S AU LJ top,Sleep,Adult,,1,30070,169
30070-169,30070-169-S,Adult Sleep,S AU sleepwear,S AU LJ top,Sleep,Adult,,1,30070,169
30070-169,30070-169-XL,Adult Sleep,S AU sleepwear,S AU LJ top,Sleep,Adult,,1,30070,169
30070-169,30070-169-XS,Adult Sleep,S AU sleepwear,S AU LJ top,Sleep,Adult,,1,30070,169
30070-169,30070-169-XXL,Adult Sleep,S AU sleepwear,S AU LJ top,Sleep,Adult,,1,30070,169
30070-16N,30070-16N-L,Adult Sleep,S AU sleepwear,S AU LJ top,Sleep,Adult,7/17/2023,1,30070,16N
30070-16N,30070-16N-M,Adult Sleep,S AU sleepwear,S AU LJ top,Sleep,Adult,7/17/2023,1,30070,16N
30070-16N,30070-16N-S,Adult Sleep,S AU sleepwear,S AU LJ top,Sleep,Adult,7/17/2023,1,30070,16N
30070-16N,30070-16N-XL,Adult Sleep,S AU sleepwear,S AU LJ top,Sleep,Adult,7/17/2023,1,30070,16N
30070-16N,30070-16N-XS,Adult Sleep,S AU sleepwear,S AU LJ top,Sleep,Adult,7/17/2023,1,30070,16N
30070-16N,30070-16N-XXL,Adult Sleep,S AU sleepwear,S AU LJ top,Sleep,Adult,7/17/2023,1,30070,16N
30070-18X,30070-18X-L,Adult Sleep,S AU sleepwear,S AU LJ top,Sleep,Adult,,1,30070,18X
30070-18X,30070-18X-M,Adult Sleep,S AU sleepwear,S AU LJ top,Sleep,Adult,,1,30070,18X
30070-18X,30070-18X-S,Adult Sleep,S AU sleepwear,S AU LJ top,Sleep,Adult,,1,30070,18X
30070-18X,30070-18X-XL,Adult Sleep,S AU sleepwear,S AU LJ top,Sleep,Adult,,1,30070,18X
30070-18X,30070-18X-XS,Adult Sleep,S AU sleepwear,S AU LJ top,Sleep,Adult,,1,30070,18X
30070-18X,30070-18X-XXL,Adult Sleep,S AU sleepwear,S AU LJ top,Sleep,Adult,,1,30070,18X
30070-19P,30070-19P-L,Adult Sleep,S AU sleepwear,S AU LJ top,Sleep,Adult,,1,30070,19P
30070-19P,30070-19P-M,Adult Sleep,S AU sleepwear,S AU LJ top,Sleep,Adult,,1,30070,19P
30070-19P,30070-19P-S,Adult Sleep,S AU sleepwear,S AU LJ top,Sleep,Adult,,1,30070,19P
30070-19P,30070-19P-XL,Adult Sleep,S AU sleepwear,S AU LJ top,Sleep,Adult,,1,30070,19P
30070-19P,30070-19P-XS,Adult Sleep,S AU sleepwear,S AU LJ top,Sleep,Adult,,1,30070,19P
30070-19P,30070-19P-XXL,Adult Sleep,S AU sleepwear,S AU LJ top,Sleep,Adult,,1,30070,19P
30070-1AY,30070-1AY-L,Adult Sleep,S AU sleepwear,S AU LJ top,Sleep,Adult,1/8/2025,1,30070,1AY
30070-1AY,30070-1AY-M,Adult Sleep,S AU sleepwear,S AU LJ top,Sleep,Adult,1/8/2025,1,30070,1AY
30070-1AY,30070-1AY-S,Adult Sleep,S AU sleepwear,S AU LJ top,Sleep,Adult,1/8/2025,1,30070,1AY
30070-1AY,30070-1AY-XL,Adult Sleep,S AU sleepwear,S AU LJ top,Sleep,Adult,1/8/2025,1,30070,1AY
30070-1AY,30070-1AY-XS,Adult Sleep,S AU sleepwear,S AU LJ top,Sleep,Adult,1/8/2025,1,30070,1AY
30070-1AY,30070-1AY-XXL,Adult Sleep,S AU sleepwear,S AU LJ top,Sleep,Adult,1/8/2025,1,30070,1AY
30070-1FL,30070-1FL-L,Adult Sleep,S AU sleepwear,S AU LJ top,Sleep,Adult,1/8/2025,1,30070,1FL
30070-1FL,30070-1FL-M,Adult Sleep,S AU sleepwear,S AU LJ top,Sleep,Adult,1/8/2025,1,30070,1FL
30070-1FL,30070-1FL-S,Adult Sleep,S AU sleepwear,S AU LJ top,Sleep,Adult,1/8/2025,1,30070,1FL
30070-1FL,30070-1FL-XL,Adult Sleep,S AU sleepwear,S AU LJ top,Sleep,Adult,1/8/2025,1,30070,1FL
30070-1FL,30070-1FL-XS,Adult Sleep,S AU sleepwear,S AU LJ top,Sleep,Adult,1/8/2025,1,30070,1FL
30070-1FL,30070-1FL-XXL,Adult Sleep,S AU sleepwear,S AU LJ top,Sleep,Adult,1/8/2025,1,30070,1FL
30070-20P,30070-20P-L,Adult Sleep,S AU sleepwear,S AU LJ top,Sleep,Adult,,1,30070,20P
30070-20P,30070-20P-M,Adult Sleep,S AU sleepwear,S AU LJ top,Sleep,Adult,,1,30070,20P
30070-20P,30070-20P-S,Adult Sleep,S AU sleepwear,S AU LJ top,Sleep,Adult,,1,30070,20P
30070-20P,30070-20P-XL,Adult Sleep,S AU sleepwear,S AU LJ top,Sleep,Adult,,1,30070,20P
30070-20P,30070-20P-XS,Adult Sleep,S AU sleepwear,S AU LJ top,Sleep,Adult,,1,30070,20P
30070-20P,30070-20P-XXL,Adult Sleep,S AU sleepwear,S AU LJ top,Sleep,Adult,,1,30070,20P
30070-21P,30070-21P-L,Adult Sleep,S AU sleepwear,S AU LJ top,Sleep,Adult,,1,30070,21P
30070-21P,30070-21P-M,Adult Sleep,S AU sleepwear,S AU LJ top,Sleep,Adult,,1,30070,21P
30070-21P,30070-21P-S,Adult Sleep,S AU sleepwear,S AU LJ top,Sleep,Adult,,1,30070,21P
30070-21P,30070-21P-XL,Adult Sleep,S AU sleepwear,S AU LJ top,Sleep,Adult,,1,30070,21P
30070-21P,30070-21P-XS,Adult Sleep,S AU sleepwear,S AU LJ top,Sleep,Adult,,1,30070,21P
30070-21P,30070-21P-XXL,Adult Sleep,S AU sleepwear,S AU LJ top,Sleep,Adult,,1,30070,21P
30070-23N,30070-23N-L,Adult Sleep,S AU sleepwear,S AU LJ top,Sleep,Adult,,1,30070,23N
30070-23N,30070-23N-M,Adult Sleep,S AU sleepwear,S AU LJ top,Sleep,Adult,,1,30070,23N
30070-23N,30070-23N-S,Adult Sleep,S AU sleepwear,S AU LJ top,Sleep,Adult,,1,30070,23N
30070-23N,30070-23N-XL,Adult Sleep,S AU sleepwear,S AU LJ top,Sleep,Adult,,1,30070,23N
30070-23N,30070-23N-XS,Adult Sleep,S AU sleepwear,S AU LJ top,Sleep,Adult,,1,30070,23N
30070-23N,30070-23N-XXL,Adult Sleep,S AU sleepwear,S AU LJ top,Sleep,Adult,,1,30070,23N
30070-23R,30070-23R-L,Adult Sleep,S AU sleepwear,S AU LJ top,Sleep,Adult,,1,30070,23R
30070-23R,30070-23R-M,Adult Sleep,S AU sleepwear,S AU LJ top,Sleep,Adult,,1,30070,23R
30070-23R,30070-23R-S,Adult Sleep,S AU sleepwear,S AU LJ top,Sleep,Adult,,1,30070,23R
30070-23R,30070-23R-XL,Adult Sleep,S AU sleepwear,S AU LJ top,Sleep,Adult,,1,30070,23R
30070-23R,30070-23R-XS,Adult Sleep,S AU sleepwear,S AU LJ top,Sleep,Adult,,1,30070,23R
30070-23R,30070-23R-XXL,Adult Sleep,S AU sleepwear,S AU LJ top,Sleep,Adult,,1,30070,23R
30070-25N,30070-25N-L,Adult Sleep,S AU sleepwear,S AU LJ top,Sleep,Adult,,1,30070,25N
30070-25N,30070-25N-M,Adult Sleep,S AU sleepwear,S AU LJ top,Sleep,Adult,,1,30070,25N
30070-25N,30070-25N-S,Adult Sleep,S AU sleepwear,S AU LJ top,Sleep,Adult,,1,30070,25N
30070-25N,30070-25N-XL,Adult Sleep,S AU sleepwear,S AU LJ top,Sleep,Adult,,1,30070,25N
30070-25N,30070-25N-XS,Adult Sleep,S AU sleepwear,S AU LJ top,Sleep,Adult,,1,30070,25N
30070-25N,30070-25N-XXL,Adult Sleep,S AU sleepwear,S AU LJ top,Sleep,Adult,,1,30070,25N
30070-27G,30070-27G-L,Adult Sleep,S AU sleepwear,S AU LJ top,Sleep,Adult,,1,30070,27G
30070-27G,30070-27G-M,Adult Sleep,S AU sleepwear,S AU LJ top,Sleep,Adult,,1,30070,27G
30070-27G,30070-27G-S,Adult Sleep,S AU sleepwear,S AU LJ top,Sleep,Adult,,1,30070,27G
30070-27G,30070-27G-XL,Adult Sleep,S AU sleepwear,S AU LJ top,Sleep,Adult,,1,30070,27G
30070-27G,30070-27G-XS,Adult Sleep,S AU sleepwear,S AU LJ top,Sleep,Adult,,1,30070,27G
30070-27G,30070-27G-XXL,Adult Sleep,S AU sleepwear,S AU LJ top,Sleep,Adult,,1,30070,27G
30070-42V,30070-42V-L,Adult Sleep,S AU sleepwear,S AU LJ top,Sleep,Adult,,1,30070,42V
30070-42V,30070-42V-M,Adult Sleep,S AU sleepwear,S AU LJ top,Sleep,Adult,,1,30070,42V
30070-42V,30070-42V-S,Adult Sleep,S AU sleepwear,S AU LJ top,Sleep,Adult,,1,30070,42V
30070-42V,30070-42V-XL,Adult Sleep,S AU sleepwear,S AU LJ top,Sleep,Adult,,1,30070,42V
30070-42V,30070-42V-XS,Adult Sleep,S AU sleepwear,S AU LJ top,Sleep,Adult,,1,30070,42V
30070-42V,30070-42V-XXL,Adult Sleep,S AU sleepwear,S AU LJ top,Sleep,Adult,,1,30070,42V
30070-439,30070-439-L,Adult Sleep,S AU sleepwear,S AU LJ top,Sleep,Adult,,1,30070,439
30070-439,30070-439-M,Adult Sleep,S AU sleepwear,S AU LJ top,Sleep,Adult,,1,30070,439
30070-439,30070-439-S,Adult Sleep,S AU sleepwear,S AU LJ top,Sleep,Adult,,1,30070,439
30070-439,30070-439-XL,Adult Sleep,S AU sleepwear,S AU LJ top,Sleep,Adult,,1,30070,439
30070-439,30070-439-XS,Adult Sleep,S AU sleepwear,S AU LJ top,Sleep,Adult,,1,30070,439
30070-439,30070-439-XXL,Adult Sleep,S AU sleepwear,S AU LJ top,Sleep,Adult,,1,30070,439
30070-47L,30070-47L-L,Adult Sleep,S AU sleepwear,S AU LJ top,Sleep,Adult,,1,30070,47L
30070-47L,30070-47L-M,Adult Sleep,S AU sleepwear,S AU LJ top,Sleep,Adult,,1,30070,47L
30070-47L,30070-47L-S,Adult Sleep,S AU sleepwear,S AU LJ top,Sleep,Adult,,1,30070,47L
30070-47L,30070-47L-XL,Adult Sleep,S AU sleepwear,S AU LJ top,Sleep,Adult,,1,30070,47L
30070-47L,30070-47L-XS,Adult Sleep,S AU sleepwear,S AU LJ top,Sleep,Adult,,1,30070,47L
30070-47L,30070-47L-XXL,Adult Sleep,S AU sleepwear,S AU LJ top,Sleep,Adult,,1,30070,47L
30070-4QL,30070-4QL-L,Adult Sleep,S AU sleepwear,S AU LJ top,Sleep,Adult,,1,30070,4QL
30070-4QL,30070-4QL-M,Adult Sleep,S AU sleepwear,S AU LJ top,Sleep,Adult,,1,30070,4QL
30070-4QL,30070-4QL-S,Adult Sleep,S AU sleepwear,S AU LJ top,Sleep,Adult,,1,30070,4QL
30070-4QL,30070-4QL-XL,Adult Sleep,S AU sleepwear,S AU LJ top,Sleep,Adult,,1,30070,4QL
30070-4QL,30070-4QL-XS,Adult Sleep,S AU sleepwear,S AU LJ top,Sleep,Adult,,1,30070,4QL
30070-4QL,30070-4QL-XXL,Adult Sleep,S AU sleepwear,S AU LJ top,Sleep,Adult,,1,30070,4QL
30070-4RG,30070-4RG-L,Adult Sleep,S AU sleepwear,S AU LJ top,Sleep,Adult,,1,30070,4RG
30070-4RG,30070-4RG-M,Adult Sleep,S AU sleepwear,S AU LJ top,Sleep,Adult,,1,30070,4RG
30070-4RG,30070-4RG-S,Adult Sleep,S AU sleepwear,S AU LJ top,Sleep,Adult,,1,30070,4RG
30070-4RG,30070-4RG-XL,Adult Sleep,S AU sleepwear,S AU LJ top,Sleep,Adult,,1,30070,4RG
30070-4RG,30070-4RG-XS,Adult Sleep,S AU sleepwear,S AU LJ top,Sleep,Adult,,1,30070,4RG
30070-4RG,30070-4RG-XXL,Adult Sleep,S AU sleepwear,S AU LJ top,Sleep,Adult,,1,30070,4RG
30070-4RH,30070-4RH-L,Adult Sleep,S AU sleepwear,S AU LJ top,Sleep,Adult,,1,30070,4RH
30070-4RH,30070-4RH-M,Adult Sleep,S AU sleepwear,S AU LJ top,Sleep,Adult,,1,30070,4RH
30070-4RH,30070-4RH-S,Adult Sleep,S AU sleepwear,S AU LJ top,Sleep,Adult,,1,30070,4RH
30070-4RH,30070-4RH-XL,Adult Sleep,S AU sleepwear,S AU LJ top,Sleep,Adult,,1,30070,4RH
30070-4RH,30070-4RH-XS,Adult Sleep,S AU sleepwear,S AU LJ top,Sleep,Adult,,1,30070,4RH
30070-4RH,30070-4RH-XXL,Adult Sleep,S AU sleepwear,S AU LJ top,Sleep,Adult,,1,30070,4RH
30070-4RJ,30070-4RJ-L,Adult Sleep,S AU sleepwear,S AU LJ top,Sleep,Adult,,1,30070,4RJ
30070-4RJ,30070-4RJ-M,Adult Sleep,S AU sleepwear,S AU LJ top,Sleep,Adult,,1,30070,4RJ
30070-4RJ,30070-4RJ-S,Adult Sleep,S AU sleepwear,S AU LJ top,Sleep,Adult,,1,30070,4RJ
30070-4RJ,30070-4RJ-XL,Adult Sleep,S AU sleepwear,S AU LJ top,Sleep,Adult,,1,30070,4RJ
30070-4RJ,30070-4RJ-XS,Adult Sleep,S AU sleepwear,S AU LJ top,Sleep,Adult,,1,30070,4RJ
30070-4RJ,30070-4RJ-XXL,Adult Sleep,S AU sleepwear,S AU LJ top,Sleep,Adult,,1,30070,4RJ
30070-4RL,30070-4RL-L,Adult Sleep,S AU sleepwear,S AU LJ top,Sleep,Adult,,1,30070,4RL
30070-4RL,30070-4RL-M,Adult Sleep,S AU sleepwear,S AU LJ top,Sleep,Adult,,1,30070,4RL
30070-4RL,30070-4RL-S,Adult Sleep,S AU sleepwear,S AU LJ top,Sleep,Adult,,1,30070,4RL
30070-4RL,30070-4RL-XL,Adult Sleep,S AU sleepwear,S AU LJ top,Sleep,Adult,,1,30070,4RL
30070-4RL,30070-4RL-XS,Adult Sleep,S AU sleepwear,S AU LJ top,Sleep,Adult,,1,30070,4RL
30070-4RL,30070-4RL-XXL,Adult Sleep,S AU sleepwear,S AU LJ top,Sleep,Adult,,1,30070,4RL
30070-52N,30070-52N-L,Adult Sleep,S AU sleepwear,S AU LJ top,Sleep,Adult,,1,30070,52N
30070-52N,30070-52N-M,Adult Sleep,S AU sleepwear,S AU LJ top,Sleep,Adult,,1,30070,52N
30070-52N,30070-52N-S,Adult Sleep,S AU sleepwear,S AU LJ top,Sleep,Adult,,1,30070,52N
30070-52N,30070-52N-XL,Adult Sleep,S AU sleepwear,S AU LJ top,Sleep,Adult,,1,30070,52N
30070-52N,30070-52N-XS,Adult Sleep,S AU sleepwear,S AU LJ top,Sleep,Adult,,1,30070,52N
30070-52N,30070-52N-XXL,Adult Sleep,S AU sleepwear,S AU LJ top,Sleep,Adult,,1,30070,52N
30070-57H,30070-57H-L,Adult Sleep,S AU sleepwear,S AU LJ top,Sleep,Adult,,1,30070,57H
30070-57H,30070-57H-M,Adult Sleep,S AU sleepwear,S AU LJ top,Sleep,Adult,,1,30070,57H
30070-57H,30070-57H-S,Adult Sleep,S AU sleepwear,S AU LJ top,Sleep,Adult,,1,30070,57H
30070-57H,30070-57H-XL,Adult Sleep,S AU sleepwear,S AU LJ top,Sleep,Adult,,1,30070,57H
30070-57H,30070-57H-XS,Adult Sleep,S AU sleepwear,S AU LJ top,Sleep,Adult,,1,30070,57H
30070-57H,30070-57H-XXL,Adult Sleep,S AU sleepwear,S AU LJ top,Sleep,Adult,,1,30070,57H
30070-59T,30070-59T-L,Adult Sleep,S AU sleepwear,S AU LJ top,Sleep,Adult,,1,30070,59T
30070-59T,30070-59T-M,Adult Sleep,S AU sleepwear,S AU LJ top,Sleep,Adult,,1,30070,59T
30070-59T,30070-59T-S,Adult Sleep,S AU sleepwear,S AU LJ top,Sleep,Adult,,1,30070,59T
30070-59T,30070-59T-XL,Adult Sleep,S AU sleepwear,S AU LJ top,Sleep,Adult,,1,30070,59T
30070-59T,30070-59T-XS,Adult Sleep,S AU sleepwear,S AU LJ top,Sleep,Adult,,1,30070,59T
30070-59T,30070-59T-XXL,Adult Sleep,S AU sleepwear,S AU LJ top,Sleep,Adult,,1,30070,59T
30070-60T,30070-60T-L,Adult Sleep,S AU sleepwear,S AU LJ top,Sleep,Adult,,1,30070,60T
30070-60T,30070-60T-M,Adult Sleep,S AU sleepwear,S AU LJ top,Sleep,Adult,,1,30070,60T
30070-60T,30070-60T-S,Adult Sleep,S AU sleepwear,S AU LJ top,Sleep,Adult,,1,30070,60T
30070-60T,30070-60T-XL,Adult Sleep,S AU sleepwear,S AU LJ top,Sleep,Adult,,1,30070,60T
30070-60T,30070-60T-XS,Adult Sleep,S AU sleepwear,S AU LJ top,Sleep,Adult,,1,30070,60T
30070-60T,30070-60T-XXL,Adult Sleep,S AU sleepwear,S AU LJ top,Sleep,Adult,,1,30070,60T
30070-61T,30070-61T-L,Adult Sleep,S AU sleepwear,S AU LJ top,Sleep,Adult,,1,30070,61T
30070-61T,30070-61T-M,Adult Sleep,S AU sleepwear,S AU LJ top,Sleep,Adult,,1,30070,61T
30070-61T,30070-61T-S,Adult Sleep,S AU sleepwear,S AU LJ top,Sleep,Adult,,1,30070,61T
30070-61T,30070-61T-XL,Adult Sleep,S AU sleepwear,S AU LJ top,Sleep,Adult,,1,30070,61T
30070-61T,30070-61T-XS,Adult Sleep,S AU sleepwear,S AU LJ top,Sleep,Adult,,1,30070,61T
30070-61T,30070-61T-XXL,Adult Sleep,S AU sleepwear,S AU LJ top,Sleep,Adult,,1,30070,61T
30070-62T,30070-62T-L,Adult Sleep,S AU sleepwear,S AU LJ top,Sleep,Adult,,1,30070,62T
30070-62T,30070-62T-M,Adult Sleep,S AU sleepwear,S AU LJ top,Sleep,Adult,,1,30070,62T
30070-62T,30070-62T-S,Adult Sleep,S AU sleepwear,S AU LJ top,Sleep,Adult,,1,30070,62T
30070-62T,30070-62T-XL,Adult Sleep,S AU sleepwear,S AU LJ top,Sleep,Adult,,1,30070,62T
30070-62T,30070-62T-XS,Adult Sleep,S AU sleepwear,S AU LJ top,Sleep,Adult,,1,30070,62T
30070-62T,30070-62T-XXL,Adult Sleep,S AU sleepwear,S AU LJ top,Sleep,Adult,,1,30070,62T
30070-65W,30070-65W-L,Adult Sleep,S AU sleepwear,S AU LJ top,Sleep,Adult,,1,30070,65W
30070-65W,30070-65W-M,Adult Sleep,S AU sleepwear,S AU LJ top,Sleep,Adult,,1,30070,65W
30070-65W,30070-65W-S,Adult Sleep,S AU sleepwear,S AU LJ top,Sleep,Adult,,1,30070,65W
30070-65W,30070-65W-XL,Adult Sleep,S AU sleepwear,S AU LJ top,Sleep,Adult,,1,30070,65W
30070-65W,30070-65W-XS,Adult Sleep,S AU sleepwear,S AU LJ top,Sleep,Adult,,1,30070,65W
30070-65W,30070-65W-XXL,Adult Sleep,S AU sleepwear,S AU LJ top,Sleep,Adult,,1,30070,65W
30070-72X,30070-72X-L,Adult Sleep,S AU sleepwear,S AU LJ top,Sleep,Adult,,1,30070,72X
30070-72X,30070-72X-M,Adult Sleep,S AU sleepwear,S AU LJ top,Sleep,Adult,,1,30070,72X
30070-72X,30070-72X-S,Adult Sleep,S AU sleepwear,S AU LJ top,Sleep,Adult,,1,30070,72X
30070-72X,30070-72X-XL,Adult Sleep,S AU sleepwear,S AU LJ top,Sleep,Adult,,1,30070,72X
30070-72X,30070-72X-XS,Adult Sleep,S AU sleepwear,S AU LJ top,Sleep,Adult,,1,30070,72X
30070-72X,30070-72X-XXL,Adult Sleep,S AU sleepwear,S AU LJ top,Sleep,Adult,,1,30070,72X
30070-77L,30070-77L-L,Adult Sleep,S AU sleepwear,S AU LJ top,Sleep,Adult,,1,30070,77L
30070-77L,30070-77L-M,Adult Sleep,S AU sleepwear,S AU LJ top,Sleep,Adult,,1,30070,77L
30070-77L,30070-77L-S,Adult Sleep,S AU sleepwear,S AU LJ top,Sleep,Adult,,1,30070,77L
30070-77L,30070-77L-XL,Adult Sleep,S AU sleepwear,S AU LJ top,Sleep,Adult,,1,30070,77L
30070-77L,30070-77L-XS,Adult Sleep,S AU sleepwear,S AU LJ top,Sleep,Adult,,1,30070,77L
30070-77L,30070-77L-XXL,Adult Sleep,S AU sleepwear,S AU LJ top,Sleep,Adult,,1,30070,77L
30070-78R,30070-78R-L,Adult Sleep,S AU sleepwear,S AU LJ top,Sleep,Adult,,1,30070,78R
30070-78R,30070-78R-M,Adult Sleep,S AU sleepwear,S AU LJ top,Sleep,Adult,,1,30070,78R
30070-78R,30070-78R-S,Adult Sleep,S AU sleepwear,S AU LJ top,Sleep,Adult,,1,30070,78R
30070-78R,30070-78R-XL,Adult Sleep,S AU sleepwear,S AU LJ top,Sleep,Adult,,1,30070,78R
30070-78R,30070-78R-XS,Adult Sleep,S AU sleepwear,S AU LJ top,Sleep,Adult,,1,30070,78R
30070-78R,30070-78R-XXL,Adult Sleep,S AU sleepwear,S AU LJ top,Sleep,Adult,,1,30070,78R
30070-83R,30070-83R-L,Adult Sleep,S AU sleepwear,S AU LJ top,Sleep,Adult,,1,30070,83R
30070-83R,30070-83R-M,Adult Sleep,S AU sleepwear,S AU LJ top,Sleep,Adult,,1,30070,83R
30070-83R,30070-83R-S,Adult Sleep,S AU sleepwear,S AU LJ top,Sleep,Adult,,1,30070,83R
30070-83R,30070-83R-XL,Adult Sleep,S AU sleepwear,S AU LJ top,Sleep,Adult,,1,30070,83R
30070-83R,30070-83R-XS,Adult Sleep,S AU sleepwear,S AU LJ top,Sleep,Adult,,1,30070,83R
30070-83R,30070-83R-XXL,Adult Sleep,S AU sleepwear,S AU LJ top,Sleep,Adult,,1,30070,83R
30070-962,30070-962-L,Adult Sleep,S AU sleepwear,S AU LJ top,Sleep,Adult,7/17/2023,1,30070,962
30070-962,30070-962-M,Adult Sleep,S AU sleepwear,S AU LJ top,Sleep,Adult,7/17/2023,1,30070,962
30070-962,30070-962-S,Adult Sleep,S AU sleepwear,S AU LJ top,Sleep,Adult,7/17/2023,1,30070,962
30070-962,30070-962-XL,Adult Sleep,S AU sleepwear,S AU LJ top,Sleep,Adult,7/17/2023,1,30070,962
30070-962,30070-962-XS,Adult Sleep,S AU sleepwear,S AU LJ top,Sleep,Adult,7/17/2023,1,30070,962
30070-962,30070-962-XXL,Adult Sleep,S AU sleepwear,S AU LJ top,Sleep,Adult,7/17/2023,1,30070,962
30070-963,30070-963-L,Adult Sleep,S AU sleepwear,S AU LJ top,Sleep,Adult,7/17/2023,1,30070,963
30070-963,30070-963-M,Adult Sleep,S AU sleepwear,S AU LJ top,Sleep,Adult,7/17/2023,1,30070,963
30070-963,30070-963-S,Adult Sleep,S AU sleepwear,S AU LJ top,Sleep,Adult,7/17/2023,1,30070,963
30070-963,30070-963-XL,Adult Sleep,S AU sleepwear,S AU LJ top,Sleep,Adult,7/17/2023,1,30070,963
30070-963,30070-963-XS,Adult Sleep,S AU sleepwear,S AU LJ top,Sleep,Adult,7/17/2023,1,30070,963
30070-963,30070-963-XXL,Adult Sleep,S AU sleepwear,S AU LJ top,Sleep,Adult,7/17/2023,1,30070,963
30070-96X,30070-96X-L,Adult Sleep,S AU sleepwear,S AU LJ top,Sleep,Adult,,1,30070,96X
30070-96X,30070-96X-M,Adult Sleep,S AU sleepwear,S AU LJ top,Sleep,Adult,,1,30070,96X
30070-96X,30070-96X-S,Adult Sleep,S AU sleepwear,S AU LJ top,Sleep,Adult,,1,30070,96X
30070-96X,30070-96X-XL,Adult Sleep,S AU sleepwear,S AU LJ top,Sleep,Adult,,1,30070,96X
30070-96X,30070-96X-XS,Adult Sleep,S AU sleepwear,S AU LJ top,Sleep,Adult,,1,30070,96X
30070-96X,30070-96X-XXL,Adult Sleep,S AU sleepwear,S AU LJ top,Sleep,Adult,,1,30070,96X
30070-99N,30070-99N-L,Adult Sleep,S AU sleepwear,S AU LJ top,Sleep,Adult,,1,30070,99N
30070-99N,30070-99N-M,Adult Sleep,S AU sleepwear,S AU LJ top,Sleep,Adult,,1,30070,99N
30070-99N,30070-99N-S,Adult Sleep,S AU sleepwear,S AU LJ top,Sleep,Adult,,1,30070,99N
30070-99N,30070-99N-XL,Adult Sleep,S AU sleepwear,S AU LJ top,Sleep,Adult,,1,30070,99N
30070-99N,30070-99N-XS,Adult Sleep,S AU sleepwear,S AU LJ top,Sleep,Adult,,1,30070,99N
30070-99N,30070-99N-XXL,Adult Sleep,S AU sleepwear,S AU LJ top,Sleep,Adult,,1,30070,99N
30070-99V,30070-99V-L,Adult Sleep,S AU sleepwear,S AU LJ top,Sleep,Adult,,1,30070,99V
30070-99V,30070-99V-M,Adult Sleep,S AU sleepwear,S AU LJ top,Sleep,Adult,,1,30070,99V
30070-99V,30070-99V-S,Adult Sleep,S AU sleepwear,S AU LJ top,Sleep,Adult,,1,30070,99V
30070-99V,30070-99V-XL,Adult Sleep,S AU sleepwear,S AU LJ top,Sleep,Adult,,1,30070,99V
30070-99V,30070-99V-XS,Adult Sleep,S AU sleepwear,S AU LJ top,Sleep,Adult,,1,30070,99V
30070-99V,30070-99V-XXL,Adult Sleep,S AU sleepwear,S AU LJ top,Sleep,Adult,,1,30070,99V
30070-A23,30070-A23-L,Adult Sleep,S AU sleepwear,S AU LJ top,Sleep,Adult,,1,30070,A23
30070-A23,30070-A23-M,Adult Sleep,S AU sleepwear,S AU LJ top,Sleep,Adult,,1,30070,A23
30070-A23,30070-A23-S,Adult Sleep,S AU sleepwear,S AU LJ top,Sleep,Adult,,1,30070,A23
30070-A23,30070-A23-XL,Adult Sleep,S AU sleepwear,S AU LJ top,Sleep,Adult,,1,30070,A23
30070-A23,30070-A23-XS,Adult Sleep,S AU sleepwear,S AU LJ top,Sleep,Adult,,1,30070,A23
30070-A23,30070-A23-XXL,Adult Sleep,S AU sleepwear,S AU LJ top,Sleep,Adult,,1,30070,A23
30070-AD8,30070-AD8-L,Adult Sleep,S AU sleepwear,S AU LJ top,Sleep,Adult,,1,30070,AD8
30070-AD8,30070-AD8-M,Adult Sleep,S AU sleepwear,S AU LJ top,Sleep,Adult,,1,30070,AD8
30070-AD8,30070-AD8-S,Adult Sleep,S AU sleepwear,S AU LJ top,Sleep,Adult,,1,30070,AD8
30070-AD8,30070-AD8-XL,Adult Sleep,S AU sleepwear,S AU LJ top,Sleep,Adult,,1,30070,AD8
30070-AD8,30070-AD8-XS,Adult Sleep,S AU sleepwear,S AU LJ top,Sleep,Adult,,1,30070,AD8
30070-AD8,30070-AD8-XXL,Adult Sleep,S AU sleepwear,S AU LJ top,Sleep,Adult,,1,30070,AD8
30070-AF1,30070-AF1-L,Adult Sleep,S AU sleepwear,S AU LJ top,Sleep,Adult,,1,30070,AF1
30070-AF1,30070-AF1-M,Adult Sleep,S AU sleepwear,S AU LJ top,Sleep,Adult,,1,30070,AF1
30070-AF1,30070-AF1-S,Adult Sleep,S AU sleepwear,S AU LJ top,Sleep,Adult,,1,30070,AF1
30070-AF1,30070-AF1-XL,Adult Sleep,S AU sleepwear,S AU LJ top,Sleep,Adult,,1,30070,AF1
30070-AF1,30070-AF1-XS,Adult Sleep,S AU sleepwear,S AU LJ top,Sleep,Adult,,1,30070,AF1
30070-AF1,30070-AF1-XXL,Adult Sleep,S AU sleepwear,S AU LJ top,Sleep,Adult,,1,30070,AF1
30070-AP4,30070-AP4-L,Adult Sleep,S AU sleepwear,S AU LJ top,Sleep,Adult,,1,30070,AP4
30070-AP4,30070-AP4-M,Adult Sleep,S AU sleepwear,S AU LJ top,Sleep,Adult,,1,30070,AP4
30070-AP4,30070-AP4-S,Adult Sleep,S AU sleepwear,S AU LJ top,Sleep,Adult,,1,30070,AP4
30070-AP4,30070-AP4-XL,Adult Sleep,S AU sleepwear,S AU LJ top,Sleep,Adult,,1,30070,AP4
30070-AP4,30070-AP4-XS,Adult Sleep,S AU sleepwear,S AU LJ top,Sleep,Adult,,1,30070,AP4
30070-AP4,30070-AP4-XXL,Adult Sleep,S AU sleepwear,S AU LJ top,Sleep,Adult,,1,30070,AP4
30070-AS2,30070-AS2-L,Adult Sleep,S AU sleepwear,S AU LJ top,Sleep,Adult,,1,30070,AS2
30070-AS2,30070-AS2-M,Adult Sleep,S AU sleepwear,S AU LJ top,Sleep,Adult,,1,30070,AS2
30070-AS2,30070-AS2-S,Adult Sleep,S AU sleepwear,S AU LJ top,Sleep,Adult,,1,30070,AS2
30070-AS2,30070-AS2-XL,Adult Sleep,S AU sleepwear,S AU LJ top,Sleep,Adult,,1,30070,AS2
30070-AS2,30070-AS2-XS,Adult Sleep,S AU sleepwear,S AU LJ top,Sleep,Adult,,1,30070,AS2
30070-AS2,30070-AS2-XXL,Adult Sleep,S AU sleepwear,S AU LJ top,Sleep,Adult,,1,30070,AS2
30070-B72,30070-B72-L,Adult Sleep,S AU sleepwear,S AU LJ top,Sleep,Adult,,1,30070,B72
30070-B72,30070-B72-M,Adult Sleep,S AU sleepwear,S AU LJ top,Sleep,Adult,,1,30070,B72
30070-B72,30070-B72-S,Adult Sleep,S AU sleepwear,S AU LJ top,Sleep,Adult,,1,30070,B72
30070-B72,30070-B72-XL,Adult Sleep,S AU sleepwear,S AU LJ top,Sleep,Adult,,1,30070,B72
30070-B72,30070-B72-XS,Adult Sleep,S AU sleepwear,S AU LJ top,Sleep,Adult,,1,30070,B72
30070-B72,30070-B72-XXL,Adult Sleep,S AU sleepwear,S AU LJ top,Sleep,Adult,,1,30070,B72
30070-B84,30070-B84-L,Adult Sleep,S AU sleepwear,S AU LJ top,Sleep,Adult,,1,30070,B84
30070-B84,30070-B84-M,Adult Sleep,S AU sleepwear,S AU LJ top,Sleep,Adult,,1,30070,B84
30070-B84,30070-B84-S,Adult Sleep,S AU sleepwear,S AU LJ top,Sleep,Adult,,1,30070,B84
30070-B84,30070-B84-XL,Adult Sleep,S AU sleepwear,S AU LJ top,Sleep,Adult,,1,30070,B84
30070-B84,30070-B84-XS,Adult Sleep,S AU sleepwear,S AU LJ top,Sleep,Adult,,1,30070,B84
30070-B84,30070-B84-XXL,Adult Sleep,S AU sleepwear,S AU LJ top,Sleep,Adult,,1,30070,B84
30070-BN3,30070-BN3-L,Adult Sleep,S AU sleepwear,S AU LJ top,Sleep,Adult,,1,30070,BN3
30070-BN3,30070-BN3-M,Adult Sleep,S AU sleepwear,S AU LJ top,Sleep,Adult,,1,30070,BN3
30070-BN3,30070-BN3-S,Adult Sleep,S AU sleepwear,S AU LJ top,Sleep,Adult,,1,30070,BN3
30070-BN3,30070-BN3-XL,Adult Sleep,S AU sleepwear,S AU LJ top,Sleep,Adult,,1,30070,BN3
30070-BN3,30070-BN3-XS,Adult Sleep,S AU sleepwear,S AU LJ top,Sleep,Adult,,1,30070,BN3
30070-BN3,30070-BN3-XXL,Adult Sleep,S AU sleepwear,S AU LJ top,Sleep,Adult,,1,30070,BN3
30070-BP2,30070-BP2-L,Adult Sleep,S AU sleepwear,S AU LJ top,Sleep,Adult,,1,30070,BP2
30070-BP2,30070-BP2-M,Adult Sleep,S AU sleepwear,S AU LJ top,Sleep,Adult,,1,30070,BP2
30070-BP2,30070-BP2-S,Adult Sleep,S AU sleepwear,S AU LJ top,Sleep,Adult,,1,30070,BP2
30070-BP2,30070-BP2-XL,Adult Sleep,S AU sleepwear,S AU LJ top,Sleep,Adult,,1,30070,BP2
30070-BP2,30070-BP2-XS,Adult Sleep,S AU sleepwear,S AU LJ top,Sleep,Adult,,1,30070,BP2
30070-BP2,30070-BP2-XXL,Adult Sleep,S AU sleepwear,S AU LJ top,Sleep,Adult,,1,30070,BP2
30070-BP3,30070-BP3-L,Adult Sleep,S AU sleepwear,S AU LJ top,Sleep,Adult,,1,30070,BP3
30070-BP3,30070-BP3-M,Adult Sleep,S AU sleepwear,S AU LJ top,Sleep,Adult,,1,30070,BP3
30070-BP3,30070-BP3-S,Adult Sleep,S AU sleepwear,S AU LJ top,Sleep,Adult,,1,30070,BP3
30070-BP3,30070-BP3-XL,Adult Sleep,S AU sleepwear,S AU LJ top,Sleep,Adult,,1,30070,BP3
30070-BP3,30070-BP3-XS,Adult Sleep,S AU sleepwear,S AU LJ top,Sleep,Adult,,1,30070,BP3
30070-BP3,30070-BP3-XXL,Adult Sleep,S AU sleepwear,S AU LJ top,Sleep,Adult,,1,30070,BP3
30070-BP4,30070-BP4-L,Adult Sleep,S AU sleepwear,S AU LJ top,Sleep,Adult,,1,30070,BP4
30070-BP4,30070-BP4-M,Adult Sleep,S AU sleepwear,S AU LJ top,Sleep,Adult,,1,30070,BP4
30070-BP4,30070-BP4-S,Adult Sleep,S AU sleepwear,S AU LJ top,Sleep,Adult,,1,30070,BP4
30070-BP4,30070-BP4-XL,Adult Sleep,S AU sleepwear,S AU LJ top,Sleep,Adult,,1,30070,BP4
30070-BP4,30070-BP4-XS,Adult Sleep,S AU sleepwear,S AU LJ top,Sleep,Adult,,1,30070,BP4
30070-BP4,30070-BP4-XXL,Adult Sleep,S AU sleepwear,S AU LJ top,Sleep,Adult,,1,30070,BP4
30070-CI1,30070-CI1-L,Adult Sleep,S AU sleepwear,S AU LJ top,Sleep,Adult,,1,30070,CI1
30070-CI1,30070-CI1-M,Adult Sleep,S AU sleepwear,S AU LJ top,Sleep,Adult,,1,30070,CI1
30070-CI1,30070-CI1-S,Adult Sleep,S AU sleepwear,S AU LJ top,Sleep,Adult,,1,30070,CI1
30070-CI1,30070-CI1-XL,Adult Sleep,S AU sleepwear,S AU LJ top,Sleep,Adult,,1,30070,CI1
30070-CI1,30070-CI1-XS,Adult Sleep,S AU sleepwear,S AU LJ top,Sleep,Adult,,1,30070,CI1
30070-CI1,30070-CI1-XXL,Adult Sleep,S AU sleepwear,S AU LJ top,Sleep,Adult,,1,30070,CI1
30070-CT9,30070-CT9-L,Adult Sleep,S AU sleepwear,S AU LJ top,Sleep,Adult,,1,30070,CT9
30070-CT9,30070-CT9-M,Adult Sleep,S AU sleepwear,S AU LJ top,Sleep,Adult,,1,30070,CT9
30070-CT9,30070-CT9-S,Adult Sleep,S AU sleepwear,S AU LJ top,Sleep,Adult,,1,30070,CT9
30070-CT9,30070-CT9-XL,Adult Sleep,S AU sleepwear,S AU LJ top,Sleep,Adult,,1,30070,CT9
30070-CT9,30070-CT9-XS,Adult Sleep,S AU sleepwear,S AU LJ top,Sleep,Adult,,1,30070,CT9
30070-CT9,30070-CT9-XXL,Adult Sleep,S AU sleepwear,S AU LJ top,Sleep,Adult,,1,30070,CT9
30070-CU0,30070-CU0-L,Adult Sleep,S AU sleepwear,S AU LJ top,Sleep,Adult,,1,30070,CU0
30070-CU0,30070-CU0-M,Adult Sleep,S AU sleepwear,S AU LJ top,Sleep,Adult,,1,30070,CU0
30070-CU0,30070-CU0-S,Adult Sleep,S AU sleepwear,S AU LJ top,Sleep,Adult,,1,30070,CU0
30070-CU0,30070-CU0-XL,Adult Sleep,S AU sleepwear,S AU LJ top,Sleep,Adult,,1,30070,CU0
30070-CU0,30070-CU0-XS,Adult Sleep,S AU sleepwear,S AU LJ top,Sleep,Adult,,1,30070,CU0
30070-CU0,30070-CU0-XXL,Adult Sleep,S AU sleepwear,S AU LJ top,Sleep,Adult,,1,30070,CU0
30070-DH1,30070-DH1-L,Adult Sleep,S AU sleepwear,S AU LJ top,Sleep,Adult,,1,30070,DH1
30070-DH1,30070-DH1-M,Adult Sleep,S AU sleepwear,S AU LJ top,Sleep,Adult,,1,30070,DH1
30070-DH1,30070-DH1-S,Adult Sleep,S AU sleepwear,S AU LJ top,Sleep,Adult,,1,30070,DH1
30070-DH1,30070-DH1-XL,Adult Sleep,S AU sleepwear,S AU LJ top,Sleep,Adult,,1,30070,DH1
30070-DH1,30070-DH1-XS,Adult Sleep,S AU sleepwear,S AU LJ top,Sleep,Adult,,1,30070,DH1
30070-DH1,30070-DH1-XXL,Adult Sleep,S AU sleepwear,S AU LJ top,Sleep,Adult,,1,30070,DH1
30070-DH2,30070-DH2-L,Adult Sleep,S AU sleepwear,S AU LJ top,Sleep,Adult,,1,30070,DH2
30070-DH2,30070-DH2-M,Adult Sleep,S AU sleepwear,S AU LJ top,Sleep,Adult,,1,30070,DH2
30070-DH2,30070-DH2-S,Adult Sleep,S AU sleepwear,S AU LJ top,Sleep,Adult,,1,30070,DH2
30070-DH2,30070-DH2-XL,Adult Sleep,S AU sleepwear,S AU LJ top,Sleep,Adult,,1,30070,DH2
30070-DH2,30070-DH2-XS,Adult Sleep,S AU sleepwear,S AU LJ top,Sleep,Adult,,1,30070,DH2
30070-DH2,30070-DH2-XXL,Adult Sleep,S AU sleepwear,S AU LJ top,Sleep,Adult,,1,30070,DH2
30070-DH3,30070-DH3-L,Adult Sleep,S AU sleepwear,S AU LJ top,Sleep,Adult,,1,30070,DH3
30070-DH3,30070-DH3-M,Adult Sleep,S AU sleepwear,S AU LJ top,Sleep,Adult,,1,30070,DH3
30070-DH3,30070-DH3-S,Adult Sleep,S AU sleepwear,S AU LJ top,Sleep,Adult,,1,30070,DH3
30070-DH3,30070-DH3-XL,Adult Sleep,S AU sleepwear,S AU LJ top,Sleep,Adult,,1,30070,DH3
30070-DH3,30070-DH3-XS,Adult Sleep,S AU sleepwear,S AU LJ top,Sleep,Adult,,1,30070,DH3
30070-DH3,30070-DH3-XXL,Adult Sleep,S AU sleepwear,S AU LJ top,Sleep,Adult,,1,30070,DH3
30070-DX7,30070-DX7-L,Adult Sleep,S AU sleepwear,S AU LJ top,Sleep,Adult,,1,30070,DX7
30070-DX7,30070-DX7-M,Adult Sleep,S AU sleepwear,S AU LJ top,Sleep,Adult,,1,30070,DX7
30070-DX7,30070-DX7-S,Adult Sleep,S AU sleepwear,S AU LJ top,Sleep,Adult,,1,30070,DX7
30070-DX7,30070-DX7-XL,Adult Sleep,S AU sleepwear,S AU LJ top,Sleep,Adult,,1,30070,DX7
30070-DX7,30070-DX7-XS,Adult Sleep,S AU sleepwear,S AU LJ top,Sleep,Adult,,1,30070,DX7
30070-DX7,30070-DX7-XXL,Adult Sleep,S AU sleepwear,S AU LJ top,Sleep,Adult,,1,30070,DX7
30070-EL2,30070-EL2-L,Adult Sleep,S AU sleepwear,S AU LJ top,Sleep,Adult,,1,30070,EL2
30070-EL2,30070-EL2-M,Adult Sleep,S AU sleepwear,S AU LJ top,Sleep,Adult,,1,30070,EL2
30070-EL2,30070-EL2-S,Adult Sleep,S AU sleepwear,S AU LJ top,Sleep,Adult,,1,30070,EL2
30070-EL2,30070-EL2-XL,Adult Sleep,S AU sleepwear,S AU LJ top,Sleep,Adult,,1,30070,EL2
30070-EL2,30070-EL2-XS,Adult Sleep,S AU sleepwear,S AU LJ top,Sleep,Adult,,1,30070,EL2
30070-EL2,30070-EL2-XXL,Adult Sleep,S AU sleepwear,S AU LJ top,Sleep,Adult,,1,30070,EL2
30070-EL3,30070-EL3-L,Adult Sleep,S AU sleepwear,S AU LJ top,Sleep,Adult,,1,30070,EL3
30070-EL3,30070-EL3-M,Adult Sleep,S AU sleepwear,S AU LJ top,Sleep,Adult,,1,30070,EL3
30070-EL3,30070-EL3-S,Adult Sleep,S AU sleepwear,S AU LJ top,Sleep,Adult,,1,30070,EL3
30070-EL3,30070-EL3-XL,Adult Sleep,S AU sleepwear,S AU LJ top,Sleep,Adult,,1,30070,EL3
30070-EL3,30070-EL3-XS,Adult Sleep,S AU sleepwear,S AU LJ top,Sleep,Adult,,1,30070,EL3
30070-EL3,30070-EL3-XXL,Adult Sleep,S AU sleepwear,S AU LJ top,Sleep,Adult,,1,30070,EL3
30070-EL4,30070-EL4-L,Adult Sleep,S AU sleepwear,S AU LJ top,Sleep,Adult,,1,30070,EL4
30070-EL4,30070-EL4-M,Adult Sleep,S AU sleepwear,S AU LJ top,Sleep,Adult,,1,30070,EL4
30070-EL4,30070-EL4-S,Adult Sleep,S AU sleepwear,S AU LJ top,Sleep,Adult,,1,30070,EL4
30070-EL4,30070-EL4-XL,Adult Sleep,S AU sleepwear,S AU LJ top,Sleep,Adult,,1,30070,EL4
30070-EL4,30070-EL4-XS,Adult Sleep,S AU sleepwear,S AU LJ top,Sleep,Adult,,1,30070,EL4
30070-EL4,30070-EL4-XXL,Adult Sleep,S AU sleepwear,S AU LJ top,Sleep,Adult,,1,30070,EL4
30070-EL5,30070-EL5-L,Adult Sleep,S AU sleepwear,S AU LJ top,Sleep,Adult,,1,30070,EL5
30070-EL5,30070-EL5-M,Adult Sleep,S AU sleepwear,S AU LJ top,Sleep,Adult,,1,30070,EL5
30070-EL5,30070-EL5-S,Adult Sleep,S AU sleepwear,S AU LJ top,Sleep,Adult,,1,30070,EL5
30070-EL5,30070-EL5-XL,Adult Sleep,S AU sleepwear,S AU LJ top,Sleep,Adult,,1,30070,EL5
30070-EL5,30070-EL5-XS,Adult Sleep,S AU sleepwear,S AU LJ top,Sleep,Adult,,1,30070,EL5
30070-EL5,30070-EL5-XXL,Adult Sleep,S AU sleepwear,S AU LJ top,Sleep,Adult,,1,30070,EL5
30070-EL6,30070-EL6-L,Adult Sleep,S AU sleepwear,S AU LJ top,Sleep,Adult,,1,30070,EL6
30070-EL6,30070-EL6-M,Adult Sleep,S AU sleepwear,S AU LJ top,Sleep,Adult,,1,30070,EL6
30070-EL6,30070-EL6-S,Adult Sleep,S AU sleepwear,S AU LJ top,Sleep,Adult,,1,30070,EL6
30070-EL6,30070-EL6-XL,Adult Sleep,S AU sleepwear,S AU LJ top,Sleep,Adult,,1,30070,EL6
30070-EL6,30070-EL6-XS,Adult Sleep,S AU sleepwear,S AU LJ top,Sleep,Adult,,1,30070,EL6
30070-EL6,30070-EL6-XXL,Adult Sleep,S AU sleepwear,S AU LJ top,Sleep,Adult,,1,30070,EL6
30070-EL7,30070-EL7-L,Adult Sleep,S AU sleepwear,S AU LJ top,Sleep,Adult,,1,30070,EL7
30070-EL7,30070-EL7-M,Adult Sleep,S AU sleepwear,S AU LJ top,Sleep,Adult,,1,30070,EL7
30070-EL7,30070-EL7-S,Adult Sleep,S AU sleepwear,S AU LJ top,Sleep,Adult,,1,30070,EL7
30070-EL7,30070-EL7-XL,Adult Sleep,S AU sleepwear,S AU LJ top,Sleep,Adult,,1,30070,EL7
30070-EL7,30070-EL7-XS,Adult Sleep,S AU sleepwear,S AU LJ top,Sleep,Adult,,1,30070,EL7
30070-EL7,30070-EL7-XXL,Adult Sleep,S AU sleepwear,S AU LJ top,Sleep,Adult,,1,30070,EL7
30070-FS2,30070-FS2-L,Adult Sleep,S AU sleepwear,S AU LJ top,Sleep,Adult,,1,30070,FS2
30070-FS2,30070-FS2-M,Adult Sleep,S AU sleepwear,S AU LJ top,Sleep,Adult,,1,30070,FS2
30070-FS2,30070-FS2-S,Adult Sleep,S AU sleepwear,S AU LJ top,Sleep,Adult,,1,30070,FS2
30070-FS2,30070-FS2-XL,Adult Sleep,S AU sleepwear,S AU LJ top,Sleep,Adult,,1,30070,FS2
30070-FS2,30070-FS2-XS,Adult Sleep,S AU sleepwear,S AU LJ top,Sleep,Adult,,1,30070,FS2
30070-FS2,30070-FS2-XXL,Adult Sleep,S AU sleepwear,S AU LJ top,Sleep,Adult,,1,30070,FS2
30070-FS3,30070-FS3-L,Adult Sleep,S AU sleepwear,S AU LJ top,Sleep,Adult,,1,30070,FS3
30070-FS3,30070-FS3-M,Adult Sleep,S AU sleepwear,S AU LJ top,Sleep,Adult,,1,30070,FS3
30070-FS3,30070-FS3-S,Adult Sleep,S AU sleepwear,S AU LJ top,Sleep,Adult,,1,30070,FS3
30070-FS3,30070-FS3-XL,Adult Sleep,S AU sleepwear,S AU LJ top,Sleep,Adult,,1,30070,FS3
30070-FS3,30070-FS3-XS,Adult Sleep,S AU sleepwear,S AU LJ top,Sleep,Adult,,1,30070,FS3
30070-FS3,30070-FS3-XXL,Adult Sleep,S AU sleepwear,S AU LJ top,Sleep,Adult,,1,30070,FS3
30070-GK6,30070-GK6-L,Adult Sleep,S AU sleepwear,S AU LJ top,Sleep,Adult,,1,30070,GK6
30070-GK6,30070-GK6-M,Adult Sleep,S AU sleepwear,S AU LJ top,Sleep,Adult,,1,30070,GK6
30070-GK6,30070-GK6-S,Adult Sleep,S AU sleepwear,S AU LJ top,Sleep,Adult,,1,30070,GK6
30070-GK6,30070-GK6-XL,Adult Sleep,S AU sleepwear,S AU LJ top,Sleep,Adult,,1,30070,GK6
30070-GK6,30070-GK6-XS,Adult Sleep,S AU sleepwear,S AU LJ top,Sleep,Adult,,1,30070,GK6
30070-GK6,30070-GK6-XXL,Adult Sleep,S AU sleepwear,S AU LJ top,Sleep,Adult,,1,30070,GK6
30070-GK9,30070-GK9-L,Adult Sleep,S AU sleepwear,S AU LJ top,Sleep,Adult,,1,30070,GK9
30070-GK9,30070-GK9-M,Adult Sleep,S AU sleepwear,S AU LJ top,Sleep,Adult,,1,30070,GK9
30070-GK9,30070-GK9-S,Adult Sleep,S AU sleepwear,S AU LJ top,Sleep,Adult,,1,30070,GK9
30070-GK9,30070-GK9-XL,Adult Sleep,S AU sleepwear,S AU LJ top,Sleep,Adult,,1,30070,GK9
30070-GK9,30070-GK9-XS,Adult Sleep,S AU sleepwear,S AU LJ top,Sleep,Adult,,1,30070,GK9
30070-GK9,30070-GK9-XXL,Adult Sleep,S AU sleepwear,S AU LJ top,Sleep,Adult,,1,30070,GK9
30070-GM5,30070-GM5-L,Adult Sleep,S AU sleepwear,S AU LJ top,Sleep,Adult,,1,30070,GM5
30070-GM5,30070-GM5-M,Adult Sleep,S AU sleepwear,S AU LJ top,Sleep,Adult,,1,30070,GM5
30070-GM5,30070-GM5-S,Adult Sleep,S AU sleepwear,S AU LJ top,Sleep,Adult,,1,30070,GM5
30070-GM5,30070-GM5-XL,Adult Sleep,S AU sleepwear,S AU LJ top,Sleep,Adult,,1,30070,GM5
30070-GM5,30070-GM5-XS,Adult Sleep,S AU sleepwear,S AU LJ top,Sleep,Adult,,1,30070,GM5
30070-GM5,30070-GM5-XXL,Adult Sleep,S AU sleepwear,S AU LJ top,Sleep,Adult,,1,30070,GM5
30070-GN1,30070-GN1-L,Adult Sleep,S AU sleepwear,S AU LJ top,Sleep,Adult,1/16/2024,1,30070,GN1
30070-GN1,30070-GN1-M,Adult Sleep,S AU sleepwear,S AU LJ top,Sleep,Adult,1/16/2024,1,30070,GN1
30070-GN1,30070-GN1-S,Adult Sleep,S AU sleepwear,S AU LJ top,Sleep,Adult,1/16/2024,1,30070,GN1
30070-GN1,30070-GN1-XL,Adult Sleep,S AU sleepwear,S AU LJ top,Sleep,Adult,1/16/2024,1,30070,GN1
30070-GN1,30070-GN1-XS,Adult Sleep,S AU sleepwear,S AU LJ top,Sleep,Adult,1/16/2024,1,30070,GN1
30070-GN1,30070-GN1-XXL,Adult Sleep,S AU sleepwear,S AU LJ top,Sleep,Adult,1/16/2024,1,30070,GN1
30070-GP1,30070-GP1-L,Adult Sleep,S AU sleepwear,S AU LJ top,Sleep,Adult,,1,30070,GP1
30070-GP1,30070-GP1-M,Adult Sleep,S AU sleepwear,S AU LJ top,Sleep,Adult,,1,30070,GP1
30070-GP1,30070-GP1-S,Adult Sleep,S AU sleepwear,S AU LJ top,Sleep,Adult,,1,30070,GP1
30070-GP1,30070-GP1-XL,Adult Sleep,S AU sleepwear,S AU LJ top,Sleep,Adult,,1,30070,GP1
30070-GP1,30070-GP1-XS,Adult Sleep,S AU sleepwear,S AU LJ top,Sleep,Adult,,1,30070,GP1
30070-GP1,30070-GP1-XXL,Adult Sleep,S AU sleepwear,S AU LJ top,Sleep,Adult,,1,30070,GP1
30070-GY3,30070-GY3-L,Adult Sleep,S AU sleepwear,S AU LJ top,Sleep,Adult,,1,30070,GY3
30070-GY3,30070-GY3-M,Adult Sleep,S AU sleepwear,S AU LJ top,Sleep,Adult,,1,30070,GY3
30070-GY3,30070-GY3-S,Adult Sleep,S AU sleepwear,S AU LJ top,Sleep,Adult,,1,30070,GY3
30070-GY3,30070-GY3-XL,Adult Sleep,S AU sleepwear,S AU LJ top,Sleep,Adult,,1,30070,GY3
30070-GY3,30070-GY3-XS,Adult Sleep,S AU sleepwear,S AU LJ top,Sleep,Adult,,1,30070,GY3
30070-GY3,30070-GY3-XXL,Adult Sleep,S AU sleepwear,S AU LJ top,Sleep,Adult,,1,30070,GY3
30070-H74,30070-H74-L,Adult Sleep,S AU sleepwear,S AU LJ top,Sleep,Adult,,1,30070,H74
30070-H74,30070-H74-M,Adult Sleep,S AU sleepwear,S AU LJ top,Sleep,Adult,,1,30070,H74
30070-H74,30070-H74-S,Adult Sleep,S AU sleepwear,S AU LJ top,Sleep,Adult,,1,30070,H74
30070-H74,30070-H74-XL,Adult Sleep,S AU sleepwear,S AU LJ top,Sleep,Adult,,1,30070,H74
